-- =========================================================
-- SEED.SQL (INSERTS ONLY) - matches STREAMING SYSTEM V1
-- Generated (UTC): 2026-02-25 12:03:26
-- =========================================================

BEGIN;

-- Optional wipe (UNCOMMENT if you want a clean DB)
-- TRUNCATE TABLE receipt, payment, paymentmethod, subscription, plan, content_has_personnel, genre_has_content, content_has_list, review, episode, season, shows, movie, content, lists, profile, users, accounts RESTART IDENTITY CASCADE;

-- =========================================================
-- ACCOUNT / USER / PROFILES / LISTS
-- =========================================================

INSERT INTO accounts (account_id, firstname, lastname, phonenumber, mail) VALUES (1, 'Test', 'User', '12345678', 'testuser@example.com');

INSERT INTO users (users_id, username, password, accounts_account_id) VALUES (1, 'testuser', '$2a$10$u1c5c0cQdK9ZxB2H0C8q1e5o9jvG2q5dWzqJfQqf9mQxqJf5cQ9l2', 1);

INSERT INTO profile (profile_id, profilename, accounts_account_id) VALUES
(1, 'Umair', 1),
(2, 'Family', 1),
(3, 'Kids', 1);

INSERT INTO lists (list_id, listname, profile_profile_id) VALUES
(1, 'Watchlist', 1),
(2, 'Favorites', 1),
(3, 'Watchlist', 2),
(4, 'Favorites', 2),
(5, 'Watchlist', 3),
(6, 'Favorites', 3);

-- =========================================================
-- PLAN / SUBSCRIPTION / PAYMENTMETHOD / PAYMENT / RECEIPT
-- =========================================================

INSERT INTO plan (plan_id, name, description, price, currency, active) VALUES
(1, 'STANDARD', 'Standard plan', 99.00, 'DKK', TRUE),
(2, 'PREMIUM',  'Premium plan', 999.00, 'DKK', TRUE);

INSERT INTO subscription (subscription_id, startdate, enddate, next_bill_date, status, accounts_account_id, plan_plan_id) VALUES
(1, CURRENT_DATE - 20, CURRENT_DATE + 10, CURRENT_DATE + 10, 'ACTIVE', 1, 1),
(2, CURRENT_DATE - 60, CURRENT_DATE - 10, CURRENT_DATE - 10, 'EXPIRED', 1, 1);

INSERT INTO paymentmethod (paymentmethod_id, card_number, expiration_month, expiration_year, cvc, type, default_paymentmethod, accounts_account_id) VALUES
(1, '4242 4242 4242 4242', 12, 2030, '123', 'CARD', TRUE, 1),
(2, NULL, NULL, NULL, NULL, 'MOBILEPAY', FALSE, 1);

INSERT INTO payment (payment_id, price, currency, created_at, status, subscription_subscription_id, paymentmethod_paymentmethod_id) VALUES
(1, 99.00, 'DKK', NOW() - INTERVAL '20 days', 'PAID', 1, 1),
(2, 99.00, 'DKK', NOW() - INTERVAL '1 days',  'FAILED', 1, 2);

INSERT INTO receipt (receipt_id, receipt_number, price, paydate, payment_payment_id) VALUES
(1, '123456789123', 99.00, NOW() - INTERVAL '20 days', 1);

-- =========================================================
-- CONTENT + MOVIES + SHOWS + SEASONS + EPISODES
-- =========================================================

INSERT INTO content (content_id, originaltitle, title, description, rating, releasedate, thumbnail, type) VALUES (1, 'The Shawshank Redemption', 'The Shawshank Redemption', 'Two imprisoned men bond over a number of years, finding solace and eventual redemption through acts of common decency.', 9.3, '1994-01-01', 'https://m.media-amazon.com/images/M/MV5BMDFkYTc0MGEtZmNhMC00ZDIzLWFmNTEtODM1ZmRlYWMwMWFmXkEyXkFqcGdeQXVyMTMxODk2OTU@._V1_SX300.jpg', 'MOVIE');
INSERT INTO movie (movie_id, duration, content_content_id) VALUES (1, 142, 1);
INSERT INTO content (content_id, originaltitle, title, description, rating, releasedate, thumbnail, type) VALUES (2, 'The Godfather', 'The Godfather', 'The aging patriarch of an organized crime dynasty in postwar New York City transfers control of his clandestine empire to his reluctant youngest son.', 9.2, '1972-01-01', 'https://m.media-amazon.com/images/M/MV5BM2MyNjYxNmUtYTAwNi00MTYxLWJmNWYtYzZlODY3ZTk3OTFlXkEyXkFqcGdeQXVyNzkwMjQ5NzM@._V1_SX300.jpg', 'MOVIE');
INSERT INTO movie (movie_id, duration, content_content_id) VALUES (2, 175, 2);
INSERT INTO content (content_id, originaltitle, title, description, rating, releasedate, thumbnail, type) VALUES (3, 'The Dark Knight', 'The Dark Knight', 'When the menace known as the Joker wreaks havoc and chaos on the people of Gotham, Batman must accept one of the greatest psychological and physical tests of his ability to fight injustice.', 9.1, '2008-01-01', 'https://m.media-amazon.com/images/M/MV5BMTMxNTMwODM0NF5BMl5BanBnXkFtZTcwODAyMTk2Mw@@._V1_SX300.jpg', 'MOVIE');
INSERT INTO movie (movie_id, duration, content_content_id) VALUES (3, 152, 3);
INSERT INTO content (content_id, originaltitle, title, description, rating, releasedate, thumbnail, type) VALUES (4, 'The Godfather: Part II', 'The Godfather: Part II', 'The early life and career of Vito Corleone in 1920s New York City is portrayed, while his son, Michael, expands and tightens his grip on the family crime syndicate.', 9.0, '1974-01-01', 'https://m.media-amazon.com/images/M/MV5BMWMwMGQzZTItY2JlNC00OWZiLWIyMDctNDk2ZDQ2YjRjMWQ0XkEyXkFqcGdeQXVyNzkwMjQ5NzM@._V1_SX300.jpg', 'MOVIE');
INSERT INTO movie (movie_id, duration, content_content_id) VALUES (4, 202, 4);
INSERT INTO content (content_id, originaltitle, title, description, rating, releasedate, thumbnail, type) VALUES (5, '12 Angry Men', '12 Angry Men', 'The jury in a New York City murder trial is frustrated by a single member whose skeptical caution forces them to more carefully consider the evidence before jumping to a hasty verdict.', 9.0, '1957-01-01', 'https://m.media-amazon.com/images/M/MV5BMWU4N2FjNzYtNTVkNC00NzQ0LTg0MjAtYTJlMjFhNGUxZDFmXkEyXkFqcGdeQXVyNjc1NTYyMjg@._V1_SX300.jpg', 'MOVIE');
INSERT INTO movie (movie_id, duration, content_content_id) VALUES (5, 96, 5);
INSERT INTO content (content_id, originaltitle, title, description, rating, releasedate, thumbnail, type) VALUES (6, 'Schindler''s List', 'Schindler''s List', 'In German-occupied Poland during World War II, industrialist Oskar Schindler gradually becomes concerned for his Jewish workforce after witnessing their persecution by the Nazis.', 8.9, '1993-01-01', 'https://m.media-amazon.com/images/M/MV5BNDE4OTMxMTctNmRhYy00NWE2LTg3YzItYTk3M2UwOTU5Njg4XkEyXkFqcGdeQXVyNjU0OTQ0OTY@._V1_SX300.jpg', 'MOVIE');
INSERT INTO movie (movie_id, duration, content_content_id) VALUES (6, 195, 6);
INSERT INTO content (content_id, originaltitle, title, description, rating, releasedate, thumbnail, type) VALUES (7, 'The Lord of the Rings: The Return of the King', 'The Lord of the Rings: The Return of the King', 'Gandalf and Aragorn lead the World of Men against Sauron''s army to draw his gaze from Frodo and Sam as they approach Mount Doom with the One Ring.', 9.0, '2003-01-01', 'https://m.media-amazon.com/images/M/MV5BNzA5ZDNlZWMtM2NhNS00NDJjLTk4NDItYTRmY2EwMWZlMTY3XkEyXkFqcGdeQXVyNzkwMjQ5NzM@._V1_SX300.jpg', 'MOVIE');
INSERT INTO movie (movie_id, duration, content_content_id) VALUES (7, 201, 7);
INSERT INTO content (content_id, originaltitle, title, description, rating, releasedate, thumbnail, type) VALUES (8, 'Pulp Fiction', 'Pulp Fiction', 'The lives of two mob hitmen, a boxer, a gangster and his wife, and a pair of diner bandits intertwine in four tales of violence and redemption.', 8.9, '1994-01-01', 'https://m.media-amazon.com/images/M/MV5BNGNhMDIzZTUtNTBlZi00MTRlLWFjM2ItYzViMjE3YzI5MjljXkEyXkFqcGdeQXVyNzkwMjQ5NzM@._V1_SX300.jpg', 'MOVIE');
INSERT INTO movie (movie_id, duration, content_content_id) VALUES (8, 154, 8);
INSERT INTO content (content_id, originaltitle, title, description, rating, releasedate, thumbnail, type) VALUES (9, 'The Lord of the Rings: The Fellowship of the Ring', 'The Lord of the Rings: The Fellowship of the Ring', 'A meek Hobbit from the Shire and eight companions set out on a journey to destroy the powerful One Ring and save Middle-earth from the Dark Lord Sauron.', 8.8, '2001-01-01', 'https://m.media-amazon.com/images/M/MV5BN2EyZjM3NzUtNWUzMi00MTgxLWI0NTctMzY4M2VlOTdjZWRiXkEyXkFqcGdeQXVyNDUzOTQ5MjY@._V1_SX300.jpg', 'MOVIE');
INSERT INTO movie (movie_id, duration, content_content_id) VALUES (9, 178, 9);
INSERT INTO content (content_id, originaltitle, title, description, rating, releasedate, thumbnail, type) VALUES (10, 'The Good, the Bad and the Ugly', 'The Good, the Bad and the Ugly', 'A bounty hunting scam joins two men in an uneasy alliance against a third in a race to find a fortune in gold buried in a remote cemetery.', 8.8, '1966-01-01', 'https://m.media-amazon.com/images/M/MV5BNjJlYmNkZGItM2NhYy00MjlmLTk5NmQtNjg1NmM2ODU4OTMwXkEyXkFqcGdeQXVyMjUzOTY1NTc@._V1_SX300.jpg', 'MOVIE');
INSERT INTO movie (movie_id, duration, content_content_id) VALUES (10, 178, 10);
INSERT INTO content (content_id, originaltitle, title, description, rating, releasedate, thumbnail, type) VALUES (11, 'Forrest Gump', 'Forrest Gump', 'The presidencies of Kennedy and Johnson, the Vietnam War, the Watergate scandal and other historical events unfold from the perspective of an Alabama man with an IQ of 75, whose only desire is to be reunited with his childhood sweeth', 8.8, '1994-01-01', 'https://m.media-amazon.com/images/M/MV5BNWIwODRlZTUtY2U3ZS00Yzg1LWJhNzYtMmZiYmEyNmU1NjMzXkEyXkFqcGdeQXVyMTQxNzMzNDI@._V1_SX300.jpg', 'MOVIE');
INSERT INTO movie (movie_id, duration, content_content_id) VALUES (11, 142, 11);
INSERT INTO content (content_id, originaltitle, title, description, rating, releasedate, thumbnail, type) VALUES (12, 'Fight Club', 'Fight Club', 'An insomniac office worker and a devil-may-care soap maker form an underground fight club that evolves into much more.', 8.8, '1999-01-01', 'https://m.media-amazon.com/images/M/MV5BNDIzNDU0YzEtYzE5Ni00ZjlkLTk5ZjgtNjM3NWE4YzA3Nzk3XkEyXkFqcGdeQXVyMjUzOTY1NTc@._V1_SX300.jpg', 'MOVIE');
INSERT INTO movie (movie_id, duration, content_content_id) VALUES (12, 139, 12);
INSERT INTO content (content_id, originaltitle, title, description, rating, releasedate, thumbnail, type) VALUES (13, 'Inception', 'Inception', 'A thief who steals corporate secrets through the use of dream-sharing technology is given the inverse task of planting an idea into the mind of a C.E.O., but his tragic past may doom the project and his team to disaster.', 8.8, '2010-01-01', 'https://m.media-amazon.com/images/M/MV5BMjAxMzY3NjcxNF5BMl5BanBnXkFtZTcwNTI5OTM0Mw@@._V1_SX300.jpg', 'MOVIE');
INSERT INTO movie (movie_id, duration, content_content_id) VALUES (13, 148, 13);
INSERT INTO content (content_id, originaltitle, title, description, rating, releasedate, thumbnail, type) VALUES (14, 'The Lord of the Rings: The Two Towers', 'The Lord of the Rings: The Two Towers', 'While Frodo and Sam edge closer to Mordor with the help of the shifty Gollum, the divided fellowship makes a stand against Sauron''s new ally, Saruman, and his hordes of Isengard.', 8.7, '2002-01-01', 'https://m.media-amazon.com/images/M/MV5BZGMxZTdjZmYtMmE2Ni00ZTdkLWI5NTgtNjlmMjBiNzU2MmI5XkEyXkFqcGdeQXVyNjU0OTQ0OTY@._V1_SX300.jpg', 'MOVIE');
INSERT INTO movie (movie_id, duration, content_content_id) VALUES (14, 179, 14);
INSERT INTO content (content_id, originaltitle, title, description, rating, releasedate, thumbnail, type) VALUES (15, 'Star Wars: Episode V - The Empire Strikes Back', 'Star Wars: Episode V - The Empire Strikes Back', 'After the Rebels are brutally overpowered by the Empire on the ice planet Hoth, Luke Skywalker begins Jedi training with Yoda, while his friends are pursued across the galaxy by Darth Vader and bounty hunter Boba Fett.', 8.7, '1980-01-01', 'https://m.media-amazon.com/images/M/MV5BYmU1NDRjNDgtMzhiMi00NjZmLTg5NGItZDNiZjU5NTU4OTE0XkEyXkFqcGdeQXVyNzkwMjQ5NzM@._V1_SX300.jpg', 'MOVIE');
INSERT INTO movie (movie_id, duration, content_content_id) VALUES (15, 124, 15);
INSERT INTO content (content_id, originaltitle, title, description, rating, releasedate, thumbnail, type) VALUES (16, 'The Matrix', 'The Matrix', 'When a beautiful stranger leads computer hacker Neo to a forbidding underworld, he discovers the shocking truth--the life he knows is the elaborate deception of an evil cyber-intelligence.', 8.7, '1999-01-01', 'https://m.media-amazon.com/images/M/MV5BNzQzOTk3OTAtNDQ0Zi00ZTVkLWI0MTEtMDllZjNkYzNjNTc4L2ltYWdlXkEyXkFqcGdeQXVyNjU0OTQ0OTY@._V1_SX300.jpg', 'MOVIE');
INSERT INTO movie (movie_id, duration, content_content_id) VALUES (16, 136, 16);
INSERT INTO content (content_id, originaltitle, title, description, rating, releasedate, thumbnail, type) VALUES (17, 'Goodfellas', 'Goodfellas', 'The story of Henry Hill and his life in the mob, covering his relationship with his wife Karen Hill and his mob partners Jimmy Conway and Tommy DeVito in the Italian-American crime syndicate.', 8.7, '1990-01-01', 'https://m.media-amazon.com/images/M/MV5BY2NkZjEzMDgtN2RjYy00YzM1LWI4ZmQtMjIwYjFjNmI3ZGEwXkEyXkFqcGdeQXVyNzkwMjQ5NzM@._V1_SX300.jpg', 'MOVIE');
INSERT INTO movie (movie_id, duration, content_content_id) VALUES (17, 145, 17);
INSERT INTO content (content_id, originaltitle, title, description, rating, releasedate, thumbnail, type) VALUES (18, 'One Flew Over the Cuckoo''s Nest', 'One Flew Over the Cuckoo''s Nest', 'A criminal pleads insanity and is admitted to a mental institution, where he rebels against the oppressive nurse and rallies up the scared patients.', 8.7, '1975-01-01', 'https://m.media-amazon.com/images/M/MV5BZjA0OWVhOTAtYWQxNi00YzNhLWI4ZjYtNjFjZTEyYjJlNDVlL2ltYWdlL2ltYWdlXkEyXkFqcGdeQXVyMTQxNzMzNDI@._V1_SX300.jpg', 'MOVIE');
INSERT INTO movie (movie_id, duration, content_content_id) VALUES (18, 133, 18);
INSERT INTO content (content_id, originaltitle, title, description, rating, releasedate, thumbnail, type) VALUES (19, 'Se7en', 'Se7en', 'Two detectives, a rookie and a veteran, hunt a serial killer who uses the seven deadly sins as his motives.', 8.6, '1995-01-01', 'https://m.media-amazon.com/images/M/MV5BOTUwODM5MTctZjczMi00OTk4LTg3NWUtNmVhMTAzNTNjYjcyXkEyXkFqcGdeQXVyNjU0OTQ0OTY@._V1_SX300.jpg', 'MOVIE');
INSERT INTO movie (movie_id, duration, content_content_id) VALUES (19, 127, 19);
INSERT INTO content (content_id, originaltitle, title, description, rating, releasedate, thumbnail, type) VALUES (20, 'Seven Samurai', 'Seven Samurai', 'A poor village under attack by bandits recruits seven unemployed samurai to help them defend themselves.', 8.6, '1954-01-01', 'https://m.media-amazon.com/images/M/MV5BOWE4ZDdhNmMtNzE5ZC00NzExLTlhNGMtY2ZhYjYzODEzODA1XkEyXkFqcGdeQXVyNTAyODkwOQ@@._V1_SX300.jpg', 'MOVIE');
INSERT INTO movie (movie_id, duration, content_content_id) VALUES (20, 207, 20);
INSERT INTO content (content_id, originaltitle, title, description, rating, releasedate, thumbnail, type) VALUES (21, 'It''s a Wonderful Life', 'It''s a Wonderful Life', 'An angel is sent from Heaven to help a desperately frustrated businessman by showing him what life would have been like if he had never existed.', 8.7, '1946-01-01', 'https://m.media-amazon.com/images/M/MV5BZjc4NDZhZWMtNGEzYS00ZWU2LThlM2ItNTA0YzQ0OTExMTE2XkEyXkFqcGdeQXVyNjUwMzI2NzU@._V1_SX300.jpg', 'MOVIE');
INSERT INTO movie (movie_id, duration, content_content_id) VALUES (21, 130, 21);
INSERT INTO content (content_id, originaltitle, title, description, rating, releasedate, thumbnail, type) VALUES (22, 'The Silence of the Lambs', 'The Silence of the Lambs', 'A young F.B.I. cadet must receive the help of an incarcerated and manipulative cannibal killer to help catch another serial killer, a madman who skins his victims.', 8.6, '1991-01-01', 'https://m.media-amazon.com/images/M/MV5BNjNhZTk0ZmEtNjJhMi00YzFlLWE1MmEtYzM1M2ZmMGMwMTU4XkEyXkFqcGdeQXVyNjU0OTQ0OTY@._V1_SX300.jpg', 'MOVIE');
INSERT INTO movie (movie_id, duration, content_content_id) VALUES (22, 118, 22);
INSERT INTO content (content_id, originaltitle, title, description, rating, releasedate, thumbnail, type) VALUES (23, 'Saving Private Ryan', 'Saving Private Ryan', 'Following the Normandy Landings, a group of U.S. soldiers go behind enemy lines to retrieve a paratrooper whose brothers have been killed in action.', 8.6, '1998-01-01', 'https://m.media-amazon.com/images/M/MV5BZjhkMDM4MWItZTVjOC00ZDRhLThmYTAtM2I5NzBmNmNlMzI1XkEyXkFqcGdeQXVyNDYyMDk5MTU@._V1_SX300.jpg', 'MOVIE');
INSERT INTO movie (movie_id, duration, content_content_id) VALUES (23, 169, 23);
INSERT INTO content (content_id, originaltitle, title, description, rating, releasedate, thumbnail, type) VALUES (24, 'City of God', 'City of God', 'In the slums of Rio, two kids'' paths diverge as one struggles to become a photographer and the other a kingpin.', 8.6, '2002-01-01', 'https://m.media-amazon.com/images/M/MV5BOTMwYjc5ZmItYTFjZC00ZGQ3LTlkNTMtMjZiNTZlMWQzNzI5XkEyXkFqcGdeQXVyNzkwMjQ5NzM@._V1_SX300.jpg', 'MOVIE');
INSERT INTO movie (movie_id, duration, content_content_id) VALUES (24, 130, 24);
INSERT INTO content (content_id, originaltitle, title, description, rating, releasedate, thumbnail, type) VALUES (25, 'Life Is Beautiful', 'Life Is Beautiful', 'When an open-minded Jewish waiter and his son become victims of the Holocaust, he uses a perfect mixture of will, humor, and imagination to protect his son from the dangers around their camp.', 8.6, '1997-01-01', 'https://m.media-amazon.com/images/M/MV5BYmJmM2Q4NmMtYThmNC00ZjRlLWEyZmItZTIwOTBlZDQ3NTQ1XkEyXkFqcGdeQXVyMTQxNzMzNDI@._V1_SX300.jpg', 'MOVIE');
INSERT INTO movie (movie_id, duration, content_content_id) VALUES (25, 116, 25);
INSERT INTO content (content_id, originaltitle, title, description, rating, releasedate, thumbnail, type) VALUES (26, 'The Green Mile', 'The Green Mile', 'The lives of guards on Death Row are affected by one of their charges: a black man accused of child murder and rape, yet who has a mysterious gift.', 8.6, '1999-01-01', 'https://m.media-amazon.com/images/M/MV5BMTUxMzQyNjA5MF5BMl5BanBnXkFtZTYwOTU2NTY3._V1_SX300.jpg', 'MOVIE');
INSERT INTO movie (movie_id, duration, content_content_id) VALUES (26, 189, 26);
INSERT INTO content (content_id, originaltitle, title, description, rating, releasedate, thumbnail, type) VALUES (27, 'Star Wars', 'Star Wars', 'Luke Skywalker joins forces with a Jedi Knight, a cocky pilot, a Wookiee and two droids to save the galaxy from the Empire''s world-destroying battle station, while also attempting to rescue Princess Leia from the mysterious Darth Vad', 8.6, '1977-01-01', 'https://m.media-amazon.com/images/M/MV5BNzVlY2MwMjktM2E4OS00Y2Y3LWE3ZjctYzhkZGM3YzA1ZWM2XkEyXkFqcGdeQXVyNzkwMjQ5NzM@._V1_SX300.jpg', 'MOVIE');
INSERT INTO movie (movie_id, duration, content_content_id) VALUES (27, 121, 27);
INSERT INTO content (content_id, originaltitle, title, description, rating, releasedate, thumbnail, type) VALUES (28, 'Interstellar', 'Interstellar', 'A team of explorers travel through a wormhole in space in an attempt to ensure humanity''s survival.', 8.7, '2014-01-01', 'https://m.media-amazon.com/images/M/MV5BZjdkOTU3MDktN2IxOS00OGEyLWFmMjktY2FiMmZkNWIyODZiXkEyXkFqcGdeQXVyMTMxODk2OTU@._V1_SX300.jpg', 'MOVIE');
INSERT INTO movie (movie_id, duration, content_content_id) VALUES (28, 169, 28);
INSERT INTO content (content_id, originaltitle, title, description, rating, releasedate, thumbnail, type) VALUES (29, 'Terminator 2: Judgment Day', 'Terminator 2: Judgment Day', 'A cyborg, identical to the one who failed to kill Sarah Connor, must now protect her ten-year-old son John from a more advanced and powerful cyborg.', 8.6, '1991-01-01', 'https://m.media-amazon.com/images/M/MV5BMGU2NzRmZjUtOGUxYS00ZjdjLWEwZWItY2NlM2JhNjkxNTFmXkEyXkFqcGdeQXVyNjU0OTQ0OTY@._V1_SX300.jpg', 'MOVIE');
INSERT INTO movie (movie_id, duration, content_content_id) VALUES (29, 137, 29);
INSERT INTO content (content_id, originaltitle, title, description, rating, releasedate, thumbnail, type) VALUES (30, 'Back to the Future', 'Back to the Future', 'Marty McFly, a 17-year-old high school student, is accidentally sent thirty years into the past in a time-traveling DeLorean invented by his close friend, the eccentric scientist Doc Brown.', 8.6, '1985-01-01', 'https://m.media-amazon.com/images/M/MV5BZmU0M2Y1OGUtZjIxNi00ZjBkLTg1MjgtOWIyNThiZWIwYjRiXkEyXkFqcGdeQXVyMTQxNzMzNDI@._V1_SX300.jpg', 'MOVIE');
INSERT INTO movie (movie_id, duration, content_content_id) VALUES (30, 116, 30);
INSERT INTO content (content_id, originaltitle, title, description, rating, releasedate, thumbnail, type) VALUES (31, 'Spirited Away', 'Spirited Away', 'During her family''s move to the suburbs, a sullen 10-year-old girl wanders into a world ruled by gods, witches, and spirits, and where humans are changed into beasts.', 8.6, '2001-01-01', 'https://m.media-amazon.com/images/M/MV5BMjlmZmI5MDctNDE2YS00YWE0LWE5ZWItZDBhYWQ0NTcxNWRhXkEyXkFqcGdeQXVyMTMxODk2OTU@._V1_SX300.jpg', 'MOVIE');
INSERT INTO movie (movie_id, duration, content_content_id) VALUES (31, 125, 31);
INSERT INTO content (content_id, originaltitle, title, description, rating, releasedate, thumbnail, type) VALUES (32, 'Psycho', 'Psycho', 'A Phoenix secretary embezzles $40,000 from her employer''s client, goes on the run, and checks into a remote motel run by a young man under the domination of his mother.', 8.5, '1960-01-01', 'https://m.media-amazon.com/images/M/MV5BNTQwNDM1YzItNDAxZC00NWY2LTk0M2UtNDIwNWI5OGUyNWUxXkEyXkFqcGdeQXVyNzkwMjQ5NzM@._V1_SX300.jpg', 'MOVIE');
INSERT INTO movie (movie_id, duration, content_content_id) VALUES (32, 109, 32);
INSERT INTO content (content_id, originaltitle, title, description, rating, releasedate, thumbnail, type) VALUES (33, 'The Pianist', 'The Pianist', 'A Polish Jewish musician struggles to survive the destruction of the Warsaw ghetto of World War II.', 8.6, '2002-01-01', 'https://m.media-amazon.com/images/M/MV5BOWRiZDIxZjktMTA1NC00MDQ2LWEzMjUtMTliZmY3NjQ3ODJiXkEyXkFqcGdeQXVyNjU0OTQ0OTY@._V1_SX300.jpg', 'MOVIE');
INSERT INTO movie (movie_id, duration, content_content_id) VALUES (33, 150, 33);
INSERT INTO content (content_id, originaltitle, title, description, rating, releasedate, thumbnail, type) VALUES (34, 'Léon: The Professional', 'Léon: The Professional', '12-year-old Mathilda is reluctantly taken in by Léon, a professional assassin, after her family is murdered. An unusual relationship forms as she becomes his protégée and learns the assassin''s trade.', 8.6, '1994-01-01', 'https://m.media-amazon.com/images/M/MV5BODllNWE0MmEtYjUwZi00ZjY3LThmNmQtZjZlMjI2YTZjYmQ0XkEyXkFqcGdeQXVyNTc1NTQxODI@._V1_SX300.jpg', 'MOVIE');
INSERT INTO movie (movie_id, duration, content_content_id) VALUES (34, 110, 34);
INSERT INTO content (content_id, originaltitle, title, description, rating, releasedate, thumbnail, type) VALUES (35, 'Parasite', 'Parasite', 'Greed and class discrimination threaten the newly formed symbiotic relationship between the wealthy Park family and the destitute Kim clan.', 8.5, '2019-01-01', 'https://m.media-amazon.com/images/M/MV5BYWZjMjk3ZTItODQ2ZC00NTY5LWE0ZDYtZTI3MjcwN2Q5NTVkXkEyXkFqcGdeQXVyODk4OTc3MTY@._V1_SX300.jpg', 'MOVIE');
INSERT INTO movie (movie_id, duration, content_content_id) VALUES (35, 132, 35);
INSERT INTO content (content_id, originaltitle, title, description, rating, releasedate, thumbnail, type) VALUES (36, 'The Lion King', 'The Lion King', 'Lion prince Simba and his father are targeted by his bitter uncle, who wants to ascend the throne himself.', 8.5, '1994-01-01', 'https://m.media-amazon.com/images/M/MV5BYTYxNGMyZTYtMjE3MS00MzNjLWFjNmYtMDk3N2FmM2JiM2M1XkEyXkFqcGdeQXVyNjY5NDU4NzI@._V1_SX300.jpg', 'MOVIE');
INSERT INTO movie (movie_id, duration, content_content_id) VALUES (36, 88, 36);
INSERT INTO content (content_id, originaltitle, title, description, rating, releasedate, thumbnail, type) VALUES (37, 'Gladiator', 'Gladiator', 'A former Roman General sets out to exact vengeance against the corrupt emperor who murdered his family and sent him into slavery.', 8.5, '2000-01-01', 'https://m.media-amazon.com/images/M/MV5BMDliMmNhNDEtODUyOS00MjNlLTgxODEtN2U3NzIxMGVkZTA1L2ltYWdlXkEyXkFqcGdeQXVyNjU0OTQ0OTY@._V1_SX300.jpg', 'MOVIE');
INSERT INTO movie (movie_id, duration, content_content_id) VALUES (37, 155, 37);
INSERT INTO content (content_id, originaltitle, title, description, rating, releasedate, thumbnail, type) VALUES (38, 'American History X', 'American History X', 'A former neo-nazi skinhead tries to prevent his younger brother from going down the same wrong path that he did.', 8.5, '1998-01-01', 'https://m.media-amazon.com/images/M/MV5BZTJhN2FkYWEtMGI0My00YWM4LWI2MjAtM2UwNjY4MTI2ZTQyXkEyXkFqcGdeQXVyNjc3MjQzNTI@._V1_SX300.jpg', 'MOVIE');
INSERT INTO movie (movie_id, duration, content_content_id) VALUES (38, 119, 38);
INSERT INTO content (content_id, originaltitle, title, description, rating, releasedate, thumbnail, type) VALUES (39, 'The Usual Suspects', 'The Usual Suspects', 'A sole survivor tells of the twisty events leading up to a horrific gun battle on a boat, which began when five criminals met at a seemingly random police lineup.', 8.5, '1995-01-01', 'https://m.media-amazon.com/images/M/MV5BYTViNjMyNmUtNDFkNC00ZDRlLThmMDUtZDU2YWE4NGI2ZjVmXkEyXkFqcGdeQXVyNjU0OTQ0OTY@._V1_SX300.jpg', 'MOVIE');
INSERT INTO movie (movie_id, duration, content_content_id) VALUES (39, 106, 39);
INSERT INTO content (content_id, originaltitle, title, description, rating, releasedate, thumbnail, type) VALUES (40, 'The Departed', 'The Departed', 'An undercover cop and a mole in the police attempt to identify each other while infiltrating an Irish gang in South Boston.', 8.5, '2006-01-01', 'https://m.media-amazon.com/images/M/MV5BMTI1MTY2OTIxNV5BMl5BanBnXkFtZTYwNjQ4NjY3._V1_SX300.jpg', 'MOVIE');
INSERT INTO movie (movie_id, duration, content_content_id) VALUES (40, 151, 40);
INSERT INTO content (content_id, originaltitle, title, description, rating, releasedate, thumbnail, type) VALUES (41, 'The Prestige', 'The Prestige', 'After a tragic accident, two stage magicians in 1890s London engage in a battle to create the ultimate illusion while sacrificing everything they have to outwit each other.', 8.5, '2006-01-01', 'https://m.media-amazon.com/images/M/MV5BMjA4NDI0MTIxNF5BMl5BanBnXkFtZTYwNTM0MzY2._V1_SX300.jpg', 'MOVIE');
INSERT INTO movie (movie_id, duration, content_content_id) VALUES (41, 130, 41);
INSERT INTO content (content_id, originaltitle, title, description, rating, releasedate, thumbnail, type) VALUES (42, 'Casablanca', 'Casablanca', 'A cynical expatriate American cafe owner struggles to decide whether or not to help his former lover and her fugitive husband escape the Nazis in French Morocco.', 8.5, '1942-01-01', 'https://m.media-amazon.com/images/M/MV5BY2IzZGY2YmEtYzljNS00NTM5LTgwMzUtMzM1NjQ4NGI0OTk0XkEyXkFqcGdeQXVyNDYyMDk5MTU@._V1_SX300.jpg', 'MOVIE');
INSERT INTO movie (movie_id, duration, content_content_id) VALUES (42, 102, 42);
INSERT INTO content (content_id, originaltitle, title, description, rating, releasedate, thumbnail, type) VALUES (43, 'Whiplash', 'Whiplash', 'A promising young drummer enrolls at a cut-throat music conservatory where his dreams of greatness are mentored by an instructor who will stop at nothing to realize a student''s potential.', 8.5, '2014-01-01', 'https://m.media-amazon.com/images/M/MV5BOTA5NDZlZGUtMjAxOS00YTRkLTkwYmMtYWQ0NWEwZDZiNjEzXkEyXkFqcGdeQXVyMTMxODk2OTU@._V1_SX300.jpg', 'MOVIE');
INSERT INTO movie (movie_id, duration, content_content_id) VALUES (43, 106, 43);
INSERT INTO content (content_id, originaltitle, title, description, rating, releasedate, thumbnail, type) VALUES (44, 'The Intouchables', 'The Intouchables', 'After he becomes a quadriplegic from a paragliding accident, an aristocrat hires a young man from the projects to be his caregiver.', 8.5, '2011-01-01', 'https://m.media-amazon.com/images/M/MV5BMTYxNDA3MDQwNl5BMl5BanBnXkFtZTcwNTU4Mzc1Nw@@._V1_SX300.jpg', 'MOVIE');
INSERT INTO movie (movie_id, duration, content_content_id) VALUES (44, 112, 44);
INSERT INTO content (content_id, originaltitle, title, description, rating, releasedate, thumbnail, type) VALUES (45, 'Modern Times', 'Modern Times', 'The Tramp struggles to live in modern industrial society with the help of a young homeless woman.', 8.5, '1936-01-01', 'https://m.media-amazon.com/images/M/MV5BYjJiZjMzYzktNjU0NS00OTkxLWEwYzItYzdhYWJjN2QzMTRlL2ltYWdlL2ltYWdlXkEyXkFqcGdeQXVyNjU0OTQ0OTY@._V1_SX300.jpg', 'MOVIE');
INSERT INTO movie (movie_id, duration, content_content_id) VALUES (45, 87, 45);
INSERT INTO content (content_id, originaltitle, title, description, rating, releasedate, thumbnail, type) VALUES (46, 'Once Upon a Time in the West', 'Once Upon a Time in the West', 'A mysterious stranger with a harmonica joins forces with a notorious desperado to protect a beautiful widow from a ruthless assassin working for the railroad.', 8.5, '1968-01-01', 'https://m.media-amazon.com/images/M/MV5BZGI5MjBmYzYtMzJhZi00NGI1LTk3MzItYjBjMzcxM2U3MDdiXkEyXkFqcGdeQXVyNzkwMjQ5NzM@._V1_SX300.jpg', 'MOVIE');
INSERT INTO movie (movie_id, duration, content_content_id) VALUES (46, 165, 46);
INSERT INTO content (content_id, originaltitle, title, description, rating, releasedate, thumbnail, type) VALUES (47, 'Hara-Kiri', 'Hara-Kiri', 'When a ronin requesting seppuku at a feudal lord''s palace is told of the brutal suicide of another ronin who previously visited, he reveals how their pasts are intertwined - and in doing so challenges the clan''s integrity.', 8.6, '1962-01-01', 'https://m.media-amazon.com/images/M/MV5BYjBmYTQ1NjItZWU5MS00YjI0LTg2OTYtYmFkN2JkMmNiNWVkXkEyXkFqcGdeQXVyMTMxMTY0OTQ@._V1_SX300.jpg', 'MOVIE');
INSERT INTO movie (movie_id, duration, content_content_id) VALUES (47, 133, 47);
INSERT INTO content (content_id, originaltitle, title, description, rating, releasedate, thumbnail, type) VALUES (48, 'Grave of the Fireflies', 'Grave of the Fireflies', 'A young boy and his little sister struggle to survive in Japan during World War II.', 8.5, '1988-01-01', 'https://m.media-amazon.com/images/M/MV5BZmY2NjUzNDQtNTgxNC00M2Q4LTljOWQtMjNjNDBjNWUxNmJlXkEyXkFqcGdeQXVyNTA4NzY1MzY@._V1_SX300.jpg', 'MOVIE');
INSERT INTO movie (movie_id, duration, content_content_id) VALUES (48, 89, 48);
INSERT INTO content (content_id, originaltitle, title, description, rating, releasedate, thumbnail, type) VALUES (49, 'Alien', 'Alien', 'The crew of a commercial spacecraft encounter a deadly lifeform after investigating an unknown transmission.', 8.5, '1979-01-01', 'https://m.media-amazon.com/images/M/MV5BMmQ2MmU3NzktZjAxOC00ZDZhLTk4YzEtMDMyMzcxY2IwMDAyXkEyXkFqcGdeQXVyNzkwMjQ5NzM@._V1_SX300.jpg', 'MOVIE');
INSERT INTO movie (movie_id, duration, content_content_id) VALUES (49, 117, 49);
INSERT INTO content (content_id, originaltitle, title, description, rating, releasedate, thumbnail, type) VALUES (50, 'Rear Window', 'Rear Window', 'A wheelchair-bound photographer spies on his neighbors from his Greenwich Village courtyard apartment window, and becomes convinced one of them has committed murder, despite the skepticism of his fashion-model girlfriend.', 8.5, '1954-01-01', 'https://m.media-amazon.com/images/M/MV5BNGUxYWM3M2MtMGM3Mi00ZmRiLWE0NGQtZjE5ODI2OTJhNTU0XkEyXkFqcGdeQXVyMTQxNzMzNDI@._V1_SX300.jpg', 'MOVIE');
INSERT INTO movie (movie_id, duration, content_content_id) VALUES (50, 112, 50);
INSERT INTO content (content_id, originaltitle, title, description, rating, releasedate, thumbnail, type) VALUES (51, 'City Lights', 'City Lights', 'With the aid of a wealthy erratic tippler, a dewy-eyed tramp who has fallen in love with a sightless flower girl accumulates money to be able to help her medically.', 8.5, '1931-01-01', 'https://m.media-amazon.com/images/M/MV5BY2I4MmM1N2EtM2YzOS00OWUzLTkzYzctNDc5NDg2N2IyODJmXkEyXkFqcGdeQXVyNzkwMjQ5NzM@._V1_SX300.jpg', 'MOVIE');
INSERT INTO movie (movie_id, duration, content_content_id) VALUES (51, 87, 51);
INSERT INTO content (content_id, originaltitle, title, description, rating, releasedate, thumbnail, type) VALUES (52, 'Memento', 'Memento', 'A man with short-term memory loss attempts to track down his wife''s murderer.', 8.5, '2000-01-01', 'https://m.media-amazon.com/images/M/MV5BZTcyNjk1MjgtOWI3Mi00YzQwLWI5MTktMzY4ZmI2NDAyNzYzXkEyXkFqcGdeQXVyNjU0OTQ0OTY@._V1_SX300.jpg', 'MOVIE');
INSERT INTO movie (movie_id, duration, content_content_id) VALUES (52, 113, 52);
INSERT INTO content (content_id, originaltitle, title, description, rating, releasedate, thumbnail, type) VALUES (53, 'Cinema Paradiso', 'Cinema Paradiso', 'A filmmaker recalls his childhood when falling in love with the pictures at the cinema of his home village and forms a deep friendship with the cinema''s projectionist.', 8.5, '1988-01-01', 'https://m.media-amazon.com/images/M/MV5BM2FhYjEyYmYtMDI1Yy00YTdlLWI2NWQtYmEzNzAxOGY1NjY2XkEyXkFqcGdeQXVyNTA3NTIyNDg@._V1_SX300.jpg', 'MOVIE');
INSERT INTO movie (movie_id, duration, content_content_id) VALUES (53, 155, 53);
INSERT INTO content (content_id, originaltitle, title, description, rating, releasedate, thumbnail, type) VALUES (54, 'Apocalypse Now', 'Apocalypse Now', 'A U.S. Army officer serving in Vietnam is tasked with assassinating a renegade Special Forces Colonel who sees himself as a god.', 8.5, '1979-01-01', 'https://m.media-amazon.com/images/M/MV5BMDdhODg0MjYtYzBiOS00ZmI5LWEwZGYtZDEyNDU4MmQyNzFkXkEyXkFqcGdeQXVyNzkwMjQ5NzM@._V1_SX300.jpg', 'MOVIE');
INSERT INTO movie (movie_id, duration, content_content_id) VALUES (54, 147, 54);
INSERT INTO content (content_id, originaltitle, title, description, rating, releasedate, thumbnail, type) VALUES (55, 'Indiana Jones and the Raiders of the Lost Ark', 'Indiana Jones and the Raiders of the Lost Ark', 'In 1936, archaeologist and adventurer Indiana Jones is hired by the U.S. government to find the Ark of the Covenant before Adolf Hitler''s Nazis can obtain its awesome powers.', 8.4, '1981-01-01', 'https://m.media-amazon.com/images/M/MV5BMjA0ODEzMTc1Nl5BMl5BanBnXkFtZTcwODM2MjAxNA@@._V1_SX300.jpg', 'MOVIE');
INSERT INTO movie (movie_id, duration, content_content_id) VALUES (55, 115, 55);
INSERT INTO content (content_id, originaltitle, title, description, rating, releasedate, thumbnail, type) VALUES (56, 'Django Unchained', 'Django Unchained', 'With the help of a German bounty-hunter, a freed slave sets out to rescue his wife from a brutal plantation-owner in Mississippi.', 8.4, '2012-01-01', 'https://m.media-amazon.com/images/M/MV5BMjIyNTQ5NjQ1OV5BMl5BanBnXkFtZTcwODg1MDU4OA@@._V1_SX300.jpg', 'MOVIE');
INSERT INTO movie (movie_id, duration, content_content_id) VALUES (56, 165, 56);
INSERT INTO content (content_id, originaltitle, title, description, rating, releasedate, thumbnail, type) VALUES (57, 'WALL·E', 'WALL·E', 'In the distant future, a small waste-collecting robot inadvertently embarks on a space journey that will ultimately decide the fate of mankind.', 8.4, '2008-01-01', 'https://m.media-amazon.com/images/M/MV5BMjExMTg5OTU0NF5BMl5BanBnXkFtZTcwMjMxMzMzMw@@._V1_SX300.jpg', 'MOVIE');
INSERT INTO movie (movie_id, duration, content_content_id) VALUES (57, 98, 57);
INSERT INTO content (content_id, originaltitle, title, description, rating, releasedate, thumbnail, type) VALUES (58, 'The Lives of Others', 'The Lives of Others', 'In 1984 East Berlin, an agent of the secret police, conducting surveillance on a writer and his lover, finds himself becoming increasingly absorbed by their lives.', 8.4, '2006-01-01', 'https://m.media-amazon.com/images/M/MV5BOTQyZGFjNWMtYWFiYy00OWU1LTlhMjAtYTBiNmU5NjJiNTAzXkEyXkFqcGdeQXVyMTI3ODAyMzE2._V1_SX300.jpg', 'MOVIE');
INSERT INTO movie (movie_id, duration, content_content_id) VALUES (58, 137, 58);
INSERT INTO content (content_id, originaltitle, title, description, rating, releasedate, thumbnail, type) VALUES (59, 'Sunset Blvd.', 'Sunset Blvd.', 'A screenwriter develops a dangerous relationship with a faded film star determined to make a triumphant return.', 8.4, '1950-01-01', 'https://m.media-amazon.com/images/M/MV5BMTU0NTkyNzYwMF5BMl5BanBnXkFtZTgwMDU0NDk5MTI@._V1_SX300.jpg', 'MOVIE');
INSERT INTO movie (movie_id, duration, content_content_id) VALUES (59, 110, 59);
INSERT INTO content (content_id, originaltitle, title, description, rating, releasedate, thumbnail, type) VALUES (60, 'The Shining', 'The Shining', 'A family heads to an isolated hotel for the winter where a sinister presence influences the father into violence, while his psychic son sees horrific forebodings from both past and future.', 8.4, '1980-01-01', 'https://m.media-amazon.com/images/M/MV5BZWFlYmY2MGEtZjVkYS00YzU4LTg0YjQtYzY1ZGE3NTA5NGQxXkEyXkFqcGdeQXVyMTQxNzMzNDI@._V1_SX300.jpg', 'MOVIE');
INSERT INTO movie (movie_id, duration, content_content_id) VALUES (60, 146, 60);
INSERT INTO content (content_id, originaltitle, title, description, rating, releasedate, thumbnail, type) VALUES (61, 'Paths of Glory', 'Paths of Glory', 'After refusing to attack an enemy position, a general accuses the soldiers of cowardice and their commanding officer must defend them.', 8.4, '1957-01-01', 'https://m.media-amazon.com/images/M/MV5BNjViMmRkOTEtM2ViOS00ODg0LWJhYWEtNTBlOGQxNDczOGY3XkEyXkFqcGdeQXVyMDI2NDg0NQ@@._V1_SX300.jpg', 'MOVIE');
INSERT INTO movie (movie_id, duration, content_content_id) VALUES (61, 88, 61);
INSERT INTO content (content_id, originaltitle, title, description, rating, releasedate, thumbnail, type) VALUES (62, 'The Great Dictator', 'The Great Dictator', 'Dictator Adenoid Hynkel tries to expand his empire while a poor Jewish barber tries to avoid persecution from Hynkel''s regime.', 8.4, '1940-01-01', 'https://m.media-amazon.com/images/M/MV5BMmExYWJjNTktNGUyZS00ODhmLTkxYzAtNWIzOGEyMGNiMmUwXkEyXkFqcGdeQXVyNjU0OTQ0OTY@._V1_SX300.jpg', 'MOVIE');
INSERT INTO movie (movie_id, duration, content_content_id) VALUES (62, 125, 62);
INSERT INTO content (content_id, originaltitle, title, description, rating, releasedate, thumbnail, type) VALUES (63, 'Avengers: Infinity War', 'Avengers: Infinity War', 'The Avengers and their allies must be willing to sacrifice all in an attempt to defeat the powerful Thanos before his blitz of devastation and ruin puts an end to the universe.', 8.4, '2018-01-01', 'https://m.media-amazon.com/images/M/MV5BMjMxNjY2MDU1OV5BMl5BanBnXkFtZTgwNzY1MTUwNTM@._V1_SX300.jpg', 'MOVIE');
INSERT INTO movie (movie_id, duration, content_content_id) VALUES (63, 149, 63);
INSERT INTO content (content_id, originaltitle, title, description, rating, releasedate, thumbnail, type) VALUES (64, 'Witness for the Prosecution', 'Witness for the Prosecution', 'A veteran British barrister must defend his client in a murder trial that has surprise after surprise.', 8.4, '1957-01-01', 'https://m.media-amazon.com/images/M/MV5BNDQwODU5OWYtNDcyNi00MDQ1LThiOGMtZDkwNWJiM2Y3MDg0XkEyXkFqcGdeQXVyMDI2NDg0NQ@@._V1_SX300.jpg', 'MOVIE');
INSERT INTO movie (movie_id, duration, content_content_id) VALUES (64, 116, 64);
INSERT INTO content (content_id, originaltitle, title, description, rating, releasedate, thumbnail, type) VALUES (65, 'Aliens', 'Aliens', 'Fifty-seven years after surviving an apocalyptic attack aboard her space vessel by merciless space creatures, Officer Ripley awakens from hyper-sleep and tries to warn anyone who will listen about the predators.', 8.4, '1986-01-01', 'https://m.media-amazon.com/images/M/MV5BZGU2OGY5ZTYtMWNhYy00NjZiLWI0NjUtZmNhY2JhNDRmODU3XkEyXkFqcGdeQXVyNzkwMjQ5NzM@._V1_SX300.jpg', 'MOVIE');
INSERT INTO movie (movie_id, duration, content_content_id) VALUES (65, 137, 65);
INSERT INTO content (content_id, originaltitle, title, description, rating, releasedate, thumbnail, type) VALUES (66, 'American Beauty', 'American Beauty', 'A sexually frustrated suburban father has a mid-life crisis after becoming infatuated with his daughter''s best friend.', 8.4, '1999-01-01', 'https://m.media-amazon.com/images/M/MV5BNTBmZWJkNjctNDhiNC00MGE2LWEwOTctZTk5OGVhMWMyNmVhXkEyXkFqcGdeQXVyMTMxODk2OTU@._V1_SX300.jpg', 'MOVIE');
INSERT INTO movie (movie_id, duration, content_content_id) VALUES (66, 122, 66);
INSERT INTO content (content_id, originaltitle, title, description, rating, releasedate, thumbnail, type) VALUES (67, 'The Dark Knight Rises', 'The Dark Knight Rises', 'Eight years after the Joker''s reign of anarchy, Batman, with the help of the enigmatic Catwoman, is forced from his exile to save Gotham City from the brutal guerrilla terrorist Bane.', 8.4, '2012-01-01', 'https://m.media-amazon.com/images/M/MV5BMTk4ODQzNDY3Ml5BMl5BanBnXkFtZTcwODA0NTM4Nw@@._V1_SX300.jpg', 'MOVIE');
INSERT INTO movie (movie_id, duration, content_content_id) VALUES (67, 164, 67);
INSERT INTO content (content_id, originaltitle, title, description, rating, releasedate, thumbnail, type) VALUES (68, 'Dr. Strangelove or: How I Learned to Stop Worrying and Love the Bomb', 'Dr. Strangelove or: How I Learned to Stop Worrying and Love the Bomb', 'An insane American general orders a bombing attack on the Soviet Union, triggering a path to nuclear holocaust that a war room full of politicians and generals frantically tries to stop.', 8.4, '1964-01-01', 'https://m.media-amazon.com/images/M/MV5BZWI3ZTMxNjctMjdlNS00NmUwLWFiM2YtZDUyY2I3N2MxYTE0XkEyXkFqcGdeQXVyNzkwMjQ5NzM@._V1_SX300.jpg', 'MOVIE');
INSERT INTO movie (movie_id, duration, content_content_id) VALUES (68, 95, 68);
INSERT INTO content (content_id, originaltitle, title, description, rating, releasedate, thumbnail, type) VALUES (69, 'Spider-Man: Into the Spider-Verse', 'Spider-Man: Into the Spider-Verse', 'Teen Miles Morales becomes the Spider-Man of his universe, and must join with five spider-powered individuals from other dimensions to stop a threat for all realities.', 8.4, '2018-01-01', 'https://m.media-amazon.com/images/M/MV5BMjMwNDkxMTgzOF5BMl5BanBnXkFtZTgwNTkwNTQ3NjM@._V1_SX300.jpg', 'MOVIE');
INSERT INTO movie (movie_id, duration, content_content_id) VALUES (69, 117, 69);
INSERT INTO content (content_id, originaltitle, title, description, rating, releasedate, thumbnail, type) VALUES (70, 'Joker', 'Joker', 'In Gotham City, mentally troubled comedian Arthur Fleck is disregarded and mistreated by society. He then embarks on a downward spiral of revolution and bloody crime. This path brings him face-to-face with his alter-ego: the Joker.', 8.4, '2019-01-01', 'https://m.media-amazon.com/images/M/MV5BNGVjNWI4ZGUtNzE0MS00YTJmLWE0ZDctN2ZiYTk2YmI3NTYyXkEyXkFqcGdeQXVyMTkxNjUyNQ@@._V1_SX300.jpg', 'MOVIE');
INSERT INTO movie (movie_id, duration, content_content_id) VALUES (70, 122, 70);
INSERT INTO content (content_id, originaltitle, title, description, rating, releasedate, thumbnail, type) VALUES (71, 'Old Boy', 'Old Boy', 'After being kidnapped and imprisoned for fifteen years, Oh Dae-Su is released, only to find that he must find his captor in five days.', 8.4, '2003-01-01', 'https://m.media-amazon.com/images/M/MV5BMTI3NTQyMzU5M15BMl5BanBnXkFtZTcwMTM2MjgyMQ@@._V1_SX300.jpg', 'MOVIE');
INSERT INTO movie (movie_id, duration, content_content_id) VALUES (71, 120, 71);
INSERT INTO content (content_id, originaltitle, title, description, rating, releasedate, thumbnail, type) VALUES (72, 'Braveheart', 'Braveheart', 'Scottish warrior William Wallace leads his countrymen in a rebellion to free his homeland from the tyranny of King Edward I of England.', 8.4, '1995-01-01', 'https://m.media-amazon.com/images/M/MV5BMzkzMmU0YTYtOWM3My00YzBmLWI0YzctOGYyNTkwMWE5MTJkXkEyXkFqcGdeQXVyNzkwMjQ5NzM@._V1_SX300.jpg', 'MOVIE');
INSERT INTO movie (movie_id, duration, content_content_id) VALUES (72, 178, 72);
INSERT INTO content (content_id, originaltitle, title, description, rating, releasedate, thumbnail, type) VALUES (73, 'Toy Story', 'Toy Story', 'A cowboy doll is profoundly threatened and jealous when a new spaceman figure supplants him as top toy in a boy''s room.', 8.3, '1995-01-01', 'https://m.media-amazon.com/images/M/MV5BMDU2ZWJlMjktMTRhMy00ZTA5LWEzNDgtYmNmZTEwZTViZWJkXkEyXkFqcGdeQXVyNDQ2OTk4MzI@._V1_SX300.jpg', 'MOVIE');
INSERT INTO movie (movie_id, duration, content_content_id) VALUES (73, 81, 73);
INSERT INTO content (content_id, originaltitle, title, description, rating, releasedate, thumbnail, type) VALUES (74, 'Amadeus', 'Amadeus', 'The life, success and troubles of Wolfgang Amadeus Mozart, as told by Antonio Salieri, the contemporaneous composer who was insanely jealous of Mozart''s talent and claimed to have murdered him.', 8.4, '1984-01-01', 'https://m.media-amazon.com/images/M/MV5BNWJlNzUzNGMtYTAwMS00ZjI2LWFmNWQtODcxNWUxODA5YmU1XkEyXkFqcGdeQXVyNTIzOTk5ODM@._V1_SX300.jpg', 'MOVIE');
INSERT INTO movie (movie_id, duration, content_content_id) VALUES (74, 160, 74);
INSERT INTO content (content_id, originaltitle, title, description, rating, releasedate, thumbnail, type) VALUES (75, 'Coco', 'Coco', 'Aspiring musician Miguel, confronted with his family''s ancestral ban on music, enters the Land of the Dead to find his great-great-grandfather, a legendary singer.', 8.4, '2017-01-01', 'https://m.media-amazon.com/images/M/MV5BYjQ5NjM0Y2YtNjZkNC00ZDhkLWJjMWItN2QyNzFkMDE3ZjAxXkEyXkFqcGdeQXVyODIxMzk5NjA@._V1_SX300.jpg', 'MOVIE');
INSERT INTO movie (movie_id, duration, content_content_id) VALUES (75, 105, 75);
INSERT INTO content (content_id, originaltitle, title, description, rating, releasedate, thumbnail, type) VALUES (76, 'Spider-Man: No Way Home', 'Spider-Man: No Way Home', 'With Spider-Man''s identity now revealed, Peter asks Doctor Strange for help. When a spell goes wrong, dangerous foes from other worlds start to appear, forcing Peter to discover what it truly means to be Spider-Man.', 8.5, '2021-01-01', 'https://m.media-amazon.com/images/M/MV5BZWMyYzFjYTYtNTRjYi00OGExLWE2YzgtOGRmYjAxZTU3NzBiXkEyXkFqcGdeQXVyMzQ0MzA0NTM@._V1_SX300.jpg', 'MOVIE');
INSERT INTO movie (movie_id, duration, content_content_id) VALUES (76, 148, 76);
INSERT INTO content (content_id, originaltitle, title, description, rating, releasedate, thumbnail, type) VALUES (77, 'Inglourious Basterds', 'Inglourious Basterds', 'In Nazi-occupied France during World War II, a plan to assassinate Nazi leaders by a group of Jewish U.S. soldiers coincides with a theatre owner''s vengeful plans for the same.', 8.3, '2009-01-01', 'https://m.media-amazon.com/images/M/MV5BOTJiNDEzOWYtMTVjOC00ZjlmLWE0NGMtZmE1OWVmZDQ2OWJhXkEyXkFqcGdeQXVyNTIzOTk5ODM@._V1_SX300.jpg', 'MOVIE');
INSERT INTO movie (movie_id, duration, content_content_id) VALUES (77, 153, 77);
INSERT INTO content (content_id, originaltitle, title, description, rating, releasedate, thumbnail, type) VALUES (78, 'The Boat', 'The Boat', 'The claustrophobic world of a WWII German U-boat; boredom, filth and sheer terror.', 8.4, '1981-01-01', 'https://m.media-amazon.com/images/M/MV5BOGZhZDIzNWMtNjkxMS00MDQ1LThkMTYtZWQzYWU3MWMxMGU5XkEyXkFqcGdeQXVyNjc1NTYyMjg@._V1_SX300.jpg', 'MOVIE');
INSERT INTO movie (movie_id, duration, content_content_id) VALUES (78, 149, 78);
INSERT INTO content (content_id, originaltitle, title, description, rating, releasedate, thumbnail, type) VALUES (79, 'Avengers: Endgame', 'Avengers: Endgame', 'After the devastating events of Avengers: Infinity War (2018), the universe is in ruins. With the help of remaining allies, the Avengers assemble once more in order to reverse Thanos'' actions and restore balance to the universe.', 8.4, '2019-01-01', 'https://m.media-amazon.com/images/M/MV5BMTc5MDE2ODcwNV5BMl5BanBnXkFtZTgwMzI2NzQ2NzM@._V1_SX300.jpg', 'MOVIE');
INSERT INTO movie (movie_id, duration, content_content_id) VALUES (79, 181, 79);
INSERT INTO content (content_id, originaltitle, title, description, rating, releasedate, thumbnail, type) VALUES (80, 'Princess Mononoke', 'Princess Mononoke', 'On a journey to find the cure for a Tatarigami''s curse, Ashitaka finds himself in the middle of a war between the forest gods and Tatara, a mining colony. In this quest he also meets San, the Mononoke Hime.', 8.4, '1997-01-01', 'https://m.media-amazon.com/images/M/MV5BNGIzY2IzODQtNThmMi00ZDE4LWI5YzAtNzNlZTM1ZjYyYjUyXkEyXkFqcGdeQXVyODEzNjM5OTQ@._V1_SX300.jpg', 'MOVIE');
INSERT INTO movie (movie_id, duration, content_content_id) VALUES (80, 134, 80);
INSERT INTO content (content_id, originaltitle, title, description, rating, releasedate, thumbnail, type) VALUES (81, 'Once Upon a Time in America', 'Once Upon a Time in America', 'A former Prohibition-era Jewish gangster returns to the Lower East Side of Manhattan 35 years later, where he must once again confront the ghosts and regrets of his old life.', 8.4, '1984-01-01', 'https://m.media-amazon.com/images/M/MV5BMGFkNWI4MTMtNGQ0OC00MWVmLTk3MTktOGYxN2Y2YWVkZWE2XkEyXkFqcGdeQXVyNjU0OTQ0OTY@._V1_SX300.jpg', 'MOVIE');
INSERT INTO movie (movie_id, duration, content_content_id) VALUES (81, 229, 81);
INSERT INTO content (content_id, originaltitle, title, description, rating, releasedate, thumbnail, type) VALUES (82, 'Good Will Hunting', 'Good Will Hunting', 'Will Hunting, a janitor at M.I.T., has a gift for mathematics, but needs help from a psychologist to find direction in his life.', 8.3, '1997-01-01', 'https://m.media-amazon.com/images/M/MV5BOTI0MzcxMTYtZDVkMy00NjY1LTgyMTYtZmUxN2M3NmQ2NWJhXkEyXkFqcGdeQXVyMTQxNzMzNDI@._V1_SX300.jpg', 'MOVIE');
INSERT INTO movie (movie_id, duration, content_content_id) VALUES (82, 126, 82);
INSERT INTO content (content_id, originaltitle, title, description, rating, releasedate, thumbnail, type) VALUES (83, 'Toy Story 3', 'Toy Story 3', 'The toys are mistakenly delivered to a day-care center instead of the attic right before Andy leaves for college, and it''s up to Woody to convince the other toys that they weren''t abandoned and to return home.', 8.3, '2010-01-01', 'https://m.media-amazon.com/images/M/MV5BMTgxOTY4Mjc0MF5BMl5BanBnXkFtZTcwNTA4MDQyMw@@._V1_SX300.jpg', 'MOVIE');
INSERT INTO movie (movie_id, duration, content_content_id) VALUES (83, 103, 83);
INSERT INTO content (content_id, originaltitle, title, description, rating, releasedate, thumbnail, type) VALUES (84, 'Requiem for a Dream', 'Requiem for a Dream', 'The drug-induced utopias of four Coney Island people are shattered when their addictions run deep.', 8.3, '2000-01-01', 'https://m.media-amazon.com/images/M/MV5BOTdiNzJlOWUtNWMwNS00NmFlLWI0YTEtZmI3YjIzZWUyY2Y3XkEyXkFqcGdeQXVyNjU0OTQ0OTY@._V1_SX300.jpg', 'MOVIE');
INSERT INTO movie (movie_id, duration, content_content_id) VALUES (84, 102, 84);
INSERT INTO content (content_id, originaltitle, title, description, rating, releasedate, thumbnail, type) VALUES (85, '3 Idiots', '3 Idiots', 'Two friends are searching for their long lost companion. They revisit their college days and recall the memories of their friend who inspired them to think differently, even as the rest of the world called them "idiots".', 8.5, '2009-01-01', 'https://m.media-amazon.com/images/M/MV5BNTkyOGVjMGEtNmQzZi00NzFlLTlhOWQtODYyMDc2ZGJmYzFhXkEyXkFqcGdeQXVyNjU0OTQ0OTY@._V1_SX300.jpg', 'MOVIE');
INSERT INTO movie (movie_id, duration, content_content_id) VALUES (85, 170, 85);
INSERT INTO content (content_id, originaltitle, title, description, rating, releasedate, thumbnail, type) VALUES (86, 'Your Name.', 'Your Name.', 'Two strangers find themselves linked in a bizarre way. When a connection forms, will distance be the only thing to keep them apart?', 8.4, '2016-01-01', 'https://m.media-amazon.com/images/M/MV5BODRmZDVmNzUtZDA4ZC00NjhkLWI2M2UtN2M0ZDIzNDcxYThjL2ltYWdlXkEyXkFqcGdeQXVyNTk0MzMzODA@._V1_SX300.jpg', 'MOVIE');
INSERT INTO movie (movie_id, duration, content_content_id) VALUES (86, 106, 86);
INSERT INTO content (content_id, originaltitle, title, description, rating, releasedate, thumbnail, type) VALUES (87, 'Singin'' in the Rain', 'Singin'' in the Rain', 'A silent film star falls for a chorus girl just as he and his delusionally jealous screen partner are trying to make the difficult transition to talking pictures in 1920s Hollywood.', 8.3, '1952-01-01', 'https://m.media-amazon.com/images/M/MV5BZDRjNGViMjQtOThlMi00MTA3LThkYzQtNzJkYjBkMGE0YzE1XkEyXkFqcGdeQXVyNDYyMDk5MTU@._V1_SX300.jpg', 'MOVIE');
INSERT INTO movie (movie_id, duration, content_content_id) VALUES (87, 103, 87);
INSERT INTO content (content_id, originaltitle, title, description, rating, releasedate, thumbnail, type) VALUES (88, 'Star Wars: Episode VI - Return of the Jedi', 'Star Wars: Episode VI - Return of the Jedi', 'After a daring mission to rescue Han Solo from Jabba the Hutt, the Rebels dispatch to Endor to destroy the second Death Star. Meanwhile, Luke struggles to help Darth Vader back from the dark side without falling into the Emperor''s tr', 8.3, '1983-01-01', 'https://m.media-amazon.com/images/M/MV5BOWZlMjFiYzgtMTUzNC00Y2IzLTk1NTMtZmNhMTczNTk0ODk1XkEyXkFqcGdeQXVyNTAyODkwOQ@@._V1_SX300.jpg', 'MOVIE');
INSERT INTO movie (movie_id, duration, content_content_id) VALUES (88, 131, 88);
INSERT INTO content (content_id, originaltitle, title, description, rating, releasedate, thumbnail, type) VALUES (89, 'Reservoir Dogs', 'Reservoir Dogs', 'When a simple jewelry heist goes horribly wrong, the surviving criminals begin to suspect that one of them is a police informant.', 8.3, '1992-01-01', 'https://m.media-amazon.com/images/M/MV5BZmExNmEwYWItYmQzOS00YjA5LTk2MjktZjEyZDE1Y2QxNjA1XkEyXkFqcGdeQXVyMTQxNzMzNDI@._V1_SX300.jpg', 'MOVIE');
INSERT INTO movie (movie_id, duration, content_content_id) VALUES (89, 99, 89);
INSERT INTO content (content_id, originaltitle, title, description, rating, releasedate, thumbnail, type) VALUES (90, 'Eternal Sunshine of the Spotless Mind', 'Eternal Sunshine of the Spotless Mind', 'When their relationship turns sour, a couple undergoes a medical procedure to have each other erased from their memories.', 8.3, '2004-01-01', 'https://m.media-amazon.com/images/M/MV5BMTY4NzcwODg3Nl5BMl5BanBnXkFtZTcwNTEwOTMyMw@@._V1_SX300.jpg', 'MOVIE');
INSERT INTO movie (movie_id, duration, content_content_id) VALUES (90, 108, 90);
INSERT INTO content (content_id, originaltitle, title, description, rating, releasedate, thumbnail, type) VALUES (91, '2001: A Space Odyssey', '2001: A Space Odyssey', 'The Monoliths push humanity to reach for the stars; after their discovery in Africa generations ago, the mysterious objects lead mankind on an awesome journey to Jupiter, with the help of H.A.L. 9000: the world''s greatest supercomput', 8.3, '1968-01-01', 'https://m.media-amazon.com/images/M/MV5BMmNlYzRiNDctZWNhMi00MzI4LThkZTctMTUzMmZkMmFmNThmXkEyXkFqcGdeQXVyNzkwMjQ5NzM@._V1_SX300.jpg', 'MOVIE');
INSERT INTO movie (movie_id, duration, content_content_id) VALUES (91, 149, 91);
INSERT INTO content (content_id, originaltitle, title, description, rating, releasedate, thumbnail, type) VALUES (92, 'High and Low', 'High and Low', 'An executive of a Yokohama shoe company becomes a victim of extortion when his chauffeur''s son is kidnapped by mistake and held for ransom.', 8.4, '1963-01-01', 'https://m.media-amazon.com/images/M/MV5BOTI4NTNhZDMtMWNkZi00MTRmLWJmZDQtMmJkMGVmZTEzODlhXkEyXkFqcGdeQXVyNjc1NTYyMjg@._V1_SX300.jpg', 'MOVIE');
INSERT INTO movie (movie_id, duration, content_content_id) VALUES (92, 143, 92);
INSERT INTO content (content_id, originaltitle, title, description, rating, releasedate, thumbnail, type) VALUES (93, 'Citizen Kane', 'Citizen Kane', 'Following the death of publishing tycoon Charles Foster Kane, reporters scramble to uncover the meaning of his final utterance; ''Rosebud''.', 8.3, '1941-01-01', 'https://m.media-amazon.com/images/M/MV5BYjBiOTYxZWItMzdiZi00NjlkLWIzZTYtYmFhZjhiMTljOTdkXkEyXkFqcGdeQXVyNzkwMjQ5NzM@._V1_SX300.jpg', 'MOVIE');
INSERT INTO movie (movie_id, duration, content_content_id) VALUES (93, 119, 93);
INSERT INTO content (content_id, originaltitle, title, description, rating, releasedate, thumbnail, type) VALUES (94, 'Lawrence of Arabia', 'Lawrence of Arabia', 'The story of T.E. Lawrence, the English officer who successfully united and led the diverse, often warring, Arab tribes during World War I in order to fight the Turks.', 8.3, '1962-01-01', 'https://m.media-amazon.com/images/M/MV5BYWY5ZjhjNGYtZmI2Ny00ODM0LWFkNzgtZmI1YzA2N2MxMzA0XkEyXkFqcGdeQXVyNjUwNzk3NDc@._V1_SX300.jpg', 'MOVIE');
INSERT INTO movie (movie_id, duration, content_content_id) VALUES (94, 218, 94);
INSERT INTO content (content_id, originaltitle, title, description, rating, releasedate, thumbnail, type) VALUES (95, 'Capernaum', 'Capernaum', 'While serving a five-year sentence for a violent crime, a 12-year-old boy sues his parents for neglect.', 8.4, '2018-01-01', 'https://m.media-amazon.com/images/M/MV5BMmExNzU2ZWMtYzUwYi00YmM2LTkxZTQtNmVhNjY0NTMyMWI2XkEyXkFqcGdeQXVyMTMxODk2OTU@._V1_SX300.jpg', 'MOVIE');
INSERT INTO movie (movie_id, duration, content_content_id) VALUES (95, 126, 95);
INSERT INTO content (content_id, originaltitle, title, description, rating, releasedate, thumbnail, type) VALUES (96, 'M', 'M', 'When the police in a German city are unable to catch a child-murderer, other criminals join in the manhunt.', 8.3, '1931-01-01', 'https://m.media-amazon.com/images/M/MV5BODA4ODk3OTEzMF5BMl5BanBnXkFtZTgwMTQ2ODMwMzE@._V1_SX300.jpg', 'MOVIE');
INSERT INTO movie (movie_id, duration, content_content_id) VALUES (96, 99, 96);
INSERT INTO content (content_id, originaltitle, title, description, rating, releasedate, thumbnail, type) VALUES (97, 'North by Northwest', 'North by Northwest', 'A New York City advertising executive goes on the run after being mistaken for a government agent by a group of foreign spies, and falls for a woman whose loyalties he begins to doubt.', 8.3, '1959-01-01', 'https://m.media-amazon.com/images/M/MV5BZDA3NDExMTUtMDlhOC00MmQ5LWExZGUtYmI1NGVlZWI4OWNiXkEyXkFqcGdeQXVyNjc1NTYyMjg@._V1_SX300.jpg', 'MOVIE');
INSERT INTO movie (movie_id, duration, content_content_id) VALUES (97, 136, 97);
INSERT INTO content (content_id, originaltitle, title, description, rating, releasedate, thumbnail, type) VALUES (98, 'The Hunt', 'The Hunt', 'A teacher lives a lonely life, all the while struggling over his son''s custody. His life slowly gets better as he finds love and receives good news from his son, but his new luck is about to be brutally shattered by an innocent littl', 8.3, '2012-01-01', 'https://m.media-amazon.com/images/M/MV5BMTg2NDg3ODg4NF5BMl5BanBnXkFtZTcwNzk3NTc3Nw@@._V1_SX300.jpg', 'MOVIE');
INSERT INTO movie (movie_id, duration, content_content_id) VALUES (98, 115, 98);
INSERT INTO content (content_id, originaltitle, title, description, rating, releasedate, thumbnail, type) VALUES (99, 'Vertigo', 'Vertigo', 'A former San Francisco police detective juggles wrestling with his personal demons and becoming obsessed with the hauntingly beautiful woman he has been hired to trail, who may be deeply disturbed.', 8.3, '1958-01-01', 'https://m.media-amazon.com/images/M/MV5BYTE4ODEwZDUtNDFjOC00NjAxLWEzYTQtYTI1NGVmZmFlNjdiL2ltYWdlL2ltYWdlXkEyXkFqcGdeQXVyNjc1NTYyMjg@._V1_SX300.jpg', 'MOVIE');
INSERT INTO movie (movie_id, duration, content_content_id) VALUES (99, 128, 99);
INSERT INTO content (content_id, originaltitle, title, description, rating, releasedate, thumbnail, type) VALUES (100, 'Amélie', 'Amélie', 'Amélie is an innocent and naive girl in Paris with her own sense of justice. She decides to help those around her and, along the way, discovers love.', 8.3, '2001-01-01', 'https://m.media-amazon.com/images/M/MV5BNDg4NjM1YjMtYmNhZC00MjM0LWFiZmYtNGY1YjA3MzZmODc5XkEyXkFqcGdeQXVyNDk3NzU2MTQ@._V1_SX300.jpg', 'MOVIE');
INSERT INTO movie (movie_id, duration, content_content_id) VALUES (100, 122, 100);

INSERT INTO content (content_id, originaltitle, title, description, rating, releasedate, thumbnail, type) VALUES (101, 'Under the Dome', 'Under the Dome', 'Under the Dome is the story of a small town that is suddenly and inexplicably sealed off from the rest of the world by an enormous transparent dome. The town''s inhabitants must deal with surviving the post-apocalyptic conditions while searching for answers about the dome, where it came from and if and when it will go away.', 6.6, '2013-06-24', 'https://static.tvmaze.com/uploads/images/original_untouched/610/1525272.jpg', 'SHOW');
INSERT INTO shows (shows_id, content_content_id) VALUES (1, 101);
INSERT INTO season (season_id, title, releasedate, shows_shows_id) VALUES (1, 'Season 1', '2013-06-24', 1);
INSERT INTO episode (episode_id, title, description, releasedate, duration, season_season_id) VALUES (1, 'Episode 1', 'Seeded episode', '2013-06-24', 31, 1);
INSERT INTO episode (episode_id, title, description, releasedate, duration, season_season_id) VALUES (2, 'Episode 2', 'Seeded episode', '2013-06-24', 32, 1);
INSERT INTO episode (episode_id, title, description, releasedate, duration, season_season_id) VALUES (3, 'Episode 3', 'Seeded episode', '2013-06-24', 33, 1);
INSERT INTO episode (episode_id, title, description, releasedate, duration, season_season_id) VALUES (4, 'Episode 4', 'Seeded episode', '2013-06-24', 34, 1);
INSERT INTO episode (episode_id, title, description, releasedate, duration, season_season_id) VALUES (5, 'Episode 5', 'Seeded episode', '2013-06-24', 35, 1);
INSERT INTO episode (episode_id, title, description, releasedate, duration, season_season_id) VALUES (6, 'Episode 6', 'Seeded episode', '2013-06-24', 36, 1);
INSERT INTO episode (episode_id, title, description, releasedate, duration, season_season_id) VALUES (7, 'Episode 7', 'Seeded episode', '2013-06-24', 37, 1);
INSERT INTO episode (episode_id, title, description, releasedate, duration, season_season_id) VALUES (8, 'Episode 8', 'Seeded episode', '2013-06-24', 38, 1);
INSERT INTO episode (episode_id, title, description, releasedate, duration, season_season_id) VALUES (9, 'Episode 9', 'Seeded episode', '2013-06-24', 39, 1);
INSERT INTO episode (episode_id, title, description, releasedate, duration, season_season_id) VALUES (10, 'Episode 10', 'Seeded episode', '2013-06-24', 40, 1);
INSERT INTO season (season_id, title, releasedate, shows_shows_id) VALUES (2, 'Season 2', '2013-06-24', 1);
INSERT INTO episode (episode_id, title, description, releasedate, duration, season_season_id) VALUES (11, 'Episode 1', 'Seeded episode', '2013-06-24', 31, 2);
INSERT INTO episode (episode_id, title, description, releasedate, duration, season_season_id) VALUES (12, 'Episode 2', 'Seeded episode', '2013-06-24', 32, 2);
INSERT INTO episode (episode_id, title, description, releasedate, duration, season_season_id) VALUES (13, 'Episode 3', 'Seeded episode', '2013-06-24', 33, 2);
INSERT INTO episode (episode_id, title, description, releasedate, duration, season_season_id) VALUES (14, 'Episode 4', 'Seeded episode', '2013-06-24', 34, 2);
INSERT INTO episode (episode_id, title, description, releasedate, duration, season_season_id) VALUES (15, 'Episode 5', 'Seeded episode', '2013-06-24', 35, 2);
INSERT INTO episode (episode_id, title, description, releasedate, duration, season_season_id) VALUES (16, 'Episode 6', 'Seeded episode', '2013-06-24', 36, 2);
INSERT INTO episode (episode_id, title, description, releasedate, duration, season_season_id) VALUES (17, 'Episode 7', 'Seeded episode', '2013-06-24', 37, 2);
INSERT INTO episode (episode_id, title, description, releasedate, duration, season_season_id) VALUES (18, 'Episode 8', 'Seeded episode', '2013-06-24', 38, 2);
INSERT INTO episode (episode_id, title, description, releasedate, duration, season_season_id) VALUES (19, 'Episode 9', 'Seeded episode', '2013-06-24', 39, 2);
INSERT INTO episode (episode_id, title, description, releasedate, duration, season_season_id) VALUES (20, 'Episode 10', 'Seeded episode', '2013-06-24', 40, 2);

INSERT INTO content (content_id, originaltitle, title, description, rating, releasedate, thumbnail, type) VALUES (102, 'Person of Interest', 'Person of Interest', 'You are being watched. The government has a secret system, a machine that spies on you every hour of every day. I know because I built it. I designed the Machine to detect acts of terror but it sees everything. Violent crimes involving ordinary people. People like you. Crimes the government considered "irrelevant". They wouldn''t act so I decided I would. But I needed a partner. Someone with the skills to intervene. Hunted by the authorities, we work in secret. You''ll never find us. But victim or perpetrator, if your number is up, we''ll find you.', 8.8, '2011-09-22', 'https://static.tvmaze.com/uploads/images/original_untouched/163/407679.jpg', 'SHOW');
INSERT INTO shows (shows_id, content_content_id) VALUES (2, 102);
INSERT INTO season (season_id, title, releasedate, shows_shows_id) VALUES (3, 'Season 1', '2011-09-22', 2);
INSERT INTO episode (episode_id, title, description, releasedate, duration, season_season_id) VALUES (21, 'Episode 1', 'Seeded episode', '2011-09-22', 31, 3);
INSERT INTO episode (episode_id, title, description, releasedate, duration, season_season_id) VALUES (22, 'Episode 2', 'Seeded episode', '2011-09-22', 32, 3);
INSERT INTO episode (episode_id, title, description, releasedate, duration, season_season_id) VALUES (23, 'Episode 3', 'Seeded episode', '2011-09-22', 33, 3);
INSERT INTO episode (episode_id, title, description, releasedate, duration, season_season_id) VALUES (24, 'Episode 4', 'Seeded episode', '2011-09-22', 34, 3);
INSERT INTO episode (episode_id, title, description, releasedate, duration, season_season_id) VALUES (25, 'Episode 5', 'Seeded episode', '2011-09-22', 35, 3);
INSERT INTO episode (episode_id, title, description, releasedate, duration, season_season_id) VALUES (26, 'Episode 6', 'Seeded episode', '2011-09-22', 36, 3);
INSERT INTO episode (episode_id, title, description, releasedate, duration, season_season_id) VALUES (27, 'Episode 7', 'Seeded episode', '2011-09-22', 37, 3);
INSERT INTO episode (episode_id, title, description, releasedate, duration, season_season_id) VALUES (28, 'Episode 8', 'Seeded episode', '2011-09-22', 38, 3);
INSERT INTO episode (episode_id, title, description, releasedate, duration, season_season_id) VALUES (29, 'Episode 9', 'Seeded episode', '2011-09-22', 39, 3);
INSERT INTO episode (episode_id, title, description, releasedate, duration, season_season_id) VALUES (30, 'Episode 10', 'Seeded episode', '2011-09-22', 40, 3);
INSERT INTO season (season_id, title, releasedate, shows_shows_id) VALUES (4, 'Season 2', '2011-09-22', 2);
INSERT INTO episode (episode_id, title, description, releasedate, duration, season_season_id) VALUES (31, 'Episode 1', 'Seeded episode', '2011-09-22', 31, 4);
INSERT INTO episode (episode_id, title, description, releasedate, duration, season_season_id) VALUES (32, 'Episode 2', 'Seeded episode', '2011-09-22', 32, 4);
INSERT INTO episode (episode_id, title, description, releasedate, duration, season_season_id) VALUES (33, 'Episode 3', 'Seeded episode', '2011-09-22', 33, 4);
INSERT INTO episode (episode_id, title, description, releasedate, duration, season_season_id) VALUES (34, 'Episode 4', 'Seeded episode', '2011-09-22', 34, 4);
INSERT INTO episode (episode_id, title, description, releasedate, duration, season_season_id) VALUES (35, 'Episode 5', 'Seeded episode', '2011-09-22', 35, 4);
INSERT INTO episode (episode_id, title, description, releasedate, duration, season_season_id) VALUES (36, 'Episode 6', 'Seeded episode', '2011-09-22', 36, 4);
INSERT INTO episode (episode_id, title, description, releasedate, duration, season_season_id) VALUES (37, 'Episode 7', 'Seeded episode', '2011-09-22', 37, 4);
INSERT INTO episode (episode_id, title, description, releasedate, duration, season_season_id) VALUES (38, 'Episode 8', 'Seeded episode', '2011-09-22', 38, 4);
INSERT INTO episode (episode_id, title, description, releasedate, duration, season_season_id) VALUES (39, 'Episode 9', 'Seeded episode', '2011-09-22', 39, 4);
INSERT INTO episode (episode_id, title, description, releasedate, duration, season_season_id) VALUES (40, 'Episode 10', 'Seeded episode', '2011-09-22', 40, 4);

INSERT INTO content (content_id, originaltitle, title, description, rating, releasedate, thumbnail, type) VALUES (103, 'Bitten', 'Bitten', 'Based on the critically acclaimed series of novels from Kelley Armstrong. Set in Toronto and upper New York State, Bitten follows the adventures of 28-year-old Elena Michaels, the world''s only female werewolf. An orphan, Elena thought she finally found her "happily ever after" with her new love Clayton, until her life changed forever. With one small bite, the normal life she craved was taken away and she was left to survive life with the Pack.', 7.4, '2014-01-11', 'https://static.tvmaze.com/uploads/images/original_untouched/0/15.jpg', 'SHOW');
INSERT INTO shows (shows_id, content_content_id) VALUES (3, 103);
INSERT INTO season (season_id, title, releasedate, shows_shows_id) VALUES (5, 'Season 1', '2014-01-11', 3);
INSERT INTO episode (episode_id, title, description, releasedate, duration, season_season_id) VALUES (41, 'Episode 1', 'Seeded episode', '2014-01-11', 31, 5);
INSERT INTO episode (episode_id, title, description, releasedate, duration, season_season_id) VALUES (42, 'Episode 2', 'Seeded episode', '2014-01-11', 32, 5);
INSERT INTO episode (episode_id, title, description, releasedate, duration, season_season_id) VALUES (43, 'Episode 3', 'Seeded episode', '2014-01-11', 33, 5);
INSERT INTO episode (episode_id, title, description, releasedate, duration, season_season_id) VALUES (44, 'Episode 4', 'Seeded episode', '2014-01-11', 34, 5);
INSERT INTO episode (episode_id, title, description, releasedate, duration, season_season_id) VALUES (45, 'Episode 5', 'Seeded episode', '2014-01-11', 35, 5);
INSERT INTO episode (episode_id, title, description, releasedate, duration, season_season_id) VALUES (46, 'Episode 6', 'Seeded episode', '2014-01-11', 36, 5);
INSERT INTO episode (episode_id, title, description, releasedate, duration, season_season_id) VALUES (47, 'Episode 7', 'Seeded episode', '2014-01-11', 37, 5);
INSERT INTO episode (episode_id, title, description, releasedate, duration, season_season_id) VALUES (48, 'Episode 8', 'Seeded episode', '2014-01-11', 38, 5);
INSERT INTO episode (episode_id, title, description, releasedate, duration, season_season_id) VALUES (49, 'Episode 9', 'Seeded episode', '2014-01-11', 39, 5);
INSERT INTO episode (episode_id, title, description, releasedate, duration, season_season_id) VALUES (50, 'Episode 10', 'Seeded episode', '2014-01-11', 40, 5);
INSERT INTO season (season_id, title, releasedate, shows_shows_id) VALUES (6, 'Season 2', '2014-01-11', 3);
INSERT INTO episode (episode_id, title, description, releasedate, duration, season_season_id) VALUES (51, 'Episode 1', 'Seeded episode', '2014-01-11', 31, 6);
INSERT INTO episode (episode_id, title, description, releasedate, duration, season_season_id) VALUES (52, 'Episode 2', 'Seeded episode', '2014-01-11', 32, 6);
INSERT INTO episode (episode_id, title, description, releasedate, duration, season_season_id) VALUES (53, 'Episode 3', 'Seeded episode', '2014-01-11', 33, 6);
INSERT INTO episode (episode_id, title, description, releasedate, duration, season_season_id) VALUES (54, 'Episode 4', 'Seeded episode', '2014-01-11', 34, 6);
INSERT INTO episode (episode_id, title, description, releasedate, duration, season_season_id) VALUES (55, 'Episode 5', 'Seeded episode', '2014-01-11', 35, 6);
INSERT INTO episode (episode_id, title, description, releasedate, duration, season_season_id) VALUES (56, 'Episode 6', 'Seeded episode', '2014-01-11', 36, 6);
INSERT INTO episode (episode_id, title, description, releasedate, duration, season_season_id) VALUES (57, 'Episode 7', 'Seeded episode', '2014-01-11', 37, 6);
INSERT INTO episode (episode_id, title, description, releasedate, duration, season_season_id) VALUES (58, 'Episode 8', 'Seeded episode', '2014-01-11', 38, 6);
INSERT INTO episode (episode_id, title, description, releasedate, duration, season_season_id) VALUES (59, 'Episode 9', 'Seeded episode', '2014-01-11', 39, 6);
INSERT INTO episode (episode_id, title, description, releasedate, duration, season_season_id) VALUES (60, 'Episode 10', 'Seeded episode', '2014-01-11', 40, 6);

INSERT INTO content (content_id, originaltitle, title, description, rating, releasedate, thumbnail, type) VALUES (104, 'Arrow', 'Arrow', 'After a violent shipwreck, billionaire playboy Oliver Queen was missing and presumed dead for five years before being discovered alive on a remote island in the Pacific. He returned home to Starling City, welcomed by his devoted mother Moira, beloved sister Thea and former flame Laurel Lance. With the aid of his trusted chauffeur/bodyguard John Diggle, the computer-hacking skills of Felicity Smoak and the occasional, reluctant assistance of former police detective, now beat cop, Quentin Lance, Oliver has been waging a one-man war on crime.', 7.4, '2012-10-10', 'https://static.tvmaze.com/uploads/images/original_untouched/143/358967.jpg', 'SHOW');
INSERT INTO shows (shows_id, content_content_id) VALUES (4, 104);
INSERT INTO season (season_id, title, releasedate, shows_shows_id) VALUES (7, 'Season 1', '2012-10-10', 4);
INSERT INTO episode (episode_id, title, description, releasedate, duration, season_season_id) VALUES (61, 'Episode 1', 'Seeded episode', '2012-10-10', 31, 7);
INSERT INTO episode (episode_id, title, description, releasedate, duration, season_season_id) VALUES (62, 'Episode 2', 'Seeded episode', '2012-10-10', 32, 7);
INSERT INTO episode (episode_id, title, description, releasedate, duration, season_season_id) VALUES (63, 'Episode 3', 'Seeded episode', '2012-10-10', 33, 7);
INSERT INTO episode (episode_id, title, description, releasedate, duration, season_season_id) VALUES (64, 'Episode 4', 'Seeded episode', '2012-10-10', 34, 7);
INSERT INTO episode (episode_id, title, description, releasedate, duration, season_season_id) VALUES (65, 'Episode 5', 'Seeded episode', '2012-10-10', 35, 7);
INSERT INTO episode (episode_id, title, description, releasedate, duration, season_season_id) VALUES (66, 'Episode 6', 'Seeded episode', '2012-10-10', 36, 7);
INSERT INTO episode (episode_id, title, description, releasedate, duration, season_season_id) VALUES (67, 'Episode 7', 'Seeded episode', '2012-10-10', 37, 7);
INSERT INTO episode (episode_id, title, description, releasedate, duration, season_season_id) VALUES (68, 'Episode 8', 'Seeded episode', '2012-10-10', 38, 7);
INSERT INTO episode (episode_id, title, description, releasedate, duration, season_season_id) VALUES (69, 'Episode 9', 'Seeded episode', '2012-10-10', 39, 7);
INSERT INTO episode (episode_id, title, description, releasedate, duration, season_season_id) VALUES (70, 'Episode 10', 'Seeded episode', '2012-10-10', 40, 7);
INSERT INTO season (season_id, title, releasedate, shows_shows_id) VALUES (8, 'Season 2', '2012-10-10', 4);
INSERT INTO episode (episode_id, title, description, releasedate, duration, season_season_id) VALUES (71, 'Episode 1', 'Seeded episode', '2012-10-10', 31, 8);
INSERT INTO episode (episode_id, title, description, releasedate, duration, season_season_id) VALUES (72, 'Episode 2', 'Seeded episode', '2012-10-10', 32, 8);
INSERT INTO episode (episode_id, title, description, releasedate, duration, season_season_id) VALUES (73, 'Episode 3', 'Seeded episode', '2012-10-10', 33, 8);
INSERT INTO episode (episode_id, title, description, releasedate, duration, season_season_id) VALUES (74, 'Episode 4', 'Seeded episode', '2012-10-10', 34, 8);
INSERT INTO episode (episode_id, title, description, releasedate, duration, season_season_id) VALUES (75, 'Episode 5', 'Seeded episode', '2012-10-10', 35, 8);
INSERT INTO episode (episode_id, title, description, releasedate, duration, season_season_id) VALUES (76, 'Episode 6', 'Seeded episode', '2012-10-10', 36, 8);
INSERT INTO episode (episode_id, title, description, releasedate, duration, season_season_id) VALUES (77, 'Episode 7', 'Seeded episode', '2012-10-10', 37, 8);
INSERT INTO episode (episode_id, title, description, releasedate, duration, season_season_id) VALUES (78, 'Episode 8', 'Seeded episode', '2012-10-10', 38, 8);
INSERT INTO episode (episode_id, title, description, releasedate, duration, season_season_id) VALUES (79, 'Episode 9', 'Seeded episode', '2012-10-10', 39, 8);
INSERT INTO episode (episode_id, title, description, releasedate, duration, season_season_id) VALUES (80, 'Episode 10', 'Seeded episode', '2012-10-10', 40, 8);

INSERT INTO content (content_id, originaltitle, title, description, rating, releasedate, thumbnail, type) VALUES (105, 'True Detective', 'True Detective', 'Touch darkness and darkness touches you back. True Detective centers on troubled cops and the investigations that drive them to the edge. Each season features a new cast and a new case.True Detective is an American anthology crime drama television series created and written by Nic Pizzolatto.', 8.1, '2014-01-12', 'https://static.tvmaze.com/uploads/images/original_untouched/490/1226764.jpg', 'SHOW');
INSERT INTO shows (shows_id, content_content_id) VALUES (5, 105);
INSERT INTO season (season_id, title, releasedate, shows_shows_id) VALUES (9, 'Season 1', '2014-01-12', 5);
INSERT INTO episode (episode_id, title, description, releasedate, duration, season_season_id) VALUES (81, 'Episode 1', 'Seeded episode', '2014-01-12', 31, 9);
INSERT INTO episode (episode_id, title, description, releasedate, duration, season_season_id) VALUES (82, 'Episode 2', 'Seeded episode', '2014-01-12', 32, 9);
INSERT INTO episode (episode_id, title, description, releasedate, duration, season_season_id) VALUES (83, 'Episode 3', 'Seeded episode', '2014-01-12', 33, 9);
INSERT INTO episode (episode_id, title, description, releasedate, duration, season_season_id) VALUES (84, 'Episode 4', 'Seeded episode', '2014-01-12', 34, 9);
INSERT INTO episode (episode_id, title, description, releasedate, duration, season_season_id) VALUES (85, 'Episode 5', 'Seeded episode', '2014-01-12', 35, 9);
INSERT INTO episode (episode_id, title, description, releasedate, duration, season_season_id) VALUES (86, 'Episode 6', 'Seeded episode', '2014-01-12', 36, 9);
INSERT INTO episode (episode_id, title, description, releasedate, duration, season_season_id) VALUES (87, 'Episode 7', 'Seeded episode', '2014-01-12', 37, 9);
INSERT INTO episode (episode_id, title, description, releasedate, duration, season_season_id) VALUES (88, 'Episode 8', 'Seeded episode', '2014-01-12', 38, 9);
INSERT INTO episode (episode_id, title, description, releasedate, duration, season_season_id) VALUES (89, 'Episode 9', 'Seeded episode', '2014-01-12', 39, 9);
INSERT INTO episode (episode_id, title, description, releasedate, duration, season_season_id) VALUES (90, 'Episode 10', 'Seeded episode', '2014-01-12', 40, 9);
INSERT INTO season (season_id, title, releasedate, shows_shows_id) VALUES (10, 'Season 2', '2014-01-12', 5);
INSERT INTO episode (episode_id, title, description, releasedate, duration, season_season_id) VALUES (91, 'Episode 1', 'Seeded episode', '2014-01-12', 31, 10);
INSERT INTO episode (episode_id, title, description, releasedate, duration, season_season_id) VALUES (92, 'Episode 2', 'Seeded episode', '2014-01-12', 32, 10);
INSERT INTO episode (episode_id, title, description, releasedate, duration, season_season_id) VALUES (93, 'Episode 3', 'Seeded episode', '2014-01-12', 33, 10);
INSERT INTO episode (episode_id, title, description, releasedate, duration, season_season_id) VALUES (94, 'Episode 4', 'Seeded episode', '2014-01-12', 34, 10);
INSERT INTO episode (episode_id, title, description, releasedate, duration, season_season_id) VALUES (95, 'Episode 5', 'Seeded episode', '2014-01-12', 35, 10);
INSERT INTO episode (episode_id, title, description, releasedate, duration, season_season_id) VALUES (96, 'Episode 6', 'Seeded episode', '2014-01-12', 36, 10);
INSERT INTO episode (episode_id, title, description, releasedate, duration, season_season_id) VALUES (97, 'Episode 7', 'Seeded episode', '2014-01-12', 37, 10);
INSERT INTO episode (episode_id, title, description, releasedate, duration, season_season_id) VALUES (98, 'Episode 8', 'Seeded episode', '2014-01-12', 38, 10);
INSERT INTO episode (episode_id, title, description, releasedate, duration, season_season_id) VALUES (99, 'Episode 9', 'Seeded episode', '2014-01-12', 39, 10);
INSERT INTO episode (episode_id, title, description, releasedate, duration, season_season_id) VALUES (100, 'Episode 10', 'Seeded episode', '2014-01-12', 40, 10);

INSERT INTO content (content_id, originaltitle, title, description, rating, releasedate, thumbnail, type) VALUES (106, 'The 100', 'The 100', 'Ninety-seven years ago, nuclear Armageddon decimated planet Earth, destroying civilization. The only survivors were the 400 inhabitants of 12 international space stations that were in orbit at the time. Three generations have been born in space, the survivors now number 4,000, and resources are running out on their dying "Ark" - the 12 stations now linked together and repurposed to keep the survivors alive. Draconian measures including capital punishment and population control are the order of the day, as the leaders of the Ark take ruthless steps to ensure their future, including secretly exiling a group of 100 juvenile prisoners to the Earth''s surface to test whether it''s habitable.', 7.7, '2014-03-19', 'https://static.tvmaze.com/uploads/images/original_untouched/477/1194981.jpg', 'SHOW');
INSERT INTO shows (shows_id, content_content_id) VALUES (6, 106);
INSERT INTO season (season_id, title, releasedate, shows_shows_id) VALUES (11, 'Season 1', '2014-03-19', 6);
INSERT INTO episode (episode_id, title, description, releasedate, duration, season_season_id) VALUES (101, 'Episode 1', 'Seeded episode', '2014-03-19', 31, 11);
INSERT INTO episode (episode_id, title, description, releasedate, duration, season_season_id) VALUES (102, 'Episode 2', 'Seeded episode', '2014-03-19', 32, 11);
INSERT INTO episode (episode_id, title, description, releasedate, duration, season_season_id) VALUES (103, 'Episode 3', 'Seeded episode', '2014-03-19', 33, 11);
INSERT INTO episode (episode_id, title, description, releasedate, duration, season_season_id) VALUES (104, 'Episode 4', 'Seeded episode', '2014-03-19', 34, 11);
INSERT INTO episode (episode_id, title, description, releasedate, duration, season_season_id) VALUES (105, 'Episode 5', 'Seeded episode', '2014-03-19', 35, 11);
INSERT INTO episode (episode_id, title, description, releasedate, duration, season_season_id) VALUES (106, 'Episode 6', 'Seeded episode', '2014-03-19', 36, 11);
INSERT INTO episode (episode_id, title, description, releasedate, duration, season_season_id) VALUES (107, 'Episode 7', 'Seeded episode', '2014-03-19', 37, 11);
INSERT INTO episode (episode_id, title, description, releasedate, duration, season_season_id) VALUES (108, 'Episode 8', 'Seeded episode', '2014-03-19', 38, 11);
INSERT INTO episode (episode_id, title, description, releasedate, duration, season_season_id) VALUES (109, 'Episode 9', 'Seeded episode', '2014-03-19', 39, 11);
INSERT INTO episode (episode_id, title, description, releasedate, duration, season_season_id) VALUES (110, 'Episode 10', 'Seeded episode', '2014-03-19', 40, 11);
INSERT INTO season (season_id, title, releasedate, shows_shows_id) VALUES (12, 'Season 2', '2014-03-19', 6);
INSERT INTO episode (episode_id, title, description, releasedate, duration, season_season_id) VALUES (111, 'Episode 1', 'Seeded episode', '2014-03-19', 31, 12);
INSERT INTO episode (episode_id, title, description, releasedate, duration, season_season_id) VALUES (112, 'Episode 2', 'Seeded episode', '2014-03-19', 32, 12);
INSERT INTO episode (episode_id, title, description, releasedate, duration, season_season_id) VALUES (113, 'Episode 3', 'Seeded episode', '2014-03-19', 33, 12);
INSERT INTO episode (episode_id, title, description, releasedate, duration, season_season_id) VALUES (114, 'Episode 4', 'Seeded episode', '2014-03-19', 34, 12);
INSERT INTO episode (episode_id, title, description, releasedate, duration, season_season_id) VALUES (115, 'Episode 5', 'Seeded episode', '2014-03-19', 35, 12);
INSERT INTO episode (episode_id, title, description, releasedate, duration, season_season_id) VALUES (116, 'Episode 6', 'Seeded episode', '2014-03-19', 36, 12);
INSERT INTO episode (episode_id, title, description, releasedate, duration, season_season_id) VALUES (117, 'Episode 7', 'Seeded episode', '2014-03-19', 37, 12);
INSERT INTO episode (episode_id, title, description, releasedate, duration, season_season_id) VALUES (118, 'Episode 8', 'Seeded episode', '2014-03-19', 38, 12);
INSERT INTO episode (episode_id, title, description, releasedate, duration, season_season_id) VALUES (119, 'Episode 9', 'Seeded episode', '2014-03-19', 39, 12);
INSERT INTO episode (episode_id, title, description, releasedate, duration, season_season_id) VALUES (120, 'Episode 10', 'Seeded episode', '2014-03-19', 40, 12);

INSERT INTO content (content_id, originaltitle, title, description, rating, releasedate, thumbnail, type) VALUES (107, 'Homeland', 'Homeland', 'The winner of 6 Emmy Awards including Outstanding Drama Series, Homeland is an edge-of-your-seat sensation. Marine Sergeant Nicholas Brody is both a decorated hero and a serious threat. CIA officer Carrie Mathison is tops in her field despite being bipolar. The delicate dance these two complex characters perform, built on lies, suspicion, and desire, is at the heart of this gripping, emotional thriller in which nothing short of the fate of our nation is at stake.', 8.2, '2011-10-02', 'https://static.tvmaze.com/uploads/images/original_untouched/498/1245275.jpg', 'SHOW');
INSERT INTO shows (shows_id, content_content_id) VALUES (7, 107);
INSERT INTO season (season_id, title, releasedate, shows_shows_id) VALUES (13, 'Season 1', '2011-10-02', 7);
INSERT INTO episode (episode_id, title, description, releasedate, duration, season_season_id) VALUES (121, 'Episode 1', 'Seeded episode', '2011-10-02', 31, 13);
INSERT INTO episode (episode_id, title, description, releasedate, duration, season_season_id) VALUES (122, 'Episode 2', 'Seeded episode', '2011-10-02', 32, 13);
INSERT INTO episode (episode_id, title, description, releasedate, duration, season_season_id) VALUES (123, 'Episode 3', 'Seeded episode', '2011-10-02', 33, 13);
INSERT INTO episode (episode_id, title, description, releasedate, duration, season_season_id) VALUES (124, 'Episode 4', 'Seeded episode', '2011-10-02', 34, 13);
INSERT INTO episode (episode_id, title, description, releasedate, duration, season_season_id) VALUES (125, 'Episode 5', 'Seeded episode', '2011-10-02', 35, 13);
INSERT INTO episode (episode_id, title, description, releasedate, duration, season_season_id) VALUES (126, 'Episode 6', 'Seeded episode', '2011-10-02', 36, 13);
INSERT INTO episode (episode_id, title, description, releasedate, duration, season_season_id) VALUES (127, 'Episode 7', 'Seeded episode', '2011-10-02', 37, 13);
INSERT INTO episode (episode_id, title, description, releasedate, duration, season_season_id) VALUES (128, 'Episode 8', 'Seeded episode', '2011-10-02', 38, 13);
INSERT INTO episode (episode_id, title, description, releasedate, duration, season_season_id) VALUES (129, 'Episode 9', 'Seeded episode', '2011-10-02', 39, 13);
INSERT INTO episode (episode_id, title, description, releasedate, duration, season_season_id) VALUES (130, 'Episode 10', 'Seeded episode', '2011-10-02', 40, 13);
INSERT INTO season (season_id, title, releasedate, shows_shows_id) VALUES (14, 'Season 2', '2011-10-02', 7);
INSERT INTO episode (episode_id, title, description, releasedate, duration, season_season_id) VALUES (131, 'Episode 1', 'Seeded episode', '2011-10-02', 31, 14);
INSERT INTO episode (episode_id, title, description, releasedate, duration, season_season_id) VALUES (132, 'Episode 2', 'Seeded episode', '2011-10-02', 32, 14);
INSERT INTO episode (episode_id, title, description, releasedate, duration, season_season_id) VALUES (133, 'Episode 3', 'Seeded episode', '2011-10-02', 33, 14);
INSERT INTO episode (episode_id, title, description, releasedate, duration, season_season_id) VALUES (134, 'Episode 4', 'Seeded episode', '2011-10-02', 34, 14);
INSERT INTO episode (episode_id, title, description, releasedate, duration, season_season_id) VALUES (135, 'Episode 5', 'Seeded episode', '2011-10-02', 35, 14);
INSERT INTO episode (episode_id, title, description, releasedate, duration, season_season_id) VALUES (136, 'Episode 6', 'Seeded episode', '2011-10-02', 36, 14);
INSERT INTO episode (episode_id, title, description, releasedate, duration, season_season_id) VALUES (137, 'Episode 7', 'Seeded episode', '2011-10-02', 37, 14);
INSERT INTO episode (episode_id, title, description, releasedate, duration, season_season_id) VALUES (138, 'Episode 8', 'Seeded episode', '2011-10-02', 38, 14);
INSERT INTO episode (episode_id, title, description, releasedate, duration, season_season_id) VALUES (139, 'Episode 9', 'Seeded episode', '2011-10-02', 39, 14);
INSERT INTO episode (episode_id, title, description, releasedate, duration, season_season_id) VALUES (140, 'Episode 10', 'Seeded episode', '2011-10-02', 40, 14);

INSERT INTO content (content_id, originaltitle, title, description, rating, releasedate, thumbnail, type) VALUES (108, 'Glee', 'Glee', 'Glee is a musical comedy about a group of ambitious and talented young adults in search of strength, acceptance and, ultimately, their voice.', 6.6, '2009-05-19', 'https://static.tvmaze.com/uploads/images/original_untouched/0/73.jpg', 'SHOW');
INSERT INTO shows (shows_id, content_content_id) VALUES (8, 108);
INSERT INTO season (season_id, title, releasedate, shows_shows_id) VALUES (15, 'Season 1', '2009-05-19', 8);
INSERT INTO episode (episode_id, title, description, releasedate, duration, season_season_id) VALUES (141, 'Episode 1', 'Seeded episode', '2009-05-19', 31, 15);
INSERT INTO episode (episode_id, title, description, releasedate, duration, season_season_id) VALUES (142, 'Episode 2', 'Seeded episode', '2009-05-19', 32, 15);
INSERT INTO episode (episode_id, title, description, releasedate, duration, season_season_id) VALUES (143, 'Episode 3', 'Seeded episode', '2009-05-19', 33, 15);
INSERT INTO episode (episode_id, title, description, releasedate, duration, season_season_id) VALUES (144, 'Episode 4', 'Seeded episode', '2009-05-19', 34, 15);
INSERT INTO episode (episode_id, title, description, releasedate, duration, season_season_id) VALUES (145, 'Episode 5', 'Seeded episode', '2009-05-19', 35, 15);
INSERT INTO episode (episode_id, title, description, releasedate, duration, season_season_id) VALUES (146, 'Episode 6', 'Seeded episode', '2009-05-19', 36, 15);
INSERT INTO episode (episode_id, title, description, releasedate, duration, season_season_id) VALUES (147, 'Episode 7', 'Seeded episode', '2009-05-19', 37, 15);
INSERT INTO episode (episode_id, title, description, releasedate, duration, season_season_id) VALUES (148, 'Episode 8', 'Seeded episode', '2009-05-19', 38, 15);
INSERT INTO episode (episode_id, title, description, releasedate, duration, season_season_id) VALUES (149, 'Episode 9', 'Seeded episode', '2009-05-19', 39, 15);
INSERT INTO episode (episode_id, title, description, releasedate, duration, season_season_id) VALUES (150, 'Episode 10', 'Seeded episode', '2009-05-19', 40, 15);
INSERT INTO season (season_id, title, releasedate, shows_shows_id) VALUES (16, 'Season 2', '2009-05-19', 8);
INSERT INTO episode (episode_id, title, description, releasedate, duration, season_season_id) VALUES (151, 'Episode 1', 'Seeded episode', '2009-05-19', 31, 16);
INSERT INTO episode (episode_id, title, description, releasedate, duration, season_season_id) VALUES (152, 'Episode 2', 'Seeded episode', '2009-05-19', 32, 16);
INSERT INTO episode (episode_id, title, description, releasedate, duration, season_season_id) VALUES (153, 'Episode 3', 'Seeded episode', '2009-05-19', 33, 16);
INSERT INTO episode (episode_id, title, description, releasedate, duration, season_season_id) VALUES (154, 'Episode 4', 'Seeded episode', '2009-05-19', 34, 16);
INSERT INTO episode (episode_id, title, description, releasedate, duration, season_season_id) VALUES (155, 'Episode 5', 'Seeded episode', '2009-05-19', 35, 16);
INSERT INTO episode (episode_id, title, description, releasedate, duration, season_season_id) VALUES (156, 'Episode 6', 'Seeded episode', '2009-05-19', 36, 16);
INSERT INTO episode (episode_id, title, description, releasedate, duration, season_season_id) VALUES (157, 'Episode 7', 'Seeded episode', '2009-05-19', 37, 16);
INSERT INTO episode (episode_id, title, description, releasedate, duration, season_season_id) VALUES (158, 'Episode 8', 'Seeded episode', '2009-05-19', 38, 16);
INSERT INTO episode (episode_id, title, description, releasedate, duration, season_season_id) VALUES (159, 'Episode 9', 'Seeded episode', '2009-05-19', 39, 16);
INSERT INTO episode (episode_id, title, description, releasedate, duration, season_season_id) VALUES (160, 'Episode 10', 'Seeded episode', '2009-05-19', 40, 16);

INSERT INTO content (content_id, originaltitle, title, description, rating, releasedate, thumbnail, type) VALUES (109, 'Revenge', 'Revenge', 'This is not a story about forgiveness; Revenge is a show about retribution. Meet Emily Thorne, the newest resident of The Hamptons. When she was a little girl (and known as Amanda Clarke) her father, David Clarke, was framed for a horrific crime and subsequently sent to prison. While serving his time, the conspirators plotted and murdered David in order to prevent the truth from coming out. Emily is now back with a new identity and ready to take vengeance on the people that murdered her father and stole her childhood.', 7.7, '2011-09-21', 'https://static.tvmaze.com/uploads/images/original_untouched/82/206879.jpg', 'SHOW');
INSERT INTO shows (shows_id, content_content_id) VALUES (9, 109);
INSERT INTO season (season_id, title, releasedate, shows_shows_id) VALUES (17, 'Season 1', '2011-09-21', 9);
INSERT INTO episode (episode_id, title, description, releasedate, duration, season_season_id) VALUES (161, 'Episode 1', 'Seeded episode', '2011-09-21', 31, 17);
INSERT INTO episode (episode_id, title, description, releasedate, duration, season_season_id) VALUES (162, 'Episode 2', 'Seeded episode', '2011-09-21', 32, 17);
INSERT INTO episode (episode_id, title, description, releasedate, duration, season_season_id) VALUES (163, 'Episode 3', 'Seeded episode', '2011-09-21', 33, 17);
INSERT INTO episode (episode_id, title, description, releasedate, duration, season_season_id) VALUES (164, 'Episode 4', 'Seeded episode', '2011-09-21', 34, 17);
INSERT INTO episode (episode_id, title, description, releasedate, duration, season_season_id) VALUES (165, 'Episode 5', 'Seeded episode', '2011-09-21', 35, 17);
INSERT INTO episode (episode_id, title, description, releasedate, duration, season_season_id) VALUES (166, 'Episode 6', 'Seeded episode', '2011-09-21', 36, 17);
INSERT INTO episode (episode_id, title, description, releasedate, duration, season_season_id) VALUES (167, 'Episode 7', 'Seeded episode', '2011-09-21', 37, 17);
INSERT INTO episode (episode_id, title, description, releasedate, duration, season_season_id) VALUES (168, 'Episode 8', 'Seeded episode', '2011-09-21', 38, 17);
INSERT INTO episode (episode_id, title, description, releasedate, duration, season_season_id) VALUES (169, 'Episode 9', 'Seeded episode', '2011-09-21', 39, 17);
INSERT INTO episode (episode_id, title, description, releasedate, duration, season_season_id) VALUES (170, 'Episode 10', 'Seeded episode', '2011-09-21', 40, 17);
INSERT INTO season (season_id, title, releasedate, shows_shows_id) VALUES (18, 'Season 2', '2011-09-21', 9);
INSERT INTO episode (episode_id, title, description, releasedate, duration, season_season_id) VALUES (171, 'Episode 1', 'Seeded episode', '2011-09-21', 31, 18);
INSERT INTO episode (episode_id, title, description, releasedate, duration, season_season_id) VALUES (172, 'Episode 2', 'Seeded episode', '2011-09-21', 32, 18);
INSERT INTO episode (episode_id, title, description, releasedate, duration, season_season_id) VALUES (173, 'Episode 3', 'Seeded episode', '2011-09-21', 33, 18);
INSERT INTO episode (episode_id, title, description, releasedate, duration, season_season_id) VALUES (174, 'Episode 4', 'Seeded episode', '2011-09-21', 34, 18);
INSERT INTO episode (episode_id, title, description, releasedate, duration, season_season_id) VALUES (175, 'Episode 5', 'Seeded episode', '2011-09-21', 35, 18);
INSERT INTO episode (episode_id, title, description, releasedate, duration, season_season_id) VALUES (176, 'Episode 6', 'Seeded episode', '2011-09-21', 36, 18);
INSERT INTO episode (episode_id, title, description, releasedate, duration, season_season_id) VALUES (177, 'Episode 7', 'Seeded episode', '2011-09-21', 37, 18);
INSERT INTO episode (episode_id, title, description, releasedate, duration, season_season_id) VALUES (178, 'Episode 8', 'Seeded episode', '2011-09-21', 38, 18);
INSERT INTO episode (episode_id, title, description, releasedate, duration, season_season_id) VALUES (179, 'Episode 9', 'Seeded episode', '2011-09-21', 39, 18);
INSERT INTO episode (episode_id, title, description, releasedate, duration, season_season_id) VALUES (180, 'Episode 10', 'Seeded episode', '2011-09-21', 40, 18);

INSERT INTO content (content_id, originaltitle, title, description, rating, releasedate, thumbnail, type) VALUES (110, 'Grimm', 'Grimm', 'Grimm is a drama series inspired by the classic Grimm Brothers'' Fairy Tales. After Portland homicide detective Nick Burkhardt discovers he''s descended from an elite line of criminal profilers known as "Grimms", he increasingly finds his responsibilities as a detective at odds with his new responsibilities as a Grimm.', 8.4, '2011-10-28', 'https://static.tvmaze.com/uploads/images/original_untouched/69/174906.jpg', 'SHOW');
INSERT INTO shows (shows_id, content_content_id) VALUES (10, 110);
INSERT INTO season (season_id, title, releasedate, shows_shows_id) VALUES (19, 'Season 1', '2011-10-28', 10);
INSERT INTO episode (episode_id, title, description, releasedate, duration, season_season_id) VALUES (181, 'Episode 1', 'Seeded episode', '2011-10-28', 31, 19);
INSERT INTO episode (episode_id, title, description, releasedate, duration, season_season_id) VALUES (182, 'Episode 2', 'Seeded episode', '2011-10-28', 32, 19);
INSERT INTO episode (episode_id, title, description, releasedate, duration, season_season_id) VALUES (183, 'Episode 3', 'Seeded episode', '2011-10-28', 33, 19);
INSERT INTO episode (episode_id, title, description, releasedate, duration, season_season_id) VALUES (184, 'Episode 4', 'Seeded episode', '2011-10-28', 34, 19);
INSERT INTO episode (episode_id, title, description, releasedate, duration, season_season_id) VALUES (185, 'Episode 5', 'Seeded episode', '2011-10-28', 35, 19);
INSERT INTO episode (episode_id, title, description, releasedate, duration, season_season_id) VALUES (186, 'Episode 6', 'Seeded episode', '2011-10-28', 36, 19);
INSERT INTO episode (episode_id, title, description, releasedate, duration, season_season_id) VALUES (187, 'Episode 7', 'Seeded episode', '2011-10-28', 37, 19);
INSERT INTO episode (episode_id, title, description, releasedate, duration, season_season_id) VALUES (188, 'Episode 8', 'Seeded episode', '2011-10-28', 38, 19);
INSERT INTO episode (episode_id, title, description, releasedate, duration, season_season_id) VALUES (189, 'Episode 9', 'Seeded episode', '2011-10-28', 39, 19);
INSERT INTO episode (episode_id, title, description, releasedate, duration, season_season_id) VALUES (190, 'Episode 10', 'Seeded episode', '2011-10-28', 40, 19);
INSERT INTO season (season_id, title, releasedate, shows_shows_id) VALUES (20, 'Season 2', '2011-10-28', 10);
INSERT INTO episode (episode_id, title, description, releasedate, duration, season_season_id) VALUES (191, 'Episode 1', 'Seeded episode', '2011-10-28', 31, 20);
INSERT INTO episode (episode_id, title, description, releasedate, duration, season_season_id) VALUES (192, 'Episode 2', 'Seeded episode', '2011-10-28', 32, 20);
INSERT INTO episode (episode_id, title, description, releasedate, duration, season_season_id) VALUES (193, 'Episode 3', 'Seeded episode', '2011-10-28', 33, 20);
INSERT INTO episode (episode_id, title, description, releasedate, duration, season_season_id) VALUES (194, 'Episode 4', 'Seeded episode', '2011-10-28', 34, 20);
INSERT INTO episode (episode_id, title, description, releasedate, duration, season_season_id) VALUES (195, 'Episode 5', 'Seeded episode', '2011-10-28', 35, 20);
INSERT INTO episode (episode_id, title, description, releasedate, duration, season_season_id) VALUES (196, 'Episode 6', 'Seeded episode', '2011-10-28', 36, 20);
INSERT INTO episode (episode_id, title, description, releasedate, duration, season_season_id) VALUES (197, 'Episode 7', 'Seeded episode', '2011-10-28', 37, 20);
INSERT INTO episode (episode_id, title, description, releasedate, duration, season_season_id) VALUES (198, 'Episode 8', 'Seeded episode', '2011-10-28', 38, 20);
INSERT INTO episode (episode_id, title, description, releasedate, duration, season_season_id) VALUES (199, 'Episode 9', 'Seeded episode', '2011-10-28', 39, 20);
INSERT INTO episode (episode_id, title, description, releasedate, duration, season_season_id) VALUES (200, 'Episode 10', 'Seeded episode', '2011-10-28', 40, 20);

INSERT INTO content (content_id, originaltitle, title, description, rating, releasedate, thumbnail, type) VALUES (111, 'Gotham', 'Gotham', 'The good. The evil. The beginning.Everyone knows the name Commissioner Gordon. He is one of the crime world''s greatest foes, a man whose reputation is synonymous with law and order. But what is known of Gordon''s story and his rise from rookie detective to Police Commissioner? What did it take to navigate the multiple layers of corruption that secretly ruled Gotham City, the spawning ground of the world''s most iconic villains? And what circumstances created them – the larger-than-life personas who would become Catwoman, The Penguin, The Riddler, Two-Face and The Joker?Gotham is an origin story of the great DC Comics Super-Villains and vigilantes, revealing an entirely new chapter that has never been told. It follows one cop''s rise through a dangerously corrupt city teetering between good and evil, and chronicles the birth of one of the most popular super heroes of our time.', 7.7, '2014-09-22', 'https://static.tvmaze.com/uploads/images/original_untouched/189/474715.jpg', 'SHOW');
INSERT INTO shows (shows_id, content_content_id) VALUES (11, 111);
INSERT INTO season (season_id, title, releasedate, shows_shows_id) VALUES (21, 'Season 1', '2014-09-22', 11);
INSERT INTO episode (episode_id, title, description, releasedate, duration, season_season_id) VALUES (201, 'Episode 1', 'Seeded episode', '2014-09-22', 31, 21);
INSERT INTO episode (episode_id, title, description, releasedate, duration, season_season_id) VALUES (202, 'Episode 2', 'Seeded episode', '2014-09-22', 32, 21);
INSERT INTO episode (episode_id, title, description, releasedate, duration, season_season_id) VALUES (203, 'Episode 3', 'Seeded episode', '2014-09-22', 33, 21);
INSERT INTO episode (episode_id, title, description, releasedate, duration, season_season_id) VALUES (204, 'Episode 4', 'Seeded episode', '2014-09-22', 34, 21);
INSERT INTO episode (episode_id, title, description, releasedate, duration, season_season_id) VALUES (205, 'Episode 5', 'Seeded episode', '2014-09-22', 35, 21);
INSERT INTO episode (episode_id, title, description, releasedate, duration, season_season_id) VALUES (206, 'Episode 6', 'Seeded episode', '2014-09-22', 36, 21);
INSERT INTO episode (episode_id, title, description, releasedate, duration, season_season_id) VALUES (207, 'Episode 7', 'Seeded episode', '2014-09-22', 37, 21);
INSERT INTO episode (episode_id, title, description, releasedate, duration, season_season_id) VALUES (208, 'Episode 8', 'Seeded episode', '2014-09-22', 38, 21);
INSERT INTO episode (episode_id, title, description, releasedate, duration, season_season_id) VALUES (209, 'Episode 9', 'Seeded episode', '2014-09-22', 39, 21);
INSERT INTO episode (episode_id, title, description, releasedate, duration, season_season_id) VALUES (210, 'Episode 10', 'Seeded episode', '2014-09-22', 40, 21);
INSERT INTO season (season_id, title, releasedate, shows_shows_id) VALUES (22, 'Season 2', '2014-09-22', 11);
INSERT INTO episode (episode_id, title, description, releasedate, duration, season_season_id) VALUES (211, 'Episode 1', 'Seeded episode', '2014-09-22', 31, 22);
INSERT INTO episode (episode_id, title, description, releasedate, duration, season_season_id) VALUES (212, 'Episode 2', 'Seeded episode', '2014-09-22', 32, 22);
INSERT INTO episode (episode_id, title, description, releasedate, duration, season_season_id) VALUES (213, 'Episode 3', 'Seeded episode', '2014-09-22', 33, 22);
INSERT INTO episode (episode_id, title, description, releasedate, duration, season_season_id) VALUES (214, 'Episode 4', 'Seeded episode', '2014-09-22', 34, 22);
INSERT INTO episode (episode_id, title, description, releasedate, duration, season_season_id) VALUES (215, 'Episode 5', 'Seeded episode', '2014-09-22', 35, 22);
INSERT INTO episode (episode_id, title, description, releasedate, duration, season_season_id) VALUES (216, 'Episode 6', 'Seeded episode', '2014-09-22', 36, 22);
INSERT INTO episode (episode_id, title, description, releasedate, duration, season_season_id) VALUES (217, 'Episode 7', 'Seeded episode', '2014-09-22', 37, 22);
INSERT INTO episode (episode_id, title, description, releasedate, duration, season_season_id) VALUES (218, 'Episode 8', 'Seeded episode', '2014-09-22', 38, 22);
INSERT INTO episode (episode_id, title, description, releasedate, duration, season_season_id) VALUES (219, 'Episode 9', 'Seeded episode', '2014-09-22', 39, 22);
INSERT INTO episode (episode_id, title, description, releasedate, duration, season_season_id) VALUES (220, 'Episode 10', 'Seeded episode', '2014-09-22', 40, 22);

INSERT INTO content (content_id, originaltitle, title, description, rating, releasedate, thumbnail, type) VALUES (112, 'Lost Girl', 'Lost Girl', 'Lost Girl follows supernatural seductress Bo, a Succubus who feeds on the sexual energy of humans. Growing up with human parents, Bo had no reason to believe she was anything other than the girl next door — until she drained her boyfriend to death in their first sexual encounter. Now she has hit the road alone and afraid.  She discovers she is one of the Fae, creatures of legend and folklore, who pass as humans while feeding off them secretly and in different ways, as they have for millennia. Relieved yet horrified to find out that she is not alone, Bo decides to take the middle path between the humans and the Fae while embarking on a personal mission to unlock the secrets of her origin.With the help of her human sidekick, Kenzi, and Dyson, a sexy police detective, Bo takes on a challenge every week helping a Fae or human client who comes to her to solve a mystery, or to right a wrong.', 7.9, '2010-09-12', 'https://static.tvmaze.com/uploads/images/original_untouched/0/137.jpg', 'SHOW');
INSERT INTO shows (shows_id, content_content_id) VALUES (12, 112);
INSERT INTO season (season_id, title, releasedate, shows_shows_id) VALUES (23, 'Season 1', '2010-09-12', 12);
INSERT INTO episode (episode_id, title, description, releasedate, duration, season_season_id) VALUES (221, 'Episode 1', 'Seeded episode', '2010-09-12', 31, 23);
INSERT INTO episode (episode_id, title, description, releasedate, duration, season_season_id) VALUES (222, 'Episode 2', 'Seeded episode', '2010-09-12', 32, 23);
INSERT INTO episode (episode_id, title, description, releasedate, duration, season_season_id) VALUES (223, 'Episode 3', 'Seeded episode', '2010-09-12', 33, 23);
INSERT INTO episode (episode_id, title, description, releasedate, duration, season_season_id) VALUES (224, 'Episode 4', 'Seeded episode', '2010-09-12', 34, 23);
INSERT INTO episode (episode_id, title, description, releasedate, duration, season_season_id) VALUES (225, 'Episode 5', 'Seeded episode', '2010-09-12', 35, 23);
INSERT INTO episode (episode_id, title, description, releasedate, duration, season_season_id) VALUES (226, 'Episode 6', 'Seeded episode', '2010-09-12', 36, 23);
INSERT INTO episode (episode_id, title, description, releasedate, duration, season_season_id) VALUES (227, 'Episode 7', 'Seeded episode', '2010-09-12', 37, 23);
INSERT INTO episode (episode_id, title, description, releasedate, duration, season_season_id) VALUES (228, 'Episode 8', 'Seeded episode', '2010-09-12', 38, 23);
INSERT INTO episode (episode_id, title, description, releasedate, duration, season_season_id) VALUES (229, 'Episode 9', 'Seeded episode', '2010-09-12', 39, 23);
INSERT INTO episode (episode_id, title, description, releasedate, duration, season_season_id) VALUES (230, 'Episode 10', 'Seeded episode', '2010-09-12', 40, 23);
INSERT INTO season (season_id, title, releasedate, shows_shows_id) VALUES (24, 'Season 2', '2010-09-12', 12);
INSERT INTO episode (episode_id, title, description, releasedate, duration, season_season_id) VALUES (231, 'Episode 1', 'Seeded episode', '2010-09-12', 31, 24);
INSERT INTO episode (episode_id, title, description, releasedate, duration, season_season_id) VALUES (232, 'Episode 2', 'Seeded episode', '2010-09-12', 32, 24);
INSERT INTO episode (episode_id, title, description, releasedate, duration, season_season_id) VALUES (233, 'Episode 3', 'Seeded episode', '2010-09-12', 33, 24);
INSERT INTO episode (episode_id, title, description, releasedate, duration, season_season_id) VALUES (234, 'Episode 4', 'Seeded episode', '2010-09-12', 34, 24);
INSERT INTO episode (episode_id, title, description, releasedate, duration, season_season_id) VALUES (235, 'Episode 5', 'Seeded episode', '2010-09-12', 35, 24);
INSERT INTO episode (episode_id, title, description, releasedate, duration, season_season_id) VALUES (236, 'Episode 6', 'Seeded episode', '2010-09-12', 36, 24);
INSERT INTO episode (episode_id, title, description, releasedate, duration, season_season_id) VALUES (237, 'Episode 7', 'Seeded episode', '2010-09-12', 37, 24);
INSERT INTO episode (episode_id, title, description, releasedate, duration, season_season_id) VALUES (238, 'Episode 8', 'Seeded episode', '2010-09-12', 38, 24);
INSERT INTO episode (episode_id, title, description, releasedate, duration, season_season_id) VALUES (239, 'Episode 9', 'Seeded episode', '2010-09-12', 39, 24);
INSERT INTO episode (episode_id, title, description, releasedate, duration, season_season_id) VALUES (240, 'Episode 10', 'Seeded episode', '2010-09-12', 40, 24);

INSERT INTO content (content_id, originaltitle, title, description, rating, releasedate, thumbnail, type) VALUES (113, 'The Flash', 'The Flash', 'After a particle accelerator causes a freak storm, CSI Investigator Barry Allen is struck by lightning and falls into a coma. Months later he awakens with the power of super speed, granting him the ability to move through Central City like an unseen guardian angel. Though initially excited by his newfound powers, Barry is shocked to discover he is not the only "meta-human" who was created in the wake of the accelerator explosion -- and not everyone is using their new powers for good. Barry partners with S.T.A.R. Labs and dedicates his life to protect the innocent. For now, only a few close friends and associates know that Barry is literally the fastest man alive, but it won''t be long before the world learns what Barry Allen has become...The Flash!', 7.5, '2014-10-07', 'https://static.tvmaze.com/uploads/images/original_untouched/448/1121792.jpg', 'SHOW');
INSERT INTO shows (shows_id, content_content_id) VALUES (13, 113);
INSERT INTO season (season_id, title, releasedate, shows_shows_id) VALUES (25, 'Season 1', '2014-10-07', 13);
INSERT INTO episode (episode_id, title, description, releasedate, duration, season_season_id) VALUES (241, 'Episode 1', 'Seeded episode', '2014-10-07', 31, 25);
INSERT INTO episode (episode_id, title, description, releasedate, duration, season_season_id) VALUES (242, 'Episode 2', 'Seeded episode', '2014-10-07', 32, 25);
INSERT INTO episode (episode_id, title, description, releasedate, duration, season_season_id) VALUES (243, 'Episode 3', 'Seeded episode', '2014-10-07', 33, 25);
INSERT INTO episode (episode_id, title, description, releasedate, duration, season_season_id) VALUES (244, 'Episode 4', 'Seeded episode', '2014-10-07', 34, 25);
INSERT INTO episode (episode_id, title, description, releasedate, duration, season_season_id) VALUES (245, 'Episode 5', 'Seeded episode', '2014-10-07', 35, 25);
INSERT INTO episode (episode_id, title, description, releasedate, duration, season_season_id) VALUES (246, 'Episode 6', 'Seeded episode', '2014-10-07', 36, 25);
INSERT INTO episode (episode_id, title, description, releasedate, duration, season_season_id) VALUES (247, 'Episode 7', 'Seeded episode', '2014-10-07', 37, 25);
INSERT INTO episode (episode_id, title, description, releasedate, duration, season_season_id) VALUES (248, 'Episode 8', 'Seeded episode', '2014-10-07', 38, 25);
INSERT INTO episode (episode_id, title, description, releasedate, duration, season_season_id) VALUES (249, 'Episode 9', 'Seeded episode', '2014-10-07', 39, 25);
INSERT INTO episode (episode_id, title, description, releasedate, duration, season_season_id) VALUES (250, 'Episode 10', 'Seeded episode', '2014-10-07', 40, 25);
INSERT INTO season (season_id, title, releasedate, shows_shows_id) VALUES (26, 'Season 2', '2014-10-07', 13);
INSERT INTO episode (episode_id, title, description, releasedate, duration, season_season_id) VALUES (251, 'Episode 1', 'Seeded episode', '2014-10-07', 31, 26);
INSERT INTO episode (episode_id, title, description, releasedate, duration, season_season_id) VALUES (252, 'Episode 2', 'Seeded episode', '2014-10-07', 32, 26);
INSERT INTO episode (episode_id, title, description, releasedate, duration, season_season_id) VALUES (253, 'Episode 3', 'Seeded episode', '2014-10-07', 33, 26);
INSERT INTO episode (episode_id, title, description, releasedate, duration, season_season_id) VALUES (254, 'Episode 4', 'Seeded episode', '2014-10-07', 34, 26);
INSERT INTO episode (episode_id, title, description, releasedate, duration, season_season_id) VALUES (255, 'Episode 5', 'Seeded episode', '2014-10-07', 35, 26);
INSERT INTO episode (episode_id, title, description, releasedate, duration, season_season_id) VALUES (256, 'Episode 6', 'Seeded episode', '2014-10-07', 36, 26);
INSERT INTO episode (episode_id, title, description, releasedate, duration, season_season_id) VALUES (257, 'Episode 7', 'Seeded episode', '2014-10-07', 37, 26);
INSERT INTO episode (episode_id, title, description, releasedate, duration, season_season_id) VALUES (258, 'Episode 8', 'Seeded episode', '2014-10-07', 38, 26);
INSERT INTO episode (episode_id, title, description, releasedate, duration, season_season_id) VALUES (259, 'Episode 9', 'Seeded episode', '2014-10-07', 39, 26);
INSERT INTO episode (episode_id, title, description, releasedate, duration, season_season_id) VALUES (260, 'Episode 10', 'Seeded episode', '2014-10-07', 40, 26);

INSERT INTO content (content_id, originaltitle, title, description, rating, releasedate, thumbnail, type) VALUES (114, 'Continuum', 'Continuum', 'Continuum centers on the conflict between a group of rebels from the year 2077 who time-travel to Vancouver, BC, in 2012, and a police officer who accidentally accompanies them. In spite of being many years early, the rebel group decides to continue its violent campaign to stop corporations of the future from replacing governments, while the police officer endeavours to stop them without revealing to anyone that she and the rebels are from the future.', 8.0, '2012-05-27', 'https://static.tvmaze.com/uploads/images/original_untouched/0/184.jpg', 'SHOW');
INSERT INTO shows (shows_id, content_content_id) VALUES (14, 114);
INSERT INTO season (season_id, title, releasedate, shows_shows_id) VALUES (27, 'Season 1', '2012-05-27', 14);
INSERT INTO episode (episode_id, title, description, releasedate, duration, season_season_id) VALUES (261, 'Episode 1', 'Seeded episode', '2012-05-27', 31, 27);
INSERT INTO episode (episode_id, title, description, releasedate, duration, season_season_id) VALUES (262, 'Episode 2', 'Seeded episode', '2012-05-27', 32, 27);
INSERT INTO episode (episode_id, title, description, releasedate, duration, season_season_id) VALUES (263, 'Episode 3', 'Seeded episode', '2012-05-27', 33, 27);
INSERT INTO episode (episode_id, title, description, releasedate, duration, season_season_id) VALUES (264, 'Episode 4', 'Seeded episode', '2012-05-27', 34, 27);
INSERT INTO episode (episode_id, title, description, releasedate, duration, season_season_id) VALUES (265, 'Episode 5', 'Seeded episode', '2012-05-27', 35, 27);
INSERT INTO episode (episode_id, title, description, releasedate, duration, season_season_id) VALUES (266, 'Episode 6', 'Seeded episode', '2012-05-27', 36, 27);
INSERT INTO episode (episode_id, title, description, releasedate, duration, season_season_id) VALUES (267, 'Episode 7', 'Seeded episode', '2012-05-27', 37, 27);
INSERT INTO episode (episode_id, title, description, releasedate, duration, season_season_id) VALUES (268, 'Episode 8', 'Seeded episode', '2012-05-27', 38, 27);
INSERT INTO episode (episode_id, title, description, releasedate, duration, season_season_id) VALUES (269, 'Episode 9', 'Seeded episode', '2012-05-27', 39, 27);
INSERT INTO episode (episode_id, title, description, releasedate, duration, season_season_id) VALUES (270, 'Episode 10', 'Seeded episode', '2012-05-27', 40, 27);
INSERT INTO season (season_id, title, releasedate, shows_shows_id) VALUES (28, 'Season 2', '2012-05-27', 14);
INSERT INTO episode (episode_id, title, description, releasedate, duration, season_season_id) VALUES (271, 'Episode 1', 'Seeded episode', '2012-05-27', 31, 28);
INSERT INTO episode (episode_id, title, description, releasedate, duration, season_season_id) VALUES (272, 'Episode 2', 'Seeded episode', '2012-05-27', 32, 28);
INSERT INTO episode (episode_id, title, description, releasedate, duration, season_season_id) VALUES (273, 'Episode 3', 'Seeded episode', '2012-05-27', 33, 28);
INSERT INTO episode (episode_id, title, description, releasedate, duration, season_season_id) VALUES (274, 'Episode 4', 'Seeded episode', '2012-05-27', 34, 28);
INSERT INTO episode (episode_id, title, description, releasedate, duration, season_season_id) VALUES (275, 'Episode 5', 'Seeded episode', '2012-05-27', 35, 28);
INSERT INTO episode (episode_id, title, description, releasedate, duration, season_season_id) VALUES (276, 'Episode 6', 'Seeded episode', '2012-05-27', 36, 28);
INSERT INTO episode (episode_id, title, description, releasedate, duration, season_season_id) VALUES (277, 'Episode 7', 'Seeded episode', '2012-05-27', 37, 28);
INSERT INTO episode (episode_id, title, description, releasedate, duration, season_season_id) VALUES (278, 'Episode 8', 'Seeded episode', '2012-05-27', 38, 28);
INSERT INTO episode (episode_id, title, description, releasedate, duration, season_season_id) VALUES (279, 'Episode 9', 'Seeded episode', '2012-05-27', 39, 28);
INSERT INTO episode (episode_id, title, description, releasedate, duration, season_season_id) VALUES (280, 'Episode 10', 'Seeded episode', '2012-05-27', 40, 28);

INSERT INTO content (content_id, originaltitle, title, description, rating, releasedate, thumbnail, type) VALUES (115, 'Constantine', 'Constantine', 'Based on the wildly popular comic book series "Hellblazer" from DC Comics, seasoned demon hunter and master of the occult John Constantine is armed with a ferocious knowledge of the dark arts and a wickedly naughty wit. He fights the good fight - or at least he did. With his soul already damned to hell, he''s decided to abandon his campaign against evil until a series of events thrusts him back into the fray, and he''ll do whatever it takes to protect the innocent. With the balance of good and evil on the line‎, Constantine will use his skills to travel the country, find the supernatural terrors that threaten our world and send them back where they belong. After that, who knows... maybe there''s hope for him and his soul after all.', 7.5, '2014-10-24', 'https://static.tvmaze.com/uploads/images/original_untouched/0/154.jpg', 'SHOW');
INSERT INTO shows (shows_id, content_content_id) VALUES (15, 115);
INSERT INTO season (season_id, title, releasedate, shows_shows_id) VALUES (29, 'Season 1', '2014-10-24', 15);
INSERT INTO episode (episode_id, title, description, releasedate, duration, season_season_id) VALUES (281, 'Episode 1', 'Seeded episode', '2014-10-24', 31, 29);
INSERT INTO episode (episode_id, title, description, releasedate, duration, season_season_id) VALUES (282, 'Episode 2', 'Seeded episode', '2014-10-24', 32, 29);
INSERT INTO episode (episode_id, title, description, releasedate, duration, season_season_id) VALUES (283, 'Episode 3', 'Seeded episode', '2014-10-24', 33, 29);
INSERT INTO episode (episode_id, title, description, releasedate, duration, season_season_id) VALUES (284, 'Episode 4', 'Seeded episode', '2014-10-24', 34, 29);
INSERT INTO episode (episode_id, title, description, releasedate, duration, season_season_id) VALUES (285, 'Episode 5', 'Seeded episode', '2014-10-24', 35, 29);
INSERT INTO episode (episode_id, title, description, releasedate, duration, season_season_id) VALUES (286, 'Episode 6', 'Seeded episode', '2014-10-24', 36, 29);
INSERT INTO episode (episode_id, title, description, releasedate, duration, season_season_id) VALUES (287, 'Episode 7', 'Seeded episode', '2014-10-24', 37, 29);
INSERT INTO episode (episode_id, title, description, releasedate, duration, season_season_id) VALUES (288, 'Episode 8', 'Seeded episode', '2014-10-24', 38, 29);
INSERT INTO episode (episode_id, title, description, releasedate, duration, season_season_id) VALUES (289, 'Episode 9', 'Seeded episode', '2014-10-24', 39, 29);
INSERT INTO episode (episode_id, title, description, releasedate, duration, season_season_id) VALUES (290, 'Episode 10', 'Seeded episode', '2014-10-24', 40, 29);
INSERT INTO season (season_id, title, releasedate, shows_shows_id) VALUES (30, 'Season 2', '2014-10-24', 15);
INSERT INTO episode (episode_id, title, description, releasedate, duration, season_season_id) VALUES (291, 'Episode 1', 'Seeded episode', '2014-10-24', 31, 30);
INSERT INTO episode (episode_id, title, description, releasedate, duration, season_season_id) VALUES (292, 'Episode 2', 'Seeded episode', '2014-10-24', 32, 30);
INSERT INTO episode (episode_id, title, description, releasedate, duration, season_season_id) VALUES (293, 'Episode 3', 'Seeded episode', '2014-10-24', 33, 30);
INSERT INTO episode (episode_id, title, description, releasedate, duration, season_season_id) VALUES (294, 'Episode 4', 'Seeded episode', '2014-10-24', 34, 30);
INSERT INTO episode (episode_id, title, description, releasedate, duration, season_season_id) VALUES (295, 'Episode 5', 'Seeded episode', '2014-10-24', 35, 30);
INSERT INTO episode (episode_id, title, description, releasedate, duration, season_season_id) VALUES (296, 'Episode 6', 'Seeded episode', '2014-10-24', 36, 30);
INSERT INTO episode (episode_id, title, description, releasedate, duration, season_season_id) VALUES (297, 'Episode 7', 'Seeded episode', '2014-10-24', 37, 30);
INSERT INTO episode (episode_id, title, description, releasedate, duration, season_season_id) VALUES (298, 'Episode 8', 'Seeded episode', '2014-10-24', 38, 30);
INSERT INTO episode (episode_id, title, description, releasedate, duration, season_season_id) VALUES (299, 'Episode 9', 'Seeded episode', '2014-10-24', 39, 30);
INSERT INTO episode (episode_id, title, description, releasedate, duration, season_season_id) VALUES (300, 'Episode 10', 'Seeded episode', '2014-10-24', 40, 30);

INSERT INTO content (content_id, originaltitle, title, description, rating, releasedate, thumbnail, type) VALUES (116, 'Penny Dreadful', 'Penny Dreadful', 'Some of literature''s most terrifying characters, including Dr. Frankenstein and his monster, Dorian Gray, and iconic figures from the novel Dracula are lurking in the darkest corners of Victorian London. They are joined by a core of original characters in a complex, frightening new narrative. Penny Dreadful is a psychological thriller filled with dark mystery and suspense, where personal demons from the past can be stronger than vampires, evil spirits and immortal beasts.', 8.2, '2014-05-11', 'https://static.tvmaze.com/uploads/images/original_untouched/48/122260.jpg', 'SHOW');
INSERT INTO shows (shows_id, content_content_id) VALUES (16, 116);
INSERT INTO season (season_id, title, releasedate, shows_shows_id) VALUES (31, 'Season 1', '2014-05-11', 16);
INSERT INTO episode (episode_id, title, description, releasedate, duration, season_season_id) VALUES (301, 'Episode 1', 'Seeded episode', '2014-05-11', 31, 31);
INSERT INTO episode (episode_id, title, description, releasedate, duration, season_season_id) VALUES (302, 'Episode 2', 'Seeded episode', '2014-05-11', 32, 31);
INSERT INTO episode (episode_id, title, description, releasedate, duration, season_season_id) VALUES (303, 'Episode 3', 'Seeded episode', '2014-05-11', 33, 31);
INSERT INTO episode (episode_id, title, description, releasedate, duration, season_season_id) VALUES (304, 'Episode 4', 'Seeded episode', '2014-05-11', 34, 31);
INSERT INTO episode (episode_id, title, description, releasedate, duration, season_season_id) VALUES (305, 'Episode 5', 'Seeded episode', '2014-05-11', 35, 31);
INSERT INTO episode (episode_id, title, description, releasedate, duration, season_season_id) VALUES (306, 'Episode 6', 'Seeded episode', '2014-05-11', 36, 31);
INSERT INTO episode (episode_id, title, description, releasedate, duration, season_season_id) VALUES (307, 'Episode 7', 'Seeded episode', '2014-05-11', 37, 31);
INSERT INTO episode (episode_id, title, description, releasedate, duration, season_season_id) VALUES (308, 'Episode 8', 'Seeded episode', '2014-05-11', 38, 31);
INSERT INTO episode (episode_id, title, description, releasedate, duration, season_season_id) VALUES (309, 'Episode 9', 'Seeded episode', '2014-05-11', 39, 31);
INSERT INTO episode (episode_id, title, description, releasedate, duration, season_season_id) VALUES (310, 'Episode 10', 'Seeded episode', '2014-05-11', 40, 31);
INSERT INTO season (season_id, title, releasedate, shows_shows_id) VALUES (32, 'Season 2', '2014-05-11', 16);
INSERT INTO episode (episode_id, title, description, releasedate, duration, season_season_id) VALUES (311, 'Episode 1', 'Seeded episode', '2014-05-11', 31, 32);
INSERT INTO episode (episode_id, title, description, releasedate, duration, season_season_id) VALUES (312, 'Episode 2', 'Seeded episode', '2014-05-11', 32, 32);
INSERT INTO episode (episode_id, title, description, releasedate, duration, season_season_id) VALUES (313, 'Episode 3', 'Seeded episode', '2014-05-11', 33, 32);
INSERT INTO episode (episode_id, title, description, releasedate, duration, season_season_id) VALUES (314, 'Episode 4', 'Seeded episode', '2014-05-11', 34, 32);
INSERT INTO episode (episode_id, title, description, releasedate, duration, season_season_id) VALUES (315, 'Episode 5', 'Seeded episode', '2014-05-11', 35, 32);
INSERT INTO episode (episode_id, title, description, releasedate, duration, season_season_id) VALUES (316, 'Episode 6', 'Seeded episode', '2014-05-11', 36, 32);
INSERT INTO episode (episode_id, title, description, releasedate, duration, season_season_id) VALUES (317, 'Episode 7', 'Seeded episode', '2014-05-11', 37, 32);
INSERT INTO episode (episode_id, title, description, releasedate, duration, season_season_id) VALUES (318, 'Episode 8', 'Seeded episode', '2014-05-11', 38, 32);
INSERT INTO episode (episode_id, title, description, releasedate, duration, season_season_id) VALUES (319, 'Episode 9', 'Seeded episode', '2014-05-11', 39, 32);
INSERT INTO episode (episode_id, title, description, releasedate, duration, season_season_id) VALUES (320, 'Episode 10', 'Seeded episode', '2014-05-11', 40, 32);

INSERT INTO content (content_id, originaltitle, title, description, rating, releasedate, thumbnail, type) VALUES (117, 'The Amazing Race', 'The Amazing Race', 'From athletes and actors to tattoo artists, social workers and musicians - a diverse mix of teams will need to utilize their street smarts and savvy know-how to compete in the race of their lifetime.', 6.8, '2001-09-05', 'https://static.tvmaze.com/uploads/images/original_untouched/587/1468637.jpg', 'SHOW');
INSERT INTO shows (shows_id, content_content_id) VALUES (17, 117);
INSERT INTO season (season_id, title, releasedate, shows_shows_id) VALUES (33, 'Season 1', '2001-09-05', 17);
INSERT INTO episode (episode_id, title, description, releasedate, duration, season_season_id) VALUES (321, 'Episode 1', 'Seeded episode', '2001-09-05', 31, 33);
INSERT INTO episode (episode_id, title, description, releasedate, duration, season_season_id) VALUES (322, 'Episode 2', 'Seeded episode', '2001-09-05', 32, 33);
INSERT INTO episode (episode_id, title, description, releasedate, duration, season_season_id) VALUES (323, 'Episode 3', 'Seeded episode', '2001-09-05', 33, 33);
INSERT INTO episode (episode_id, title, description, releasedate, duration, season_season_id) VALUES (324, 'Episode 4', 'Seeded episode', '2001-09-05', 34, 33);
INSERT INTO episode (episode_id, title, description, releasedate, duration, season_season_id) VALUES (325, 'Episode 5', 'Seeded episode', '2001-09-05', 35, 33);
INSERT INTO episode (episode_id, title, description, releasedate, duration, season_season_id) VALUES (326, 'Episode 6', 'Seeded episode', '2001-09-05', 36, 33);
INSERT INTO episode (episode_id, title, description, releasedate, duration, season_season_id) VALUES (327, 'Episode 7', 'Seeded episode', '2001-09-05', 37, 33);
INSERT INTO episode (episode_id, title, description, releasedate, duration, season_season_id) VALUES (328, 'Episode 8', 'Seeded episode', '2001-09-05', 38, 33);
INSERT INTO episode (episode_id, title, description, releasedate, duration, season_season_id) VALUES (329, 'Episode 9', 'Seeded episode', '2001-09-05', 39, 33);
INSERT INTO episode (episode_id, title, description, releasedate, duration, season_season_id) VALUES (330, 'Episode 10', 'Seeded episode', '2001-09-05', 40, 33);
INSERT INTO season (season_id, title, releasedate, shows_shows_id) VALUES (34, 'Season 2', '2001-09-05', 17);
INSERT INTO episode (episode_id, title, description, releasedate, duration, season_season_id) VALUES (331, 'Episode 1', 'Seeded episode', '2001-09-05', 31, 34);
INSERT INTO episode (episode_id, title, description, releasedate, duration, season_season_id) VALUES (332, 'Episode 2', 'Seeded episode', '2001-09-05', 32, 34);
INSERT INTO episode (episode_id, title, description, releasedate, duration, season_season_id) VALUES (333, 'Episode 3', 'Seeded episode', '2001-09-05', 33, 34);
INSERT INTO episode (episode_id, title, description, releasedate, duration, season_season_id) VALUES (334, 'Episode 4', 'Seeded episode', '2001-09-05', 34, 34);
INSERT INTO episode (episode_id, title, description, releasedate, duration, season_season_id) VALUES (335, 'Episode 5', 'Seeded episode', '2001-09-05', 35, 34);
INSERT INTO episode (episode_id, title, description, releasedate, duration, season_season_id) VALUES (336, 'Episode 6', 'Seeded episode', '2001-09-05', 36, 34);
INSERT INTO episode (episode_id, title, description, releasedate, duration, season_season_id) VALUES (337, 'Episode 7', 'Seeded episode', '2001-09-05', 37, 34);
INSERT INTO episode (episode_id, title, description, releasedate, duration, season_season_id) VALUES (338, 'Episode 8', 'Seeded episode', '2001-09-05', 38, 34);
INSERT INTO episode (episode_id, title, description, releasedate, duration, season_season_id) VALUES (339, 'Episode 9', 'Seeded episode', '2001-09-05', 39, 34);
INSERT INTO episode (episode_id, title, description, releasedate, duration, season_season_id) VALUES (340, 'Episode 10', 'Seeded episode', '2001-09-05', 40, 34);

INSERT INTO content (content_id, originaltitle, title, description, rating, releasedate, thumbnail, type) VALUES (118, 'Supernatural', 'Supernatural', 'This haunting series follows the Winchester brothers as they crisscross the lonely and mysterious back roads of the country in their ''67 Chevy Impala, hunting down every evil supernatural force they encounter along the way.', 8.3, '2005-09-13', 'https://static.tvmaze.com/uploads/images/original_untouched/445/1114097.jpg', 'SHOW');
INSERT INTO shows (shows_id, content_content_id) VALUES (18, 118);
INSERT INTO season (season_id, title, releasedate, shows_shows_id) VALUES (35, 'Season 1', '2005-09-13', 18);
INSERT INTO episode (episode_id, title, description, releasedate, duration, season_season_id) VALUES (341, 'Episode 1', 'Seeded episode', '2005-09-13', 31, 35);
INSERT INTO episode (episode_id, title, description, releasedate, duration, season_season_id) VALUES (342, 'Episode 2', 'Seeded episode', '2005-09-13', 32, 35);
INSERT INTO episode (episode_id, title, description, releasedate, duration, season_season_id) VALUES (343, 'Episode 3', 'Seeded episode', '2005-09-13', 33, 35);
INSERT INTO episode (episode_id, title, description, releasedate, duration, season_season_id) VALUES (344, 'Episode 4', 'Seeded episode', '2005-09-13', 34, 35);
INSERT INTO episode (episode_id, title, description, releasedate, duration, season_season_id) VALUES (345, 'Episode 5', 'Seeded episode', '2005-09-13', 35, 35);
INSERT INTO episode (episode_id, title, description, releasedate, duration, season_season_id) VALUES (346, 'Episode 6', 'Seeded episode', '2005-09-13', 36, 35);
INSERT INTO episode (episode_id, title, description, releasedate, duration, season_season_id) VALUES (347, 'Episode 7', 'Seeded episode', '2005-09-13', 37, 35);
INSERT INTO episode (episode_id, title, description, releasedate, duration, season_season_id) VALUES (348, 'Episode 8', 'Seeded episode', '2005-09-13', 38, 35);
INSERT INTO episode (episode_id, title, description, releasedate, duration, season_season_id) VALUES (349, 'Episode 9', 'Seeded episode', '2005-09-13', 39, 35);
INSERT INTO episode (episode_id, title, description, releasedate, duration, season_season_id) VALUES (350, 'Episode 10', 'Seeded episode', '2005-09-13', 40, 35);
INSERT INTO season (season_id, title, releasedate, shows_shows_id) VALUES (36, 'Season 2', '2005-09-13', 18);
INSERT INTO episode (episode_id, title, description, releasedate, duration, season_season_id) VALUES (351, 'Episode 1', 'Seeded episode', '2005-09-13', 31, 36);
INSERT INTO episode (episode_id, title, description, releasedate, duration, season_season_id) VALUES (352, 'Episode 2', 'Seeded episode', '2005-09-13', 32, 36);
INSERT INTO episode (episode_id, title, description, releasedate, duration, season_season_id) VALUES (353, 'Episode 3', 'Seeded episode', '2005-09-13', 33, 36);
INSERT INTO episode (episode_id, title, description, releasedate, duration, season_season_id) VALUES (354, 'Episode 4', 'Seeded episode', '2005-09-13', 34, 36);
INSERT INTO episode (episode_id, title, description, releasedate, duration, season_season_id) VALUES (355, 'Episode 5', 'Seeded episode', '2005-09-13', 35, 36);
INSERT INTO episode (episode_id, title, description, releasedate, duration, season_season_id) VALUES (356, 'Episode 6', 'Seeded episode', '2005-09-13', 36, 36);
INSERT INTO episode (episode_id, title, description, releasedate, duration, season_season_id) VALUES (357, 'Episode 7', 'Seeded episode', '2005-09-13', 37, 36);
INSERT INTO episode (episode_id, title, description, releasedate, duration, season_season_id) VALUES (358, 'Episode 8', 'Seeded episode', '2005-09-13', 38, 36);
INSERT INTO episode (episode_id, title, description, releasedate, duration, season_season_id) VALUES (359, 'Episode 9', 'Seeded episode', '2005-09-13', 39, 36);
INSERT INTO episode (episode_id, title, description, releasedate, duration, season_season_id) VALUES (360, 'Episode 10', 'Seeded episode', '2005-09-13', 40, 36);

INSERT INTO content (content_id, originaltitle, title, description, rating, releasedate, thumbnail, type) VALUES (119, 'The Strain', 'The Strain', 'The Strain is a high-concept thriller that tells the story of Dr. Ephraim Goodweather, the head of the Center for Disease Control Canary Team in New York City. He and his team are called upon to investigate a mysterious viral outbreak with hallmarks of an ancient and evil strain of vampirism. As the strain spreads, Goodweather, his team, and an assembly of everyday New Yorkers wage war for the fate of humanity itself.', 7.5, '2014-07-13', 'https://static.tvmaze.com/uploads/images/original_untouched/444/1111710.jpg', 'SHOW');
INSERT INTO shows (shows_id, content_content_id) VALUES (19, 119);
INSERT INTO season (season_id, title, releasedate, shows_shows_id) VALUES (37, 'Season 1', '2014-07-13', 19);
INSERT INTO episode (episode_id, title, description, releasedate, duration, season_season_id) VALUES (361, 'Episode 1', 'Seeded episode', '2014-07-13', 31, 37);
INSERT INTO episode (episode_id, title, description, releasedate, duration, season_season_id) VALUES (362, 'Episode 2', 'Seeded episode', '2014-07-13', 32, 37);
INSERT INTO episode (episode_id, title, description, releasedate, duration, season_season_id) VALUES (363, 'Episode 3', 'Seeded episode', '2014-07-13', 33, 37);
INSERT INTO episode (episode_id, title, description, releasedate, duration, season_season_id) VALUES (364, 'Episode 4', 'Seeded episode', '2014-07-13', 34, 37);
INSERT INTO episode (episode_id, title, description, releasedate, duration, season_season_id) VALUES (365, 'Episode 5', 'Seeded episode', '2014-07-13', 35, 37);
INSERT INTO episode (episode_id, title, description, releasedate, duration, season_season_id) VALUES (366, 'Episode 6', 'Seeded episode', '2014-07-13', 36, 37);
INSERT INTO episode (episode_id, title, description, releasedate, duration, season_season_id) VALUES (367, 'Episode 7', 'Seeded episode', '2014-07-13', 37, 37);
INSERT INTO episode (episode_id, title, description, releasedate, duration, season_season_id) VALUES (368, 'Episode 8', 'Seeded episode', '2014-07-13', 38, 37);
INSERT INTO episode (episode_id, title, description, releasedate, duration, season_season_id) VALUES (369, 'Episode 9', 'Seeded episode', '2014-07-13', 39, 37);
INSERT INTO episode (episode_id, title, description, releasedate, duration, season_season_id) VALUES (370, 'Episode 10', 'Seeded episode', '2014-07-13', 40, 37);
INSERT INTO season (season_id, title, releasedate, shows_shows_id) VALUES (38, 'Season 2', '2014-07-13', 19);
INSERT INTO episode (episode_id, title, description, releasedate, duration, season_season_id) VALUES (371, 'Episode 1', 'Seeded episode', '2014-07-13', 31, 38);
INSERT INTO episode (episode_id, title, description, releasedate, duration, season_season_id) VALUES (372, 'Episode 2', 'Seeded episode', '2014-07-13', 32, 38);
INSERT INTO episode (episode_id, title, description, releasedate, duration, season_season_id) VALUES (373, 'Episode 3', 'Seeded episode', '2014-07-13', 33, 38);
INSERT INTO episode (episode_id, title, description, releasedate, duration, season_season_id) VALUES (374, 'Episode 4', 'Seeded episode', '2014-07-13', 34, 38);
INSERT INTO episode (episode_id, title, description, releasedate, duration, season_season_id) VALUES (375, 'Episode 5', 'Seeded episode', '2014-07-13', 35, 38);
INSERT INTO episode (episode_id, title, description, releasedate, duration, season_season_id) VALUES (376, 'Episode 6', 'Seeded episode', '2014-07-13', 36, 38);
INSERT INTO episode (episode_id, title, description, releasedate, duration, season_season_id) VALUES (377, 'Episode 7', 'Seeded episode', '2014-07-13', 37, 38);
INSERT INTO episode (episode_id, title, description, releasedate, duration, season_season_id) VALUES (378, 'Episode 8', 'Seeded episode', '2014-07-13', 38, 38);
INSERT INTO episode (episode_id, title, description, releasedate, duration, season_season_id) VALUES (379, 'Episode 9', 'Seeded episode', '2014-07-13', 39, 38);
INSERT INTO episode (episode_id, title, description, releasedate, duration, season_season_id) VALUES (380, 'Episode 10', 'Seeded episode', '2014-07-13', 40, 38);

INSERT INTO content (content_id, originaltitle, title, description, rating, releasedate, thumbnail, type) VALUES (120, 'The Last Ship', 'The Last Ship', 'Their mission is simple: Find a cure. Stop the virus. Save the world. When a global pandemic wipes out eighty percent of the planet''s population, the crew of a lone and unaffected Navy destroyer, the USS Nathan James, must find a way to pull humanity from the brink of extinction.', 7.5, '2014-06-22', 'https://static.tvmaze.com/uploads/images/original_untouched/164/412464.jpg', 'SHOW');
INSERT INTO shows (shows_id, content_content_id) VALUES (20, 120);
INSERT INTO season (season_id, title, releasedate, shows_shows_id) VALUES (39, 'Season 1', '2014-06-22', 20);
INSERT INTO episode (episode_id, title, description, releasedate, duration, season_season_id) VALUES (381, 'Episode 1', 'Seeded episode', '2014-06-22', 31, 39);
INSERT INTO episode (episode_id, title, description, releasedate, duration, season_season_id) VALUES (382, 'Episode 2', 'Seeded episode', '2014-06-22', 32, 39);
INSERT INTO episode (episode_id, title, description, releasedate, duration, season_season_id) VALUES (383, 'Episode 3', 'Seeded episode', '2014-06-22', 33, 39);
INSERT INTO episode (episode_id, title, description, releasedate, duration, season_season_id) VALUES (384, 'Episode 4', 'Seeded episode', '2014-06-22', 34, 39);
INSERT INTO episode (episode_id, title, description, releasedate, duration, season_season_id) VALUES (385, 'Episode 5', 'Seeded episode', '2014-06-22', 35, 39);
INSERT INTO episode (episode_id, title, description, releasedate, duration, season_season_id) VALUES (386, 'Episode 6', 'Seeded episode', '2014-06-22', 36, 39);
INSERT INTO episode (episode_id, title, description, releasedate, duration, season_season_id) VALUES (387, 'Episode 7', 'Seeded episode', '2014-06-22', 37, 39);
INSERT INTO episode (episode_id, title, description, releasedate, duration, season_season_id) VALUES (388, 'Episode 8', 'Seeded episode', '2014-06-22', 38, 39);
INSERT INTO episode (episode_id, title, description, releasedate, duration, season_season_id) VALUES (389, 'Episode 9', 'Seeded episode', '2014-06-22', 39, 39);
INSERT INTO episode (episode_id, title, description, releasedate, duration, season_season_id) VALUES (390, 'Episode 10', 'Seeded episode', '2014-06-22', 40, 39);
INSERT INTO season (season_id, title, releasedate, shows_shows_id) VALUES (40, 'Season 2', '2014-06-22', 20);
INSERT INTO episode (episode_id, title, description, releasedate, duration, season_season_id) VALUES (391, 'Episode 1', 'Seeded episode', '2014-06-22', 31, 40);
INSERT INTO episode (episode_id, title, description, releasedate, duration, season_season_id) VALUES (392, 'Episode 2', 'Seeded episode', '2014-06-22', 32, 40);
INSERT INTO episode (episode_id, title, description, releasedate, duration, season_season_id) VALUES (393, 'Episode 3', 'Seeded episode', '2014-06-22', 33, 40);
INSERT INTO episode (episode_id, title, description, releasedate, duration, season_season_id) VALUES (394, 'Episode 4', 'Seeded episode', '2014-06-22', 34, 40);
INSERT INTO episode (episode_id, title, description, releasedate, duration, season_season_id) VALUES (395, 'Episode 5', 'Seeded episode', '2014-06-22', 35, 40);
INSERT INTO episode (episode_id, title, description, releasedate, duration, season_season_id) VALUES (396, 'Episode 6', 'Seeded episode', '2014-06-22', 36, 40);
INSERT INTO episode (episode_id, title, description, releasedate, duration, season_season_id) VALUES (397, 'Episode 7', 'Seeded episode', '2014-06-22', 37, 40);
INSERT INTO episode (episode_id, title, description, releasedate, duration, season_season_id) VALUES (398, 'Episode 8', 'Seeded episode', '2014-06-22', 38, 40);
INSERT INTO episode (episode_id, title, description, releasedate, duration, season_season_id) VALUES (399, 'Episode 9', 'Seeded episode', '2014-06-22', 39, 40);
INSERT INTO episode (episode_id, title, description, releasedate, duration, season_season_id) VALUES (400, 'Episode 10', 'Seeded episode', '2014-06-22', 40, 40);

INSERT INTO content (content_id, originaltitle, title, description, rating, releasedate, thumbnail, type) VALUES (121, 'True Blood', 'True Blood', 'True Blood is a horror/drama based on a series of novels called The Southern American Vampires Mysteries. It focuses on Sookie Stackhouse and her various encounters with vampires and other supernatural beings. The show is centred in the small town of Bon Temps in Louisiana. The show focuses heavily on the co-existence of humans with vampires. The show also touches on several other controversial issues involving equal rights, violence, discrimination and religion.', 7.9, '2008-09-07', 'https://static.tvmaze.com/uploads/images/original_untouched/410/1026956.jpg', 'SHOW');
INSERT INTO shows (shows_id, content_content_id) VALUES (21, 121);
INSERT INTO season (season_id, title, releasedate, shows_shows_id) VALUES (41, 'Season 1', '2008-09-07', 21);
INSERT INTO episode (episode_id, title, description, releasedate, duration, season_season_id) VALUES (401, 'Episode 1', 'Seeded episode', '2008-09-07', 31, 41);
INSERT INTO episode (episode_id, title, description, releasedate, duration, season_season_id) VALUES (402, 'Episode 2', 'Seeded episode', '2008-09-07', 32, 41);
INSERT INTO episode (episode_id, title, description, releasedate, duration, season_season_id) VALUES (403, 'Episode 3', 'Seeded episode', '2008-09-07', 33, 41);
INSERT INTO episode (episode_id, title, description, releasedate, duration, season_season_id) VALUES (404, 'Episode 4', 'Seeded episode', '2008-09-07', 34, 41);
INSERT INTO episode (episode_id, title, description, releasedate, duration, season_season_id) VALUES (405, 'Episode 5', 'Seeded episode', '2008-09-07', 35, 41);
INSERT INTO episode (episode_id, title, description, releasedate, duration, season_season_id) VALUES (406, 'Episode 6', 'Seeded episode', '2008-09-07', 36, 41);
INSERT INTO episode (episode_id, title, description, releasedate, duration, season_season_id) VALUES (407, 'Episode 7', 'Seeded episode', '2008-09-07', 37, 41);
INSERT INTO episode (episode_id, title, description, releasedate, duration, season_season_id) VALUES (408, 'Episode 8', 'Seeded episode', '2008-09-07', 38, 41);
INSERT INTO episode (episode_id, title, description, releasedate, duration, season_season_id) VALUES (409, 'Episode 9', 'Seeded episode', '2008-09-07', 39, 41);
INSERT INTO episode (episode_id, title, description, releasedate, duration, season_season_id) VALUES (410, 'Episode 10', 'Seeded episode', '2008-09-07', 40, 41);
INSERT INTO season (season_id, title, releasedate, shows_shows_id) VALUES (42, 'Season 2', '2008-09-07', 21);
INSERT INTO episode (episode_id, title, description, releasedate, duration, season_season_id) VALUES (411, 'Episode 1', 'Seeded episode', '2008-09-07', 31, 42);
INSERT INTO episode (episode_id, title, description, releasedate, duration, season_season_id) VALUES (412, 'Episode 2', 'Seeded episode', '2008-09-07', 32, 42);
INSERT INTO episode (episode_id, title, description, releasedate, duration, season_season_id) VALUES (413, 'Episode 3', 'Seeded episode', '2008-09-07', 33, 42);
INSERT INTO episode (episode_id, title, description, releasedate, duration, season_season_id) VALUES (414, 'Episode 4', 'Seeded episode', '2008-09-07', 34, 42);
INSERT INTO episode (episode_id, title, description, releasedate, duration, season_season_id) VALUES (415, 'Episode 5', 'Seeded episode', '2008-09-07', 35, 42);
INSERT INTO episode (episode_id, title, description, releasedate, duration, season_season_id) VALUES (416, 'Episode 6', 'Seeded episode', '2008-09-07', 36, 42);
INSERT INTO episode (episode_id, title, description, releasedate, duration, season_season_id) VALUES (417, 'Episode 7', 'Seeded episode', '2008-09-07', 37, 42);
INSERT INTO episode (episode_id, title, description, releasedate, duration, season_season_id) VALUES (418, 'Episode 8', 'Seeded episode', '2008-09-07', 38, 42);
INSERT INTO episode (episode_id, title, description, releasedate, duration, season_season_id) VALUES (419, 'Episode 9', 'Seeded episode', '2008-09-07', 39, 42);
INSERT INTO episode (episode_id, title, description, releasedate, duration, season_season_id) VALUES (420, 'Episode 10', 'Seeded episode', '2008-09-07', 40, 42);

INSERT INTO content (content_id, originaltitle, title, description, rating, releasedate, thumbnail, type) VALUES (122, 'Once Upon a Time in Wonderland', 'Once Upon a Time in Wonderland', 'In Victorian England, the young and beautiful Alice tells a tale of a strange new land that exists on the other side of a rabbit hole. An invisible cat, a hookah smoking caterpillar and playing-cards that talk are just some of the fantastic things she''s seen during this impossible adventure. Surely this troubled girl must be insane, and her doctors aim to cure her with a treatment that will make her forget everything. Alice seems ready to put it all behind her, especially the painful memory of the genie she fell in love with and lost forever -- the handsome and mysterious Cyrus . But deep down Alice knows this world is real, and just in the nick of time the sardonic Knave of Hearts and the irrepressible White Rabbit arrive to save her from a doomed fate. Together the trio will take a tumble down the rabbit hole to this Wonderland where nothing is impossible.', 6.8, '2013-10-10', 'https://static.tvmaze.com/uploads/images/original_untouched/73/183661.jpg', 'SHOW');
INSERT INTO shows (shows_id, content_content_id) VALUES (22, 122);
INSERT INTO season (season_id, title, releasedate, shows_shows_id) VALUES (43, 'Season 1', '2013-10-10', 22);
INSERT INTO episode (episode_id, title, description, releasedate, duration, season_season_id) VALUES (421, 'Episode 1', 'Seeded episode', '2013-10-10', 31, 43);
INSERT INTO episode (episode_id, title, description, releasedate, duration, season_season_id) VALUES (422, 'Episode 2', 'Seeded episode', '2013-10-10', 32, 43);
INSERT INTO episode (episode_id, title, description, releasedate, duration, season_season_id) VALUES (423, 'Episode 3', 'Seeded episode', '2013-10-10', 33, 43);
INSERT INTO episode (episode_id, title, description, releasedate, duration, season_season_id) VALUES (424, 'Episode 4', 'Seeded episode', '2013-10-10', 34, 43);
INSERT INTO episode (episode_id, title, description, releasedate, duration, season_season_id) VALUES (425, 'Episode 5', 'Seeded episode', '2013-10-10', 35, 43);
INSERT INTO episode (episode_id, title, description, releasedate, duration, season_season_id) VALUES (426, 'Episode 6', 'Seeded episode', '2013-10-10', 36, 43);
INSERT INTO episode (episode_id, title, description, releasedate, duration, season_season_id) VALUES (427, 'Episode 7', 'Seeded episode', '2013-10-10', 37, 43);
INSERT INTO episode (episode_id, title, description, releasedate, duration, season_season_id) VALUES (428, 'Episode 8', 'Seeded episode', '2013-10-10', 38, 43);
INSERT INTO episode (episode_id, title, description, releasedate, duration, season_season_id) VALUES (429, 'Episode 9', 'Seeded episode', '2013-10-10', 39, 43);
INSERT INTO episode (episode_id, title, description, releasedate, duration, season_season_id) VALUES (430, 'Episode 10', 'Seeded episode', '2013-10-10', 40, 43);
INSERT INTO season (season_id, title, releasedate, shows_shows_id) VALUES (44, 'Season 2', '2013-10-10', 22);
INSERT INTO episode (episode_id, title, description, releasedate, duration, season_season_id) VALUES (431, 'Episode 1', 'Seeded episode', '2013-10-10', 31, 44);
INSERT INTO episode (episode_id, title, description, releasedate, duration, season_season_id) VALUES (432, 'Episode 2', 'Seeded episode', '2013-10-10', 32, 44);
INSERT INTO episode (episode_id, title, description, releasedate, duration, season_season_id) VALUES (433, 'Episode 3', 'Seeded episode', '2013-10-10', 33, 44);
INSERT INTO episode (episode_id, title, description, releasedate, duration, season_season_id) VALUES (434, 'Episode 4', 'Seeded episode', '2013-10-10', 34, 44);
INSERT INTO episode (episode_id, title, description, releasedate, duration, season_season_id) VALUES (435, 'Episode 5', 'Seeded episode', '2013-10-10', 35, 44);
INSERT INTO episode (episode_id, title, description, releasedate, duration, season_season_id) VALUES (436, 'Episode 6', 'Seeded episode', '2013-10-10', 36, 44);
INSERT INTO episode (episode_id, title, description, releasedate, duration, season_season_id) VALUES (437, 'Episode 7', 'Seeded episode', '2013-10-10', 37, 44);
INSERT INTO episode (episode_id, title, description, releasedate, duration, season_season_id) VALUES (438, 'Episode 8', 'Seeded episode', '2013-10-10', 38, 44);
INSERT INTO episode (episode_id, title, description, releasedate, duration, season_season_id) VALUES (439, 'Episode 9', 'Seeded episode', '2013-10-10', 39, 44);
INSERT INTO episode (episode_id, title, description, releasedate, duration, season_season_id) VALUES (440, 'Episode 10', 'Seeded episode', '2013-10-10', 40, 44);

INSERT INTO content (content_id, originaltitle, title, description, rating, releasedate, thumbnail, type) VALUES (123, 'Hawaii Five-0', 'Hawaii Five-0', 'Hawaii Five-0 is a contemporary take on the classic series about a new elite federalized task force whose mission is to wipe out the crime that washes up on the Islands'' sun-drenched beaches. Detective Steve McGarrett, a decorated Naval officer-turned-cop, returned to Oahu to investigate his father''s murder and stayed after Hawaii''s former governor persuaded him to head up the new team: his rules, no red tape and full blanket authority to hunt down the biggest "game" in town. Joining McGarrett is Detective Danny "Danno" Williams, a relocated ex-New Jersey cop - a working man in paradise who prefers skyscrapers to the coastline - but who''s committed to keeping the Islands safe for his young daughter; Chin Ho Kelly, an ex-Honolulu police detective and former protégé of McGarrett''s father who was wrongly accused of corruption; Dr. Max Bergman, the quirky coroner; Chin''s cousin, Kono Kalakaua, a beautiful and fearless native; and Captain Lou Grover, who formerly headed Hawaii''s SWAT unit. Joining them is Jerry Ortega, a former classmate of Chin''s and the Island''s local conspiracy theorist. The state''s brash FIVE-0 unit, who may spar and jest among themselves, remain determined to eliminate the seedy elements from the 50th state.', 7.7, '2010-09-20', 'https://static.tvmaze.com/uploads/images/original_untouched/213/532575.jpg', 'SHOW');
INSERT INTO shows (shows_id, content_content_id) VALUES (23, 123);
INSERT INTO season (season_id, title, releasedate, shows_shows_id) VALUES (45, 'Season 1', '2010-09-20', 23);
INSERT INTO episode (episode_id, title, description, releasedate, duration, season_season_id) VALUES (441, 'Episode 1', 'Seeded episode', '2010-09-20', 31, 45);
INSERT INTO episode (episode_id, title, description, releasedate, duration, season_season_id) VALUES (442, 'Episode 2', 'Seeded episode', '2010-09-20', 32, 45);
INSERT INTO episode (episode_id, title, description, releasedate, duration, season_season_id) VALUES (443, 'Episode 3', 'Seeded episode', '2010-09-20', 33, 45);
INSERT INTO episode (episode_id, title, description, releasedate, duration, season_season_id) VALUES (444, 'Episode 4', 'Seeded episode', '2010-09-20', 34, 45);
INSERT INTO episode (episode_id, title, description, releasedate, duration, season_season_id) VALUES (445, 'Episode 5', 'Seeded episode', '2010-09-20', 35, 45);
INSERT INTO episode (episode_id, title, description, releasedate, duration, season_season_id) VALUES (446, 'Episode 6', 'Seeded episode', '2010-09-20', 36, 45);
INSERT INTO episode (episode_id, title, description, releasedate, duration, season_season_id) VALUES (447, 'Episode 7', 'Seeded episode', '2010-09-20', 37, 45);
INSERT INTO episode (episode_id, title, description, releasedate, duration, season_season_id) VALUES (448, 'Episode 8', 'Seeded episode', '2010-09-20', 38, 45);
INSERT INTO episode (episode_id, title, description, releasedate, duration, season_season_id) VALUES (449, 'Episode 9', 'Seeded episode', '2010-09-20', 39, 45);
INSERT INTO episode (episode_id, title, description, releasedate, duration, season_season_id) VALUES (450, 'Episode 10', 'Seeded episode', '2010-09-20', 40, 45);
INSERT INTO season (season_id, title, releasedate, shows_shows_id) VALUES (46, 'Season 2', '2010-09-20', 23);
INSERT INTO episode (episode_id, title, description, releasedate, duration, season_season_id) VALUES (451, 'Episode 1', 'Seeded episode', '2010-09-20', 31, 46);
INSERT INTO episode (episode_id, title, description, releasedate, duration, season_season_id) VALUES (452, 'Episode 2', 'Seeded episode', '2010-09-20', 32, 46);
INSERT INTO episode (episode_id, title, description, releasedate, duration, season_season_id) VALUES (453, 'Episode 3', 'Seeded episode', '2010-09-20', 33, 46);
INSERT INTO episode (episode_id, title, description, releasedate, duration, season_season_id) VALUES (454, 'Episode 4', 'Seeded episode', '2010-09-20', 34, 46);
INSERT INTO episode (episode_id, title, description, releasedate, duration, season_season_id) VALUES (455, 'Episode 5', 'Seeded episode', '2010-09-20', 35, 46);
INSERT INTO episode (episode_id, title, description, releasedate, duration, season_season_id) VALUES (456, 'Episode 6', 'Seeded episode', '2010-09-20', 36, 46);
INSERT INTO episode (episode_id, title, description, releasedate, duration, season_season_id) VALUES (457, 'Episode 7', 'Seeded episode', '2010-09-20', 37, 46);
INSERT INTO episode (episode_id, title, description, releasedate, duration, season_season_id) VALUES (458, 'Episode 8', 'Seeded episode', '2010-09-20', 38, 46);
INSERT INTO episode (episode_id, title, description, releasedate, duration, season_season_id) VALUES (459, 'Episode 9', 'Seeded episode', '2010-09-20', 39, 46);
INSERT INTO episode (episode_id, title, description, releasedate, duration, season_season_id) VALUES (460, 'Episode 10', 'Seeded episode', '2010-09-20', 40, 46);

INSERT INTO content (content_id, originaltitle, title, description, rating, releasedate, thumbnail, type) VALUES (124, 'Hellsing', 'Hellsing', 'Hellsing is a 13-part anime based on the manga of the same name. The plot is significantly difficult to that of the the manga although the characters are the same. The show mainly focuses on the hellsing institute that houses the anti-hero named Alucard who swore loyalty to the Helsing family many years before. Alucard being the first ever vampire takes on a new apprentice named Sera''s.', 7.3, '2001-10-10', 'https://static.tvmaze.com/uploads/images/original_untouched/178/446544.jpg', 'SHOW');
INSERT INTO shows (shows_id, content_content_id) VALUES (24, 124);
INSERT INTO season (season_id, title, releasedate, shows_shows_id) VALUES (47, 'Season 1', '2001-10-10', 24);
INSERT INTO episode (episode_id, title, description, releasedate, duration, season_season_id) VALUES (461, 'Episode 1', 'Seeded episode', '2001-10-10', 31, 47);
INSERT INTO episode (episode_id, title, description, releasedate, duration, season_season_id) VALUES (462, 'Episode 2', 'Seeded episode', '2001-10-10', 32, 47);
INSERT INTO episode (episode_id, title, description, releasedate, duration, season_season_id) VALUES (463, 'Episode 3', 'Seeded episode', '2001-10-10', 33, 47);
INSERT INTO episode (episode_id, title, description, releasedate, duration, season_season_id) VALUES (464, 'Episode 4', 'Seeded episode', '2001-10-10', 34, 47);
INSERT INTO episode (episode_id, title, description, releasedate, duration, season_season_id) VALUES (465, 'Episode 5', 'Seeded episode', '2001-10-10', 35, 47);
INSERT INTO episode (episode_id, title, description, releasedate, duration, season_season_id) VALUES (466, 'Episode 6', 'Seeded episode', '2001-10-10', 36, 47);
INSERT INTO episode (episode_id, title, description, releasedate, duration, season_season_id) VALUES (467, 'Episode 7', 'Seeded episode', '2001-10-10', 37, 47);
INSERT INTO episode (episode_id, title, description, releasedate, duration, season_season_id) VALUES (468, 'Episode 8', 'Seeded episode', '2001-10-10', 38, 47);
INSERT INTO episode (episode_id, title, description, releasedate, duration, season_season_id) VALUES (469, 'Episode 9', 'Seeded episode', '2001-10-10', 39, 47);
INSERT INTO episode (episode_id, title, description, releasedate, duration, season_season_id) VALUES (470, 'Episode 10', 'Seeded episode', '2001-10-10', 40, 47);
INSERT INTO season (season_id, title, releasedate, shows_shows_id) VALUES (48, 'Season 2', '2001-10-10', 24);
INSERT INTO episode (episode_id, title, description, releasedate, duration, season_season_id) VALUES (471, 'Episode 1', 'Seeded episode', '2001-10-10', 31, 48);
INSERT INTO episode (episode_id, title, description, releasedate, duration, season_season_id) VALUES (472, 'Episode 2', 'Seeded episode', '2001-10-10', 32, 48);
INSERT INTO episode (episode_id, title, description, releasedate, duration, season_season_id) VALUES (473, 'Episode 3', 'Seeded episode', '2001-10-10', 33, 48);
INSERT INTO episode (episode_id, title, description, releasedate, duration, season_season_id) VALUES (474, 'Episode 4', 'Seeded episode', '2001-10-10', 34, 48);
INSERT INTO episode (episode_id, title, description, releasedate, duration, season_season_id) VALUES (475, 'Episode 5', 'Seeded episode', '2001-10-10', 35, 48);
INSERT INTO episode (episode_id, title, description, releasedate, duration, season_season_id) VALUES (476, 'Episode 6', 'Seeded episode', '2001-10-10', 36, 48);
INSERT INTO episode (episode_id, title, description, releasedate, duration, season_season_id) VALUES (477, 'Episode 7', 'Seeded episode', '2001-10-10', 37, 48);
INSERT INTO episode (episode_id, title, description, releasedate, duration, season_season_id) VALUES (478, 'Episode 8', 'Seeded episode', '2001-10-10', 38, 48);
INSERT INTO episode (episode_id, title, description, releasedate, duration, season_season_id) VALUES (479, 'Episode 9', 'Seeded episode', '2001-10-10', 39, 48);
INSERT INTO episode (episode_id, title, description, releasedate, duration, season_season_id) VALUES (480, 'Episode 10', 'Seeded episode', '2001-10-10', 40, 48);

INSERT INTO content (content_id, originaltitle, title, description, rating, releasedate, thumbnail, type) VALUES (125, 'Hellsing Ultimate', 'Hellsing Ultimate', 'Hellsing Ultimate, unlike the 13-part Hellsing series, follows the manga of the same name very closely. Alucard being the main protagonist and anti-hero/vampire. Hellsing Ultimate is a 10-part series of OVAs whereby Alucard turns Sera''s into a vampire. The main focus of the plot being on an enemy neo-nazi group.', 7.6, '2006-02-10', 'https://static.tvmaze.com/uploads/images/original_untouched/178/446780.jpg', 'SHOW');
INSERT INTO shows (shows_id, content_content_id) VALUES (25, 125);
INSERT INTO season (season_id, title, releasedate, shows_shows_id) VALUES (49, 'Season 1', '2006-02-10', 25);
INSERT INTO episode (episode_id, title, description, releasedate, duration, season_season_id) VALUES (481, 'Episode 1', 'Seeded episode', '2006-02-10', 31, 49);
INSERT INTO episode (episode_id, title, description, releasedate, duration, season_season_id) VALUES (482, 'Episode 2', 'Seeded episode', '2006-02-10', 32, 49);
INSERT INTO episode (episode_id, title, description, releasedate, duration, season_season_id) VALUES (483, 'Episode 3', 'Seeded episode', '2006-02-10', 33, 49);
INSERT INTO episode (episode_id, title, description, releasedate, duration, season_season_id) VALUES (484, 'Episode 4', 'Seeded episode', '2006-02-10', 34, 49);
INSERT INTO episode (episode_id, title, description, releasedate, duration, season_season_id) VALUES (485, 'Episode 5', 'Seeded episode', '2006-02-10', 35, 49);
INSERT INTO episode (episode_id, title, description, releasedate, duration, season_season_id) VALUES (486, 'Episode 6', 'Seeded episode', '2006-02-10', 36, 49);
INSERT INTO episode (episode_id, title, description, releasedate, duration, season_season_id) VALUES (487, 'Episode 7', 'Seeded episode', '2006-02-10', 37, 49);
INSERT INTO episode (episode_id, title, description, releasedate, duration, season_season_id) VALUES (488, 'Episode 8', 'Seeded episode', '2006-02-10', 38, 49);
INSERT INTO episode (episode_id, title, description, releasedate, duration, season_season_id) VALUES (489, 'Episode 9', 'Seeded episode', '2006-02-10', 39, 49);
INSERT INTO episode (episode_id, title, description, releasedate, duration, season_season_id) VALUES (490, 'Episode 10', 'Seeded episode', '2006-02-10', 40, 49);
INSERT INTO season (season_id, title, releasedate, shows_shows_id) VALUES (50, 'Season 2', '2006-02-10', 25);
INSERT INTO episode (episode_id, title, description, releasedate, duration, season_season_id) VALUES (491, 'Episode 1', 'Seeded episode', '2006-02-10', 31, 50);
INSERT INTO episode (episode_id, title, description, releasedate, duration, season_season_id) VALUES (492, 'Episode 2', 'Seeded episode', '2006-02-10', 32, 50);
INSERT INTO episode (episode_id, title, description, releasedate, duration, season_season_id) VALUES (493, 'Episode 3', 'Seeded episode', '2006-02-10', 33, 50);
INSERT INTO episode (episode_id, title, description, releasedate, duration, season_season_id) VALUES (494, 'Episode 4', 'Seeded episode', '2006-02-10', 34, 50);
INSERT INTO episode (episode_id, title, description, releasedate, duration, season_season_id) VALUES (495, 'Episode 5', 'Seeded episode', '2006-02-10', 35, 50);
INSERT INTO episode (episode_id, title, description, releasedate, duration, season_season_id) VALUES (496, 'Episode 6', 'Seeded episode', '2006-02-10', 36, 50);
INSERT INTO episode (episode_id, title, description, releasedate, duration, season_season_id) VALUES (497, 'Episode 7', 'Seeded episode', '2006-02-10', 37, 50);
INSERT INTO episode (episode_id, title, description, releasedate, duration, season_season_id) VALUES (498, 'Episode 8', 'Seeded episode', '2006-02-10', 38, 50);
INSERT INTO episode (episode_id, title, description, releasedate, duration, season_season_id) VALUES (499, 'Episode 9', 'Seeded episode', '2006-02-10', 39, 50);
INSERT INTO episode (episode_id, title, description, releasedate, duration, season_season_id) VALUES (500, 'Episode 10', 'Seeded episode', '2006-02-10', 40, 50);

INSERT INTO content (content_id, originaltitle, title, description, rating, releasedate, thumbnail, type) VALUES (126, 'Berserk', 'Berserk', 'Berserk is a 25-part anime set in a dark fantasy/horror environment whereby the series focuses on the main character guts; a lone swordman who later meets up with a group of mercenaries called the band of the hawk. The leader of this band holds a strange necklace called a behelit that will only lead to evil.', 8.1, '1997-10-07', 'https://static.tvmaze.com/uploads/images/original_untouched/396/991619.jpg', 'SHOW');
INSERT INTO shows (shows_id, content_content_id) VALUES (26, 126);
INSERT INTO season (season_id, title, releasedate, shows_shows_id) VALUES (51, 'Season 1', '1997-10-07', 26);
INSERT INTO episode (episode_id, title, description, releasedate, duration, season_season_id) VALUES (501, 'Episode 1', 'Seeded episode', '1997-10-07', 31, 51);
INSERT INTO episode (episode_id, title, description, releasedate, duration, season_season_id) VALUES (502, 'Episode 2', 'Seeded episode', '1997-10-07', 32, 51);
INSERT INTO episode (episode_id, title, description, releasedate, duration, season_season_id) VALUES (503, 'Episode 3', 'Seeded episode', '1997-10-07', 33, 51);
INSERT INTO episode (episode_id, title, description, releasedate, duration, season_season_id) VALUES (504, 'Episode 4', 'Seeded episode', '1997-10-07', 34, 51);
INSERT INTO episode (episode_id, title, description, releasedate, duration, season_season_id) VALUES (505, 'Episode 5', 'Seeded episode', '1997-10-07', 35, 51);
INSERT INTO episode (episode_id, title, description, releasedate, duration, season_season_id) VALUES (506, 'Episode 6', 'Seeded episode', '1997-10-07', 36, 51);
INSERT INTO episode (episode_id, title, description, releasedate, duration, season_season_id) VALUES (507, 'Episode 7', 'Seeded episode', '1997-10-07', 37, 51);
INSERT INTO episode (episode_id, title, description, releasedate, duration, season_season_id) VALUES (508, 'Episode 8', 'Seeded episode', '1997-10-07', 38, 51);
INSERT INTO episode (episode_id, title, description, releasedate, duration, season_season_id) VALUES (509, 'Episode 9', 'Seeded episode', '1997-10-07', 39, 51);
INSERT INTO episode (episode_id, title, description, releasedate, duration, season_season_id) VALUES (510, 'Episode 10', 'Seeded episode', '1997-10-07', 40, 51);
INSERT INTO season (season_id, title, releasedate, shows_shows_id) VALUES (52, 'Season 2', '1997-10-07', 26);
INSERT INTO episode (episode_id, title, description, releasedate, duration, season_season_id) VALUES (511, 'Episode 1', 'Seeded episode', '1997-10-07', 31, 52);
INSERT INTO episode (episode_id, title, description, releasedate, duration, season_season_id) VALUES (512, 'Episode 2', 'Seeded episode', '1997-10-07', 32, 52);
INSERT INTO episode (episode_id, title, description, releasedate, duration, season_season_id) VALUES (513, 'Episode 3', 'Seeded episode', '1997-10-07', 33, 52);
INSERT INTO episode (episode_id, title, description, releasedate, duration, season_season_id) VALUES (514, 'Episode 4', 'Seeded episode', '1997-10-07', 34, 52);
INSERT INTO episode (episode_id, title, description, releasedate, duration, season_season_id) VALUES (515, 'Episode 5', 'Seeded episode', '1997-10-07', 35, 52);
INSERT INTO episode (episode_id, title, description, releasedate, duration, season_season_id) VALUES (516, 'Episode 6', 'Seeded episode', '1997-10-07', 36, 52);
INSERT INTO episode (episode_id, title, description, releasedate, duration, season_season_id) VALUES (517, 'Episode 7', 'Seeded episode', '1997-10-07', 37, 52);
INSERT INTO episode (episode_id, title, description, releasedate, duration, season_season_id) VALUES (518, 'Episode 8', 'Seeded episode', '1997-10-07', 38, 52);
INSERT INTO episode (episode_id, title, description, releasedate, duration, season_season_id) VALUES (519, 'Episode 9', 'Seeded episode', '1997-10-07', 39, 52);
INSERT INTO episode (episode_id, title, description, releasedate, duration, season_season_id) VALUES (520, 'Episode 10', 'Seeded episode', '1997-10-07', 40, 52);

INSERT INTO content (content_id, originaltitle, title, description, rating, releasedate, thumbnail, type) VALUES (127, 'Californication', 'Californication', 'Californication is a series based around the writer Hank Moody. He moves to California and suffers a writers block as well as many other family and personal issues. His drinking and generally unhealthy lifestyle interrupts his relationships with his long term lover Karen and his daughter Becca as he struggles with his manager Charlie Runkle.', 7.9, '2007-08-13', 'https://static.tvmaze.com/uploads/images/original_untouched/38/95017.jpg', 'SHOW');
INSERT INTO shows (shows_id, content_content_id) VALUES (27, 127);
INSERT INTO season (season_id, title, releasedate, shows_shows_id) VALUES (53, 'Season 1', '2007-08-13', 27);
INSERT INTO episode (episode_id, title, description, releasedate, duration, season_season_id) VALUES (521, 'Episode 1', 'Seeded episode', '2007-08-13', 31, 53);
INSERT INTO episode (episode_id, title, description, releasedate, duration, season_season_id) VALUES (522, 'Episode 2', 'Seeded episode', '2007-08-13', 32, 53);
INSERT INTO episode (episode_id, title, description, releasedate, duration, season_season_id) VALUES (523, 'Episode 3', 'Seeded episode', '2007-08-13', 33, 53);
INSERT INTO episode (episode_id, title, description, releasedate, duration, season_season_id) VALUES (524, 'Episode 4', 'Seeded episode', '2007-08-13', 34, 53);
INSERT INTO episode (episode_id, title, description, releasedate, duration, season_season_id) VALUES (525, 'Episode 5', 'Seeded episode', '2007-08-13', 35, 53);
INSERT INTO episode (episode_id, title, description, releasedate, duration, season_season_id) VALUES (526, 'Episode 6', 'Seeded episode', '2007-08-13', 36, 53);
INSERT INTO episode (episode_id, title, description, releasedate, duration, season_season_id) VALUES (527, 'Episode 7', 'Seeded episode', '2007-08-13', 37, 53);
INSERT INTO episode (episode_id, title, description, releasedate, duration, season_season_id) VALUES (528, 'Episode 8', 'Seeded episode', '2007-08-13', 38, 53);
INSERT INTO episode (episode_id, title, description, releasedate, duration, season_season_id) VALUES (529, 'Episode 9', 'Seeded episode', '2007-08-13', 39, 53);
INSERT INTO episode (episode_id, title, description, releasedate, duration, season_season_id) VALUES (530, 'Episode 10', 'Seeded episode', '2007-08-13', 40, 53);
INSERT INTO season (season_id, title, releasedate, shows_shows_id) VALUES (54, 'Season 2', '2007-08-13', 27);
INSERT INTO episode (episode_id, title, description, releasedate, duration, season_season_id) VALUES (531, 'Episode 1', 'Seeded episode', '2007-08-13', 31, 54);
INSERT INTO episode (episode_id, title, description, releasedate, duration, season_season_id) VALUES (532, 'Episode 2', 'Seeded episode', '2007-08-13', 32, 54);
INSERT INTO episode (episode_id, title, description, releasedate, duration, season_season_id) VALUES (533, 'Episode 3', 'Seeded episode', '2007-08-13', 33, 54);
INSERT INTO episode (episode_id, title, description, releasedate, duration, season_season_id) VALUES (534, 'Episode 4', 'Seeded episode', '2007-08-13', 34, 54);
INSERT INTO episode (episode_id, title, description, releasedate, duration, season_season_id) VALUES (535, 'Episode 5', 'Seeded episode', '2007-08-13', 35, 54);
INSERT INTO episode (episode_id, title, description, releasedate, duration, season_season_id) VALUES (536, 'Episode 6', 'Seeded episode', '2007-08-13', 36, 54);
INSERT INTO episode (episode_id, title, description, releasedate, duration, season_season_id) VALUES (537, 'Episode 7', 'Seeded episode', '2007-08-13', 37, 54);
INSERT INTO episode (episode_id, title, description, releasedate, duration, season_season_id) VALUES (538, 'Episode 8', 'Seeded episode', '2007-08-13', 38, 54);
INSERT INTO episode (episode_id, title, description, releasedate, duration, season_season_id) VALUES (539, 'Episode 9', 'Seeded episode', '2007-08-13', 39, 54);
INSERT INTO episode (episode_id, title, description, releasedate, duration, season_season_id) VALUES (540, 'Episode 10', 'Seeded episode', '2007-08-13', 40, 54);

INSERT INTO content (content_id, originaltitle, title, description, rating, releasedate, thumbnail, type) VALUES (128, 'Vikings', 'Vikings', 'Vikings transports us to the brutal and mysterious world of Ragnar Lothbrok, a Viking warrior and farmer who yearns to explore - and raid - the distant shores across the ocean.', 8.6, '2013-03-03', 'https://static.tvmaze.com/uploads/images/original_untouched/286/715906.jpg', 'SHOW');
INSERT INTO shows (shows_id, content_content_id) VALUES (28, 128);
INSERT INTO season (season_id, title, releasedate, shows_shows_id) VALUES (55, 'Season 1', '2013-03-03', 28);
INSERT INTO episode (episode_id, title, description, releasedate, duration, season_season_id) VALUES (541, 'Episode 1', 'Seeded episode', '2013-03-03', 31, 55);
INSERT INTO episode (episode_id, title, description, releasedate, duration, season_season_id) VALUES (542, 'Episode 2', 'Seeded episode', '2013-03-03', 32, 55);
INSERT INTO episode (episode_id, title, description, releasedate, duration, season_season_id) VALUES (543, 'Episode 3', 'Seeded episode', '2013-03-03', 33, 55);
INSERT INTO episode (episode_id, title, description, releasedate, duration, season_season_id) VALUES (544, 'Episode 4', 'Seeded episode', '2013-03-03', 34, 55);
INSERT INTO episode (episode_id, title, description, releasedate, duration, season_season_id) VALUES (545, 'Episode 5', 'Seeded episode', '2013-03-03', 35, 55);
INSERT INTO episode (episode_id, title, description, releasedate, duration, season_season_id) VALUES (546, 'Episode 6', 'Seeded episode', '2013-03-03', 36, 55);
INSERT INTO episode (episode_id, title, description, releasedate, duration, season_season_id) VALUES (547, 'Episode 7', 'Seeded episode', '2013-03-03', 37, 55);
INSERT INTO episode (episode_id, title, description, releasedate, duration, season_season_id) VALUES (548, 'Episode 8', 'Seeded episode', '2013-03-03', 38, 55);
INSERT INTO episode (episode_id, title, description, releasedate, duration, season_season_id) VALUES (549, 'Episode 9', 'Seeded episode', '2013-03-03', 39, 55);
INSERT INTO episode (episode_id, title, description, releasedate, duration, season_season_id) VALUES (550, 'Episode 10', 'Seeded episode', '2013-03-03', 40, 55);
INSERT INTO season (season_id, title, releasedate, shows_shows_id) VALUES (56, 'Season 2', '2013-03-03', 28);
INSERT INTO episode (episode_id, title, description, releasedate, duration, season_season_id) VALUES (551, 'Episode 1', 'Seeded episode', '2013-03-03', 31, 56);
INSERT INTO episode (episode_id, title, description, releasedate, duration, season_season_id) VALUES (552, 'Episode 2', 'Seeded episode', '2013-03-03', 32, 56);
INSERT INTO episode (episode_id, title, description, releasedate, duration, season_season_id) VALUES (553, 'Episode 3', 'Seeded episode', '2013-03-03', 33, 56);
INSERT INTO episode (episode_id, title, description, releasedate, duration, season_season_id) VALUES (554, 'Episode 4', 'Seeded episode', '2013-03-03', 34, 56);
INSERT INTO episode (episode_id, title, description, releasedate, duration, season_season_id) VALUES (555, 'Episode 5', 'Seeded episode', '2013-03-03', 35, 56);
INSERT INTO episode (episode_id, title, description, releasedate, duration, season_season_id) VALUES (556, 'Episode 6', 'Seeded episode', '2013-03-03', 36, 56);
INSERT INTO episode (episode_id, title, description, releasedate, duration, season_season_id) VALUES (557, 'Episode 7', 'Seeded episode', '2013-03-03', 37, 56);
INSERT INTO episode (episode_id, title, description, releasedate, duration, season_season_id) VALUES (558, 'Episode 8', 'Seeded episode', '2013-03-03', 38, 56);
INSERT INTO episode (episode_id, title, description, releasedate, duration, season_season_id) VALUES (559, 'Episode 9', 'Seeded episode', '2013-03-03', 39, 56);
INSERT INTO episode (episode_id, title, description, releasedate, duration, season_season_id) VALUES (560, 'Episode 10', 'Seeded episode', '2013-03-03', 40, 56);

INSERT INTO content (content_id, originaltitle, title, description, rating, releasedate, thumbnail, type) VALUES (129, 'American Horror Story', 'American Horror Story', 'American Horror Story is an horror television anthology series. Each season is conceived as a self-contained miniseries, following a disparate set of characters and settings, and a storyline with its own beginning, middle, and end. While some actors appear for more than one year, they play completely different roles in each season.', 7.5, '2011-10-05', 'https://static.tvmaze.com/uploads/images/original_untouched/473/1183640.jpg', 'SHOW');
INSERT INTO shows (shows_id, content_content_id) VALUES (29, 129);
INSERT INTO season (season_id, title, releasedate, shows_shows_id) VALUES (57, 'Season 1', '2011-10-05', 29);
INSERT INTO episode (episode_id, title, description, releasedate, duration, season_season_id) VALUES (561, 'Episode 1', 'Seeded episode', '2011-10-05', 31, 57);
INSERT INTO episode (episode_id, title, description, releasedate, duration, season_season_id) VALUES (562, 'Episode 2', 'Seeded episode', '2011-10-05', 32, 57);
INSERT INTO episode (episode_id, title, description, releasedate, duration, season_season_id) VALUES (563, 'Episode 3', 'Seeded episode', '2011-10-05', 33, 57);
INSERT INTO episode (episode_id, title, description, releasedate, duration, season_season_id) VALUES (564, 'Episode 4', 'Seeded episode', '2011-10-05', 34, 57);
INSERT INTO episode (episode_id, title, description, releasedate, duration, season_season_id) VALUES (565, 'Episode 5', 'Seeded episode', '2011-10-05', 35, 57);
INSERT INTO episode (episode_id, title, description, releasedate, duration, season_season_id) VALUES (566, 'Episode 6', 'Seeded episode', '2011-10-05', 36, 57);
INSERT INTO episode (episode_id, title, description, releasedate, duration, season_season_id) VALUES (567, 'Episode 7', 'Seeded episode', '2011-10-05', 37, 57);
INSERT INTO episode (episode_id, title, description, releasedate, duration, season_season_id) VALUES (568, 'Episode 8', 'Seeded episode', '2011-10-05', 38, 57);
INSERT INTO episode (episode_id, title, description, releasedate, duration, season_season_id) VALUES (569, 'Episode 9', 'Seeded episode', '2011-10-05', 39, 57);
INSERT INTO episode (episode_id, title, description, releasedate, duration, season_season_id) VALUES (570, 'Episode 10', 'Seeded episode', '2011-10-05', 40, 57);
INSERT INTO season (season_id, title, releasedate, shows_shows_id) VALUES (58, 'Season 2', '2011-10-05', 29);
INSERT INTO episode (episode_id, title, description, releasedate, duration, season_season_id) VALUES (571, 'Episode 1', 'Seeded episode', '2011-10-05', 31, 58);
INSERT INTO episode (episode_id, title, description, releasedate, duration, season_season_id) VALUES (572, 'Episode 2', 'Seeded episode', '2011-10-05', 32, 58);
INSERT INTO episode (episode_id, title, description, releasedate, duration, season_season_id) VALUES (573, 'Episode 3', 'Seeded episode', '2011-10-05', 33, 58);
INSERT INTO episode (episode_id, title, description, releasedate, duration, season_season_id) VALUES (574, 'Episode 4', 'Seeded episode', '2011-10-05', 34, 58);
INSERT INTO episode (episode_id, title, description, releasedate, duration, season_season_id) VALUES (575, 'Episode 5', 'Seeded episode', '2011-10-05', 35, 58);
INSERT INTO episode (episode_id, title, description, releasedate, duration, season_season_id) VALUES (576, 'Episode 6', 'Seeded episode', '2011-10-05', 36, 58);
INSERT INTO episode (episode_id, title, description, releasedate, duration, season_season_id) VALUES (577, 'Episode 7', 'Seeded episode', '2011-10-05', 37, 58);
INSERT INTO episode (episode_id, title, description, releasedate, duration, season_season_id) VALUES (578, 'Episode 8', 'Seeded episode', '2011-10-05', 38, 58);
INSERT INTO episode (episode_id, title, description, releasedate, duration, season_season_id) VALUES (579, 'Episode 9', 'Seeded episode', '2011-10-05', 39, 58);
INSERT INTO episode (episode_id, title, description, releasedate, duration, season_season_id) VALUES (580, 'Episode 10', 'Seeded episode', '2011-10-05', 40, 58);

INSERT INTO content (content_id, originaltitle, title, description, rating, releasedate, thumbnail, type) VALUES (130, 'Marvel''s Agents of S.H.I.E.L.D.', 'Marvel''s Agents of S.H.I.E.L.D.', 'Phil Coulson heads an elite team of fellow agents with the worldwide law-enforcement organization known as S.H.I.E.L.D. (Strategic Homeland Intervention Enforcement and Logistics Division), as they investigate strange occurrences around the globe. Its members -- each of whom brings a specialty to the group -- work with Coulson to protect those who cannot protect themselves from extraordinary and inconceivable threats.', 8.0, '2013-09-24', 'https://static.tvmaze.com/uploads/images/original_untouched/486/1215694.jpg', 'SHOW');
INSERT INTO shows (shows_id, content_content_id) VALUES (30, 130);
INSERT INTO season (season_id, title, releasedate, shows_shows_id) VALUES (59, 'Season 1', '2013-09-24', 30);
INSERT INTO episode (episode_id, title, description, releasedate, duration, season_season_id) VALUES (581, 'Episode 1', 'Seeded episode', '2013-09-24', 31, 59);
INSERT INTO episode (episode_id, title, description, releasedate, duration, season_season_id) VALUES (582, 'Episode 2', 'Seeded episode', '2013-09-24', 32, 59);
INSERT INTO episode (episode_id, title, description, releasedate, duration, season_season_id) VALUES (583, 'Episode 3', 'Seeded episode', '2013-09-24', 33, 59);
INSERT INTO episode (episode_id, title, description, releasedate, duration, season_season_id) VALUES (584, 'Episode 4', 'Seeded episode', '2013-09-24', 34, 59);
INSERT INTO episode (episode_id, title, description, releasedate, duration, season_season_id) VALUES (585, 'Episode 5', 'Seeded episode', '2013-09-24', 35, 59);
INSERT INTO episode (episode_id, title, description, releasedate, duration, season_season_id) VALUES (586, 'Episode 6', 'Seeded episode', '2013-09-24', 36, 59);
INSERT INTO episode (episode_id, title, description, releasedate, duration, season_season_id) VALUES (587, 'Episode 7', 'Seeded episode', '2013-09-24', 37, 59);
INSERT INTO episode (episode_id, title, description, releasedate, duration, season_season_id) VALUES (588, 'Episode 8', 'Seeded episode', '2013-09-24', 38, 59);
INSERT INTO episode (episode_id, title, description, releasedate, duration, season_season_id) VALUES (589, 'Episode 9', 'Seeded episode', '2013-09-24', 39, 59);
INSERT INTO episode (episode_id, title, description, releasedate, duration, season_season_id) VALUES (590, 'Episode 10', 'Seeded episode', '2013-09-24', 40, 59);
INSERT INTO season (season_id, title, releasedate, shows_shows_id) VALUES (60, 'Season 2', '2013-09-24', 30);
INSERT INTO episode (episode_id, title, description, releasedate, duration, season_season_id) VALUES (591, 'Episode 1', 'Seeded episode', '2013-09-24', 31, 60);
INSERT INTO episode (episode_id, title, description, releasedate, duration, season_season_id) VALUES (592, 'Episode 2', 'Seeded episode', '2013-09-24', 32, 60);
INSERT INTO episode (episode_id, title, description, releasedate, duration, season_season_id) VALUES (593, 'Episode 3', 'Seeded episode', '2013-09-24', 33, 60);
INSERT INTO episode (episode_id, title, description, releasedate, duration, season_season_id) VALUES (594, 'Episode 4', 'Seeded episode', '2013-09-24', 34, 60);
INSERT INTO episode (episode_id, title, description, releasedate, duration, season_season_id) VALUES (595, 'Episode 5', 'Seeded episode', '2013-09-24', 35, 60);
INSERT INTO episode (episode_id, title, description, releasedate, duration, season_season_id) VALUES (596, 'Episode 6', 'Seeded episode', '2013-09-24', 36, 60);
INSERT INTO episode (episode_id, title, description, releasedate, duration, season_season_id) VALUES (597, 'Episode 7', 'Seeded episode', '2013-09-24', 37, 60);
INSERT INTO episode (episode_id, title, description, releasedate, duration, season_season_id) VALUES (598, 'Episode 8', 'Seeded episode', '2013-09-24', 38, 60);
INSERT INTO episode (episode_id, title, description, releasedate, duration, season_season_id) VALUES (599, 'Episode 9', 'Seeded episode', '2013-09-24', 39, 60);
INSERT INTO episode (episode_id, title, description, releasedate, duration, season_season_id) VALUES (600, 'Episode 10', 'Seeded episode', '2013-09-24', 40, 60);

INSERT INTO content (content_id, originaltitle, title, description, rating, releasedate, thumbnail, type) VALUES (131, 'Fargo', 'Fargo', 'Fargo is a seasonal anthology crime drama with some dark comical elements, inspired by the film Fargo written by the Coen brothers. Each season follows a new case and new characters, all entrenched in the trademark humor, murder and "Minnesota nice" that has made the film an enduring classic.', 8.7, '2014-04-15', 'https://static.tvmaze.com/uploads/images/original_untouched/487/1219631.jpg', 'SHOW');
INSERT INTO shows (shows_id, content_content_id) VALUES (31, 131);
INSERT INTO season (season_id, title, releasedate, shows_shows_id) VALUES (61, 'Season 1', '2014-04-15', 31);
INSERT INTO episode (episode_id, title, description, releasedate, duration, season_season_id) VALUES (601, 'Episode 1', 'Seeded episode', '2014-04-15', 31, 61);
INSERT INTO episode (episode_id, title, description, releasedate, duration, season_season_id) VALUES (602, 'Episode 2', 'Seeded episode', '2014-04-15', 32, 61);
INSERT INTO episode (episode_id, title, description, releasedate, duration, season_season_id) VALUES (603, 'Episode 3', 'Seeded episode', '2014-04-15', 33, 61);
INSERT INTO episode (episode_id, title, description, releasedate, duration, season_season_id) VALUES (604, 'Episode 4', 'Seeded episode', '2014-04-15', 34, 61);
INSERT INTO episode (episode_id, title, description, releasedate, duration, season_season_id) VALUES (605, 'Episode 5', 'Seeded episode', '2014-04-15', 35, 61);
INSERT INTO episode (episode_id, title, description, releasedate, duration, season_season_id) VALUES (606, 'Episode 6', 'Seeded episode', '2014-04-15', 36, 61);
INSERT INTO episode (episode_id, title, description, releasedate, duration, season_season_id) VALUES (607, 'Episode 7', 'Seeded episode', '2014-04-15', 37, 61);
INSERT INTO episode (episode_id, title, description, releasedate, duration, season_season_id) VALUES (608, 'Episode 8', 'Seeded episode', '2014-04-15', 38, 61);
INSERT INTO episode (episode_id, title, description, releasedate, duration, season_season_id) VALUES (609, 'Episode 9', 'Seeded episode', '2014-04-15', 39, 61);
INSERT INTO episode (episode_id, title, description, releasedate, duration, season_season_id) VALUES (610, 'Episode 10', 'Seeded episode', '2014-04-15', 40, 61);
INSERT INTO season (season_id, title, releasedate, shows_shows_id) VALUES (62, 'Season 2', '2014-04-15', 31);
INSERT INTO episode (episode_id, title, description, releasedate, duration, season_season_id) VALUES (611, 'Episode 1', 'Seeded episode', '2014-04-15', 31, 62);
INSERT INTO episode (episode_id, title, description, releasedate, duration, season_season_id) VALUES (612, 'Episode 2', 'Seeded episode', '2014-04-15', 32, 62);
INSERT INTO episode (episode_id, title, description, releasedate, duration, season_season_id) VALUES (613, 'Episode 3', 'Seeded episode', '2014-04-15', 33, 62);
INSERT INTO episode (episode_id, title, description, releasedate, duration, season_season_id) VALUES (614, 'Episode 4', 'Seeded episode', '2014-04-15', 34, 62);
INSERT INTO episode (episode_id, title, description, releasedate, duration, season_season_id) VALUES (615, 'Episode 5', 'Seeded episode', '2014-04-15', 35, 62);
INSERT INTO episode (episode_id, title, description, releasedate, duration, season_season_id) VALUES (616, 'Episode 6', 'Seeded episode', '2014-04-15', 36, 62);
INSERT INTO episode (episode_id, title, description, releasedate, duration, season_season_id) VALUES (617, 'Episode 7', 'Seeded episode', '2014-04-15', 37, 62);
INSERT INTO episode (episode_id, title, description, releasedate, duration, season_season_id) VALUES (618, 'Episode 8', 'Seeded episode', '2014-04-15', 38, 62);
INSERT INTO episode (episode_id, title, description, releasedate, duration, season_season_id) VALUES (619, 'Episode 9', 'Seeded episode', '2014-04-15', 39, 62);
INSERT INTO episode (episode_id, title, description, releasedate, duration, season_season_id) VALUES (620, 'Episode 10', 'Seeded episode', '2014-04-15', 40, 62);

INSERT INTO content (content_id, originaltitle, title, description, rating, releasedate, thumbnail, type) VALUES (132, 'Hemlock Grove', 'Hemlock Grove', 'Secrets are just a part of daily life in the small Pennsylvania town of Hemlock Grove, where the darkest evils hide in plain sight.', 6.9, '2013-04-19', 'https://static.tvmaze.com/uploads/images/original_untouched/0/305.jpg', 'SHOW');
INSERT INTO shows (shows_id, content_content_id) VALUES (32, 132);
INSERT INTO season (season_id, title, releasedate, shows_shows_id) VALUES (63, 'Season 1', '2013-04-19', 32);
INSERT INTO episode (episode_id, title, description, releasedate, duration, season_season_id) VALUES (621, 'Episode 1', 'Seeded episode', '2013-04-19', 31, 63);
INSERT INTO episode (episode_id, title, description, releasedate, duration, season_season_id) VALUES (622, 'Episode 2', 'Seeded episode', '2013-04-19', 32, 63);
INSERT INTO episode (episode_id, title, description, releasedate, duration, season_season_id) VALUES (623, 'Episode 3', 'Seeded episode', '2013-04-19', 33, 63);
INSERT INTO episode (episode_id, title, description, releasedate, duration, season_season_id) VALUES (624, 'Episode 4', 'Seeded episode', '2013-04-19', 34, 63);
INSERT INTO episode (episode_id, title, description, releasedate, duration, season_season_id) VALUES (625, 'Episode 5', 'Seeded episode', '2013-04-19', 35, 63);
INSERT INTO episode (episode_id, title, description, releasedate, duration, season_season_id) VALUES (626, 'Episode 6', 'Seeded episode', '2013-04-19', 36, 63);
INSERT INTO episode (episode_id, title, description, releasedate, duration, season_season_id) VALUES (627, 'Episode 7', 'Seeded episode', '2013-04-19', 37, 63);
INSERT INTO episode (episode_id, title, description, releasedate, duration, season_season_id) VALUES (628, 'Episode 8', 'Seeded episode', '2013-04-19', 38, 63);
INSERT INTO episode (episode_id, title, description, releasedate, duration, season_season_id) VALUES (629, 'Episode 9', 'Seeded episode', '2013-04-19', 39, 63);
INSERT INTO episode (episode_id, title, description, releasedate, duration, season_season_id) VALUES (630, 'Episode 10', 'Seeded episode', '2013-04-19', 40, 63);
INSERT INTO season (season_id, title, releasedate, shows_shows_id) VALUES (64, 'Season 2', '2013-04-19', 32);
INSERT INTO episode (episode_id, title, description, releasedate, duration, season_season_id) VALUES (631, 'Episode 1', 'Seeded episode', '2013-04-19', 31, 64);
INSERT INTO episode (episode_id, title, description, releasedate, duration, season_season_id) VALUES (632, 'Episode 2', 'Seeded episode', '2013-04-19', 32, 64);
INSERT INTO episode (episode_id, title, description, releasedate, duration, season_season_id) VALUES (633, 'Episode 3', 'Seeded episode', '2013-04-19', 33, 64);
INSERT INTO episode (episode_id, title, description, releasedate, duration, season_season_id) VALUES (634, 'Episode 4', 'Seeded episode', '2013-04-19', 34, 64);
INSERT INTO episode (episode_id, title, description, releasedate, duration, season_season_id) VALUES (635, 'Episode 5', 'Seeded episode', '2013-04-19', 35, 64);
INSERT INTO episode (episode_id, title, description, releasedate, duration, season_season_id) VALUES (636, 'Episode 6', 'Seeded episode', '2013-04-19', 36, 64);
INSERT INTO episode (episode_id, title, description, releasedate, duration, season_season_id) VALUES (637, 'Episode 7', 'Seeded episode', '2013-04-19', 37, 64);
INSERT INTO episode (episode_id, title, description, releasedate, duration, season_season_id) VALUES (638, 'Episode 8', 'Seeded episode', '2013-04-19', 38, 64);
INSERT INTO episode (episode_id, title, description, releasedate, duration, season_season_id) VALUES (639, 'Episode 9', 'Seeded episode', '2013-04-19', 39, 64);
INSERT INTO episode (episode_id, title, description, releasedate, duration, season_season_id) VALUES (640, 'Episode 10', 'Seeded episode', '2013-04-19', 40, 64);

INSERT INTO content (content_id, originaltitle, title, description, rating, releasedate, thumbnail, type) VALUES (133, 'Helix', 'Helix', 'Helix is a science fiction thriller that focuses on a CDC expedition into the arctic. They go there to investigate the potential outbreak of a disease with no idea what they are getting themselves into. They encounter an almost zombie-like threat that could threaten mankind itself whilst the operator of the facility seems to know more than what he is saying.', 6.4, '2014-01-10', 'https://static.tvmaze.com/uploads/images/original_untouched/126/316697.jpg', 'SHOW');
INSERT INTO shows (shows_id, content_content_id) VALUES (33, 133);
INSERT INTO season (season_id, title, releasedate, shows_shows_id) VALUES (65, 'Season 1', '2014-01-10', 33);
INSERT INTO episode (episode_id, title, description, releasedate, duration, season_season_id) VALUES (641, 'Episode 1', 'Seeded episode', '2014-01-10', 31, 65);
INSERT INTO episode (episode_id, title, description, releasedate, duration, season_season_id) VALUES (642, 'Episode 2', 'Seeded episode', '2014-01-10', 32, 65);
INSERT INTO episode (episode_id, title, description, releasedate, duration, season_season_id) VALUES (643, 'Episode 3', 'Seeded episode', '2014-01-10', 33, 65);
INSERT INTO episode (episode_id, title, description, releasedate, duration, season_season_id) VALUES (644, 'Episode 4', 'Seeded episode', '2014-01-10', 34, 65);
INSERT INTO episode (episode_id, title, description, releasedate, duration, season_season_id) VALUES (645, 'Episode 5', 'Seeded episode', '2014-01-10', 35, 65);
INSERT INTO episode (episode_id, title, description, releasedate, duration, season_season_id) VALUES (646, 'Episode 6', 'Seeded episode', '2014-01-10', 36, 65);
INSERT INTO episode (episode_id, title, description, releasedate, duration, season_season_id) VALUES (647, 'Episode 7', 'Seeded episode', '2014-01-10', 37, 65);
INSERT INTO episode (episode_id, title, description, releasedate, duration, season_season_id) VALUES (648, 'Episode 8', 'Seeded episode', '2014-01-10', 38, 65);
INSERT INTO episode (episode_id, title, description, releasedate, duration, season_season_id) VALUES (649, 'Episode 9', 'Seeded episode', '2014-01-10', 39, 65);
INSERT INTO episode (episode_id, title, description, releasedate, duration, season_season_id) VALUES (650, 'Episode 10', 'Seeded episode', '2014-01-10', 40, 65);
INSERT INTO season (season_id, title, releasedate, shows_shows_id) VALUES (66, 'Season 2', '2014-01-10', 33);
INSERT INTO episode (episode_id, title, description, releasedate, duration, season_season_id) VALUES (651, 'Episode 1', 'Seeded episode', '2014-01-10', 31, 66);
INSERT INTO episode (episode_id, title, description, releasedate, duration, season_season_id) VALUES (652, 'Episode 2', 'Seeded episode', '2014-01-10', 32, 66);
INSERT INTO episode (episode_id, title, description, releasedate, duration, season_season_id) VALUES (653, 'Episode 3', 'Seeded episode', '2014-01-10', 33, 66);
INSERT INTO episode (episode_id, title, description, releasedate, duration, season_season_id) VALUES (654, 'Episode 4', 'Seeded episode', '2014-01-10', 34, 66);
INSERT INTO episode (episode_id, title, description, releasedate, duration, season_season_id) VALUES (655, 'Episode 5', 'Seeded episode', '2014-01-10', 35, 66);
INSERT INTO episode (episode_id, title, description, releasedate, duration, season_season_id) VALUES (656, 'Episode 6', 'Seeded episode', '2014-01-10', 36, 66);
INSERT INTO episode (episode_id, title, description, releasedate, duration, season_season_id) VALUES (657, 'Episode 7', 'Seeded episode', '2014-01-10', 37, 66);
INSERT INTO episode (episode_id, title, description, releasedate, duration, season_season_id) VALUES (658, 'Episode 8', 'Seeded episode', '2014-01-10', 38, 66);
INSERT INTO episode (episode_id, title, description, releasedate, duration, season_season_id) VALUES (659, 'Episode 9', 'Seeded episode', '2014-01-10', 39, 66);
INSERT INTO episode (episode_id, title, description, releasedate, duration, season_season_id) VALUES (660, 'Episode 10', 'Seeded episode', '2014-01-10', 40, 66);

INSERT INTO content (content_id, originaltitle, title, description, rating, releasedate, thumbnail, type) VALUES (134, 'The Killing', 'The Killing', 'The Killing follows Seattle homicide detectives Stephen Holder and Sarah Linden and their work as detectives investigating murders. Sarah Linden takes cases very seriously and has issues keeping her work and family separate, as she pairs up with recovering addict Stephen Holder to solve dark murders.', 8.2, '2011-04-03', 'https://static.tvmaze.com/uploads/images/original_untouched/216/540157.jpg', 'SHOW');
INSERT INTO shows (shows_id, content_content_id) VALUES (34, 134);
INSERT INTO season (season_id, title, releasedate, shows_shows_id) VALUES (67, 'Season 1', '2011-04-03', 34);
INSERT INTO episode (episode_id, title, description, releasedate, duration, season_season_id) VALUES (661, 'Episode 1', 'Seeded episode', '2011-04-03', 31, 67);
INSERT INTO episode (episode_id, title, description, releasedate, duration, season_season_id) VALUES (662, 'Episode 2', 'Seeded episode', '2011-04-03', 32, 67);
INSERT INTO episode (episode_id, title, description, releasedate, duration, season_season_id) VALUES (663, 'Episode 3', 'Seeded episode', '2011-04-03', 33, 67);
INSERT INTO episode (episode_id, title, description, releasedate, duration, season_season_id) VALUES (664, 'Episode 4', 'Seeded episode', '2011-04-03', 34, 67);
INSERT INTO episode (episode_id, title, description, releasedate, duration, season_season_id) VALUES (665, 'Episode 5', 'Seeded episode', '2011-04-03', 35, 67);
INSERT INTO episode (episode_id, title, description, releasedate, duration, season_season_id) VALUES (666, 'Episode 6', 'Seeded episode', '2011-04-03', 36, 67);
INSERT INTO episode (episode_id, title, description, releasedate, duration, season_season_id) VALUES (667, 'Episode 7', 'Seeded episode', '2011-04-03', 37, 67);
INSERT INTO episode (episode_id, title, description, releasedate, duration, season_season_id) VALUES (668, 'Episode 8', 'Seeded episode', '2011-04-03', 38, 67);
INSERT INTO episode (episode_id, title, description, releasedate, duration, season_season_id) VALUES (669, 'Episode 9', 'Seeded episode', '2011-04-03', 39, 67);
INSERT INTO episode (episode_id, title, description, releasedate, duration, season_season_id) VALUES (670, 'Episode 10', 'Seeded episode', '2011-04-03', 40, 67);
INSERT INTO season (season_id, title, releasedate, shows_shows_id) VALUES (68, 'Season 2', '2011-04-03', 34);
INSERT INTO episode (episode_id, title, description, releasedate, duration, season_season_id) VALUES (671, 'Episode 1', 'Seeded episode', '2011-04-03', 31, 68);
INSERT INTO episode (episode_id, title, description, releasedate, duration, season_season_id) VALUES (672, 'Episode 2', 'Seeded episode', '2011-04-03', 32, 68);
INSERT INTO episode (episode_id, title, description, releasedate, duration, season_season_id) VALUES (673, 'Episode 3', 'Seeded episode', '2011-04-03', 33, 68);
INSERT INTO episode (episode_id, title, description, releasedate, duration, season_season_id) VALUES (674, 'Episode 4', 'Seeded episode', '2011-04-03', 34, 68);
INSERT INTO episode (episode_id, title, description, releasedate, duration, season_season_id) VALUES (675, 'Episode 5', 'Seeded episode', '2011-04-03', 35, 68);
INSERT INTO episode (episode_id, title, description, releasedate, duration, season_season_id) VALUES (676, 'Episode 6', 'Seeded episode', '2011-04-03', 36, 68);
INSERT INTO episode (episode_id, title, description, releasedate, duration, season_season_id) VALUES (677, 'Episode 7', 'Seeded episode', '2011-04-03', 37, 68);
INSERT INTO episode (episode_id, title, description, releasedate, duration, season_season_id) VALUES (678, 'Episode 8', 'Seeded episode', '2011-04-03', 38, 68);
INSERT INTO episode (episode_id, title, description, releasedate, duration, season_season_id) VALUES (679, 'Episode 9', 'Seeded episode', '2011-04-03', 39, 68);
INSERT INTO episode (episode_id, title, description, releasedate, duration, season_season_id) VALUES (680, 'Episode 10', 'Seeded episode', '2011-04-03', 40, 68);

INSERT INTO content (content_id, originaltitle, title, description, rating, releasedate, thumbnail, type) VALUES (135, 'Intruders', 'Intruders', 'A contemporary, chilling, paranormal tale set in the moody Pacific Northwest, the series spins a fascinating and complex web of drama. As strange, apparently unrelated events start happening, multiple story-lines - a missing wife, an assassin covering his crimes, a child on the run - begin to intertwine to reveal a conspiracy that will forever change our understanding of human nature.', 7.2, '2014-08-23', 'https://static.tvmaze.com/uploads/images/original_untouched/126/316698.jpg', 'SHOW');
INSERT INTO shows (shows_id, content_content_id) VALUES (35, 135);
INSERT INTO season (season_id, title, releasedate, shows_shows_id) VALUES (69, 'Season 1', '2014-08-23', 35);
INSERT INTO episode (episode_id, title, description, releasedate, duration, season_season_id) VALUES (681, 'Episode 1', 'Seeded episode', '2014-08-23', 31, 69);
INSERT INTO episode (episode_id, title, description, releasedate, duration, season_season_id) VALUES (682, 'Episode 2', 'Seeded episode', '2014-08-23', 32, 69);
INSERT INTO episode (episode_id, title, description, releasedate, duration, season_season_id) VALUES (683, 'Episode 3', 'Seeded episode', '2014-08-23', 33, 69);
INSERT INTO episode (episode_id, title, description, releasedate, duration, season_season_id) VALUES (684, 'Episode 4', 'Seeded episode', '2014-08-23', 34, 69);
INSERT INTO episode (episode_id, title, description, releasedate, duration, season_season_id) VALUES (685, 'Episode 5', 'Seeded episode', '2014-08-23', 35, 69);
INSERT INTO episode (episode_id, title, description, releasedate, duration, season_season_id) VALUES (686, 'Episode 6', 'Seeded episode', '2014-08-23', 36, 69);
INSERT INTO episode (episode_id, title, description, releasedate, duration, season_season_id) VALUES (687, 'Episode 7', 'Seeded episode', '2014-08-23', 37, 69);
INSERT INTO episode (episode_id, title, description, releasedate, duration, season_season_id) VALUES (688, 'Episode 8', 'Seeded episode', '2014-08-23', 38, 69);
INSERT INTO episode (episode_id, title, description, releasedate, duration, season_season_id) VALUES (689, 'Episode 9', 'Seeded episode', '2014-08-23', 39, 69);
INSERT INTO episode (episode_id, title, description, releasedate, duration, season_season_id) VALUES (690, 'Episode 10', 'Seeded episode', '2014-08-23', 40, 69);
INSERT INTO season (season_id, title, releasedate, shows_shows_id) VALUES (70, 'Season 2', '2014-08-23', 35);
INSERT INTO episode (episode_id, title, description, releasedate, duration, season_season_id) VALUES (691, 'Episode 1', 'Seeded episode', '2014-08-23', 31, 70);
INSERT INTO episode (episode_id, title, description, releasedate, duration, season_season_id) VALUES (692, 'Episode 2', 'Seeded episode', '2014-08-23', 32, 70);
INSERT INTO episode (episode_id, title, description, releasedate, duration, season_season_id) VALUES (693, 'Episode 3', 'Seeded episode', '2014-08-23', 33, 70);
INSERT INTO episode (episode_id, title, description, releasedate, duration, season_season_id) VALUES (694, 'Episode 4', 'Seeded episode', '2014-08-23', 34, 70);
INSERT INTO episode (episode_id, title, description, releasedate, duration, season_season_id) VALUES (695, 'Episode 5', 'Seeded episode', '2014-08-23', 35, 70);
INSERT INTO episode (episode_id, title, description, releasedate, duration, season_season_id) VALUES (696, 'Episode 6', 'Seeded episode', '2014-08-23', 36, 70);
INSERT INTO episode (episode_id, title, description, releasedate, duration, season_season_id) VALUES (697, 'Episode 7', 'Seeded episode', '2014-08-23', 37, 70);
INSERT INTO episode (episode_id, title, description, releasedate, duration, season_season_id) VALUES (698, 'Episode 8', 'Seeded episode', '2014-08-23', 38, 70);
INSERT INTO episode (episode_id, title, description, releasedate, duration, season_season_id) VALUES (699, 'Episode 9', 'Seeded episode', '2014-08-23', 39, 70);
INSERT INTO episode (episode_id, title, description, releasedate, duration, season_season_id) VALUES (700, 'Episode 10', 'Seeded episode', '2014-08-23', 40, 70);

INSERT INTO content (content_id, originaltitle, title, description, rating, releasedate, thumbnail, type) VALUES (136, 'Z Nation', 'Z Nation', 'Z Nation starts three years after the zombie virus has gutted the country, a team of everyday heroes must transport the only known survivor of the plague from New York to California, where the last functioning viral lab waits for his blood. Although the antibodies he carries are the world''s last, best hope for a vaccine, he hides a dark secret that threatens them all. With humankind''s survival at stake, the ragtag band embarks on a journey of survival across three thousand miles of rusted-out post-apocalyptic America.', 7.2, '2014-09-12', 'https://static.tvmaze.com/uploads/images/original_untouched/170/426759.jpg', 'SHOW');
INSERT INTO shows (shows_id, content_content_id) VALUES (36, 136);
INSERT INTO season (season_id, title, releasedate, shows_shows_id) VALUES (71, 'Season 1', '2014-09-12', 36);
INSERT INTO episode (episode_id, title, description, releasedate, duration, season_season_id) VALUES (701, 'Episode 1', 'Seeded episode', '2014-09-12', 31, 71);
INSERT INTO episode (episode_id, title, description, releasedate, duration, season_season_id) VALUES (702, 'Episode 2', 'Seeded episode', '2014-09-12', 32, 71);
INSERT INTO episode (episode_id, title, description, releasedate, duration, season_season_id) VALUES (703, 'Episode 3', 'Seeded episode', '2014-09-12', 33, 71);
INSERT INTO episode (episode_id, title, description, releasedate, duration, season_season_id) VALUES (704, 'Episode 4', 'Seeded episode', '2014-09-12', 34, 71);
INSERT INTO episode (episode_id, title, description, releasedate, duration, season_season_id) VALUES (705, 'Episode 5', 'Seeded episode', '2014-09-12', 35, 71);
INSERT INTO episode (episode_id, title, description, releasedate, duration, season_season_id) VALUES (706, 'Episode 6', 'Seeded episode', '2014-09-12', 36, 71);
INSERT INTO episode (episode_id, title, description, releasedate, duration, season_season_id) VALUES (707, 'Episode 7', 'Seeded episode', '2014-09-12', 37, 71);
INSERT INTO episode (episode_id, title, description, releasedate, duration, season_season_id) VALUES (708, 'Episode 8', 'Seeded episode', '2014-09-12', 38, 71);
INSERT INTO episode (episode_id, title, description, releasedate, duration, season_season_id) VALUES (709, 'Episode 9', 'Seeded episode', '2014-09-12', 39, 71);
INSERT INTO episode (episode_id, title, description, releasedate, duration, season_season_id) VALUES (710, 'Episode 10', 'Seeded episode', '2014-09-12', 40, 71);
INSERT INTO season (season_id, title, releasedate, shows_shows_id) VALUES (72, 'Season 2', '2014-09-12', 36);
INSERT INTO episode (episode_id, title, description, releasedate, duration, season_season_id) VALUES (711, 'Episode 1', 'Seeded episode', '2014-09-12', 31, 72);
INSERT INTO episode (episode_id, title, description, releasedate, duration, season_season_id) VALUES (712, 'Episode 2', 'Seeded episode', '2014-09-12', 32, 72);
INSERT INTO episode (episode_id, title, description, releasedate, duration, season_season_id) VALUES (713, 'Episode 3', 'Seeded episode', '2014-09-12', 33, 72);
INSERT INTO episode (episode_id, title, description, releasedate, duration, season_season_id) VALUES (714, 'Episode 4', 'Seeded episode', '2014-09-12', 34, 72);
INSERT INTO episode (episode_id, title, description, releasedate, duration, season_season_id) VALUES (715, 'Episode 5', 'Seeded episode', '2014-09-12', 35, 72);
INSERT INTO episode (episode_id, title, description, releasedate, duration, season_season_id) VALUES (716, 'Episode 6', 'Seeded episode', '2014-09-12', 36, 72);
INSERT INTO episode (episode_id, title, description, releasedate, duration, season_season_id) VALUES (717, 'Episode 7', 'Seeded episode', '2014-09-12', 37, 72);
INSERT INTO episode (episode_id, title, description, releasedate, duration, season_season_id) VALUES (718, 'Episode 8', 'Seeded episode', '2014-09-12', 38, 72);
INSERT INTO episode (episode_id, title, description, releasedate, duration, season_season_id) VALUES (719, 'Episode 9', 'Seeded episode', '2014-09-12', 39, 72);
INSERT INTO episode (episode_id, title, description, releasedate, duration, season_season_id) VALUES (720, 'Episode 10', 'Seeded episode', '2014-09-12', 40, 72);

INSERT INTO content (content_id, originaltitle, title, description, rating, releasedate, thumbnail, type) VALUES (137, 'Resurrection', 'Resurrection', 'The people of Arcadia, Missouri are forever changed when their deceased loved ones suddenly start to reappear. An 8-year-old American boy wakes up alone in a rice paddy in a rural Chinese province with no idea how he got there. Details start to emerge when the boy, who calls himself Jacob, recalls that his hometown is Arcadia, and an Immigration agent, J. Martin Bellamy, takes him there. The home he claims as his own is occupied by a 60-year-old couple, Henry and Lucille Langston, who lost their son, Jacob, more than 30 years ago. While they look different, young Jacob recognizes them as his parents. Lucille is overjoyed at the seeming miracle of her son''s reappearance. Henry is reluctant to accept that Jacob is back. Those closest to the family want answers, including Sheriff Fred Langston, whose wife Barbara drowned 30 years ago while trying to save Jacob, and Fred''s daughter, Maggie, a local doctor. Pastor Tom Hale seeks a spiritual reason for what''s happening in his community. When things take an even more shocking turn, Maggie''s life-long friend, Elaine Richards, finds herself drawn into Arcadia''s growing mystery. Bellamy, an outsider in the town, joins forces with Maggie to figure out why the unexplainable is happening in Arcadia. As their investigation plays out, Maggie learns some unsettling truths about her own past. Will they be able to solve the mystery of Arcadia before the rest of the world catches on to events there? And will they be able to protect Jacob from forces beyond their control?', 7.1, '2014-03-09', 'https://static.tvmaze.com/uploads/images/original_untouched/0/350.jpg', 'SHOW');
INSERT INTO shows (shows_id, content_content_id) VALUES (37, 137);
INSERT INTO season (season_id, title, releasedate, shows_shows_id) VALUES (73, 'Season 1', '2014-03-09', 37);
INSERT INTO episode (episode_id, title, description, releasedate, duration, season_season_id) VALUES (721, 'Episode 1', 'Seeded episode', '2014-03-09', 31, 73);
INSERT INTO episode (episode_id, title, description, releasedate, duration, season_season_id) VALUES (722, 'Episode 2', 'Seeded episode', '2014-03-09', 32, 73);
INSERT INTO episode (episode_id, title, description, releasedate, duration, season_season_id) VALUES (723, 'Episode 3', 'Seeded episode', '2014-03-09', 33, 73);
INSERT INTO episode (episode_id, title, description, releasedate, duration, season_season_id) VALUES (724, 'Episode 4', 'Seeded episode', '2014-03-09', 34, 73);
INSERT INTO episode (episode_id, title, description, releasedate, duration, season_season_id) VALUES (725, 'Episode 5', 'Seeded episode', '2014-03-09', 35, 73);
INSERT INTO episode (episode_id, title, description, releasedate, duration, season_season_id) VALUES (726, 'Episode 6', 'Seeded episode', '2014-03-09', 36, 73);
INSERT INTO episode (episode_id, title, description, releasedate, duration, season_season_id) VALUES (727, 'Episode 7', 'Seeded episode', '2014-03-09', 37, 73);
INSERT INTO episode (episode_id, title, description, releasedate, duration, season_season_id) VALUES (728, 'Episode 8', 'Seeded episode', '2014-03-09', 38, 73);
INSERT INTO episode (episode_id, title, description, releasedate, duration, season_season_id) VALUES (729, 'Episode 9', 'Seeded episode', '2014-03-09', 39, 73);
INSERT INTO episode (episode_id, title, description, releasedate, duration, season_season_id) VALUES (730, 'Episode 10', 'Seeded episode', '2014-03-09', 40, 73);
INSERT INTO season (season_id, title, releasedate, shows_shows_id) VALUES (74, 'Season 2', '2014-03-09', 37);
INSERT INTO episode (episode_id, title, description, releasedate, duration, season_season_id) VALUES (731, 'Episode 1', 'Seeded episode', '2014-03-09', 31, 74);
INSERT INTO episode (episode_id, title, description, releasedate, duration, season_season_id) VALUES (732, 'Episode 2', 'Seeded episode', '2014-03-09', 32, 74);
INSERT INTO episode (episode_id, title, description, releasedate, duration, season_season_id) VALUES (733, 'Episode 3', 'Seeded episode', '2014-03-09', 33, 74);
INSERT INTO episode (episode_id, title, description, releasedate, duration, season_season_id) VALUES (734, 'Episode 4', 'Seeded episode', '2014-03-09', 34, 74);
INSERT INTO episode (episode_id, title, description, releasedate, duration, season_season_id) VALUES (735, 'Episode 5', 'Seeded episode', '2014-03-09', 35, 74);
INSERT INTO episode (episode_id, title, description, releasedate, duration, season_season_id) VALUES (736, 'Episode 6', 'Seeded episode', '2014-03-09', 36, 74);
INSERT INTO episode (episode_id, title, description, releasedate, duration, season_season_id) VALUES (737, 'Episode 7', 'Seeded episode', '2014-03-09', 37, 74);
INSERT INTO episode (episode_id, title, description, releasedate, duration, season_season_id) VALUES (738, 'Episode 8', 'Seeded episode', '2014-03-09', 38, 74);
INSERT INTO episode (episode_id, title, description, releasedate, duration, season_season_id) VALUES (739, 'Episode 9', 'Seeded episode', '2014-03-09', 39, 74);
INSERT INTO episode (episode_id, title, description, releasedate, duration, season_season_id) VALUES (740, 'Episode 10', 'Seeded episode', '2014-03-09', 40, 74);

INSERT INTO content (content_id, originaltitle, title, description, rating, releasedate, thumbnail, type) VALUES (138, 'Death Note', 'Death Note', 'Death Note is an anime series based around a manga of the same name whereby a human finds a death god''s notebook. Any person''s name written in this notebook will die. The main character who finds this noteboook is Light Yagami who faces off against an unfaced character named L who tries to challenge him.', 8.8, '2006-10-03', 'https://static.tvmaze.com/uploads/images/original_untouched/499/1249019.jpg', 'SHOW');
INSERT INTO shows (shows_id, content_content_id) VALUES (38, 138);
INSERT INTO season (season_id, title, releasedate, shows_shows_id) VALUES (75, 'Season 1', '2006-10-03', 38);
INSERT INTO episode (episode_id, title, description, releasedate, duration, season_season_id) VALUES (741, 'Episode 1', 'Seeded episode', '2006-10-03', 31, 75);
INSERT INTO episode (episode_id, title, description, releasedate, duration, season_season_id) VALUES (742, 'Episode 2', 'Seeded episode', '2006-10-03', 32, 75);
INSERT INTO episode (episode_id, title, description, releasedate, duration, season_season_id) VALUES (743, 'Episode 3', 'Seeded episode', '2006-10-03', 33, 75);
INSERT INTO episode (episode_id, title, description, releasedate, duration, season_season_id) VALUES (744, 'Episode 4', 'Seeded episode', '2006-10-03', 34, 75);
INSERT INTO episode (episode_id, title, description, releasedate, duration, season_season_id) VALUES (745, 'Episode 5', 'Seeded episode', '2006-10-03', 35, 75);
INSERT INTO episode (episode_id, title, description, releasedate, duration, season_season_id) VALUES (746, 'Episode 6', 'Seeded episode', '2006-10-03', 36, 75);
INSERT INTO episode (episode_id, title, description, releasedate, duration, season_season_id) VALUES (747, 'Episode 7', 'Seeded episode', '2006-10-03', 37, 75);
INSERT INTO episode (episode_id, title, description, releasedate, duration, season_season_id) VALUES (748, 'Episode 8', 'Seeded episode', '2006-10-03', 38, 75);
INSERT INTO episode (episode_id, title, description, releasedate, duration, season_season_id) VALUES (749, 'Episode 9', 'Seeded episode', '2006-10-03', 39, 75);
INSERT INTO episode (episode_id, title, description, releasedate, duration, season_season_id) VALUES (750, 'Episode 10', 'Seeded episode', '2006-10-03', 40, 75);
INSERT INTO season (season_id, title, releasedate, shows_shows_id) VALUES (76, 'Season 2', '2006-10-03', 38);
INSERT INTO episode (episode_id, title, description, releasedate, duration, season_season_id) VALUES (751, 'Episode 1', 'Seeded episode', '2006-10-03', 31, 76);
INSERT INTO episode (episode_id, title, description, releasedate, duration, season_season_id) VALUES (752, 'Episode 2', 'Seeded episode', '2006-10-03', 32, 76);
INSERT INTO episode (episode_id, title, description, releasedate, duration, season_season_id) VALUES (753, 'Episode 3', 'Seeded episode', '2006-10-03', 33, 76);
INSERT INTO episode (episode_id, title, description, releasedate, duration, season_season_id) VALUES (754, 'Episode 4', 'Seeded episode', '2006-10-03', 34, 76);
INSERT INTO episode (episode_id, title, description, releasedate, duration, season_season_id) VALUES (755, 'Episode 5', 'Seeded episode', '2006-10-03', 35, 76);
INSERT INTO episode (episode_id, title, description, releasedate, duration, season_season_id) VALUES (756, 'Episode 6', 'Seeded episode', '2006-10-03', 36, 76);
INSERT INTO episode (episode_id, title, description, releasedate, duration, season_season_id) VALUES (757, 'Episode 7', 'Seeded episode', '2006-10-03', 37, 76);
INSERT INTO episode (episode_id, title, description, releasedate, duration, season_season_id) VALUES (758, 'Episode 8', 'Seeded episode', '2006-10-03', 38, 76);
INSERT INTO episode (episode_id, title, description, releasedate, duration, season_season_id) VALUES (759, 'Episode 9', 'Seeded episode', '2006-10-03', 39, 76);
INSERT INTO episode (episode_id, title, description, releasedate, duration, season_season_id) VALUES (760, 'Episode 10', 'Seeded episode', '2006-10-03', 40, 76);

INSERT INTO content (content_id, originaltitle, title, description, rating, releasedate, thumbnail, type) VALUES (139, 'Last Man Standing', 'Last Man Standing', 'Last Man Standing follows Mike Baxter, a married father of three girls, who tries to maintain his manliness, despite being surrounded by women.', 7.8, '2011-10-11', 'https://static.tvmaze.com/uploads/images/original_untouched/419/1049994.jpg', 'SHOW');
INSERT INTO shows (shows_id, content_content_id) VALUES (39, 139);
INSERT INTO season (season_id, title, releasedate, shows_shows_id) VALUES (77, 'Season 1', '2011-10-11', 39);
INSERT INTO episode (episode_id, title, description, releasedate, duration, season_season_id) VALUES (761, 'Episode 1', 'Seeded episode', '2011-10-11', 31, 77);
INSERT INTO episode (episode_id, title, description, releasedate, duration, season_season_id) VALUES (762, 'Episode 2', 'Seeded episode', '2011-10-11', 32, 77);
INSERT INTO episode (episode_id, title, description, releasedate, duration, season_season_id) VALUES (763, 'Episode 3', 'Seeded episode', '2011-10-11', 33, 77);
INSERT INTO episode (episode_id, title, description, releasedate, duration, season_season_id) VALUES (764, 'Episode 4', 'Seeded episode', '2011-10-11', 34, 77);
INSERT INTO episode (episode_id, title, description, releasedate, duration, season_season_id) VALUES (765, 'Episode 5', 'Seeded episode', '2011-10-11', 35, 77);
INSERT INTO episode (episode_id, title, description, releasedate, duration, season_season_id) VALUES (766, 'Episode 6', 'Seeded episode', '2011-10-11', 36, 77);
INSERT INTO episode (episode_id, title, description, releasedate, duration, season_season_id) VALUES (767, 'Episode 7', 'Seeded episode', '2011-10-11', 37, 77);
INSERT INTO episode (episode_id, title, description, releasedate, duration, season_season_id) VALUES (768, 'Episode 8', 'Seeded episode', '2011-10-11', 38, 77);
INSERT INTO episode (episode_id, title, description, releasedate, duration, season_season_id) VALUES (769, 'Episode 9', 'Seeded episode', '2011-10-11', 39, 77);
INSERT INTO episode (episode_id, title, description, releasedate, duration, season_season_id) VALUES (770, 'Episode 10', 'Seeded episode', '2011-10-11', 40, 77);
INSERT INTO season (season_id, title, releasedate, shows_shows_id) VALUES (78, 'Season 2', '2011-10-11', 39);
INSERT INTO episode (episode_id, title, description, releasedate, duration, season_season_id) VALUES (771, 'Episode 1', 'Seeded episode', '2011-10-11', 31, 78);
INSERT INTO episode (episode_id, title, description, releasedate, duration, season_season_id) VALUES (772, 'Episode 2', 'Seeded episode', '2011-10-11', 32, 78);
INSERT INTO episode (episode_id, title, description, releasedate, duration, season_season_id) VALUES (773, 'Episode 3', 'Seeded episode', '2011-10-11', 33, 78);
INSERT INTO episode (episode_id, title, description, releasedate, duration, season_season_id) VALUES (774, 'Episode 4', 'Seeded episode', '2011-10-11', 34, 78);
INSERT INTO episode (episode_id, title, description, releasedate, duration, season_season_id) VALUES (775, 'Episode 5', 'Seeded episode', '2011-10-11', 35, 78);
INSERT INTO episode (episode_id, title, description, releasedate, duration, season_season_id) VALUES (776, 'Episode 6', 'Seeded episode', '2011-10-11', 36, 78);
INSERT INTO episode (episode_id, title, description, releasedate, duration, season_season_id) VALUES (777, 'Episode 7', 'Seeded episode', '2011-10-11', 37, 78);
INSERT INTO episode (episode_id, title, description, releasedate, duration, season_season_id) VALUES (778, 'Episode 8', 'Seeded episode', '2011-10-11', 38, 78);
INSERT INTO episode (episode_id, title, description, releasedate, duration, season_season_id) VALUES (779, 'Episode 9', 'Seeded episode', '2011-10-11', 39, 78);
INSERT INTO episode (episode_id, title, description, releasedate, duration, season_season_id) VALUES (780, 'Episode 10', 'Seeded episode', '2011-10-11', 40, 78);

INSERT INTO content (content_id, originaltitle, title, description, rating, releasedate, thumbnail, type) VALUES (140, 'Sleepy Hollow', 'Sleepy Hollow', 'Sleepy Hollow is a thrilling mystery-adventure drama series spanning two and a half centuries, in which a resurrected Ichabod Crane pairs up with a present-day police lieutenant to save the enigmatic town of Sleepy Hollow--and the world--from unprecedented evil.', 7.5, '2013-09-16', 'https://static.tvmaze.com/uploads/images/original_untouched/81/204166.jpg', 'SHOW');
INSERT INTO shows (shows_id, content_content_id) VALUES (40, 140);
INSERT INTO season (season_id, title, releasedate, shows_shows_id) VALUES (79, 'Season 1', '2013-09-16', 40);
INSERT INTO episode (episode_id, title, description, releasedate, duration, season_season_id) VALUES (781, 'Episode 1', 'Seeded episode', '2013-09-16', 31, 79);
INSERT INTO episode (episode_id, title, description, releasedate, duration, season_season_id) VALUES (782, 'Episode 2', 'Seeded episode', '2013-09-16', 32, 79);
INSERT INTO episode (episode_id, title, description, releasedate, duration, season_season_id) VALUES (783, 'Episode 3', 'Seeded episode', '2013-09-16', 33, 79);
INSERT INTO episode (episode_id, title, description, releasedate, duration, season_season_id) VALUES (784, 'Episode 4', 'Seeded episode', '2013-09-16', 34, 79);
INSERT INTO episode (episode_id, title, description, releasedate, duration, season_season_id) VALUES (785, 'Episode 5', 'Seeded episode', '2013-09-16', 35, 79);
INSERT INTO episode (episode_id, title, description, releasedate, duration, season_season_id) VALUES (786, 'Episode 6', 'Seeded episode', '2013-09-16', 36, 79);
INSERT INTO episode (episode_id, title, description, releasedate, duration, season_season_id) VALUES (787, 'Episode 7', 'Seeded episode', '2013-09-16', 37, 79);
INSERT INTO episode (episode_id, title, description, releasedate, duration, season_season_id) VALUES (788, 'Episode 8', 'Seeded episode', '2013-09-16', 38, 79);
INSERT INTO episode (episode_id, title, description, releasedate, duration, season_season_id) VALUES (789, 'Episode 9', 'Seeded episode', '2013-09-16', 39, 79);
INSERT INTO episode (episode_id, title, description, releasedate, duration, season_season_id) VALUES (790, 'Episode 10', 'Seeded episode', '2013-09-16', 40, 79);
INSERT INTO season (season_id, title, releasedate, shows_shows_id) VALUES (80, 'Season 2', '2013-09-16', 40);
INSERT INTO episode (episode_id, title, description, releasedate, duration, season_season_id) VALUES (791, 'Episode 1', 'Seeded episode', '2013-09-16', 31, 80);
INSERT INTO episode (episode_id, title, description, releasedate, duration, season_season_id) VALUES (792, 'Episode 2', 'Seeded episode', '2013-09-16', 32, 80);
INSERT INTO episode (episode_id, title, description, releasedate, duration, season_season_id) VALUES (793, 'Episode 3', 'Seeded episode', '2013-09-16', 33, 80);
INSERT INTO episode (episode_id, title, description, releasedate, duration, season_season_id) VALUES (794, 'Episode 4', 'Seeded episode', '2013-09-16', 34, 80);
INSERT INTO episode (episode_id, title, description, releasedate, duration, season_season_id) VALUES (795, 'Episode 5', 'Seeded episode', '2013-09-16', 35, 80);
INSERT INTO episode (episode_id, title, description, releasedate, duration, season_season_id) VALUES (796, 'Episode 6', 'Seeded episode', '2013-09-16', 36, 80);
INSERT INTO episode (episode_id, title, description, releasedate, duration, season_season_id) VALUES (797, 'Episode 7', 'Seeded episode', '2013-09-16', 37, 80);
INSERT INTO episode (episode_id, title, description, releasedate, duration, season_season_id) VALUES (798, 'Episode 8', 'Seeded episode', '2013-09-16', 38, 80);
INSERT INTO episode (episode_id, title, description, releasedate, duration, season_season_id) VALUES (799, 'Episode 9', 'Seeded episode', '2013-09-16', 39, 80);
INSERT INTO episode (episode_id, title, description, releasedate, duration, season_season_id) VALUES (800, 'Episode 10', 'Seeded episode', '2013-09-16', 40, 80);

INSERT INTO content (content_id, originaltitle, title, description, rating, releasedate, thumbnail, type) VALUES (141, 'Outlander', 'Outlander', 'Outlander follows the story of Claire Randall, a married combat nurse from 1945 who is mysteriously swept back in time to 1743, where she is immediately thrown into an unknown world where her life is threatened. When she is forced to marry Jamie, a chivalrous and romantic young Scottish warrior, a passionate affair is ignited that tears Claire''s heart between two vastly different men in two irreconcilable lives.The Outlander series, adapted from Diana Gabaldon''s international best-selling books, spans the genres of romance, science fiction, history and adventure into one epic tale.', 7.9, '2014-08-09', 'https://static.tvmaze.com/uploads/images/original_untouched/597/1493736.jpg', 'SHOW');
INSERT INTO shows (shows_id, content_content_id) VALUES (41, 141);
INSERT INTO season (season_id, title, releasedate, shows_shows_id) VALUES (81, 'Season 1', '2014-08-09', 41);
INSERT INTO episode (episode_id, title, description, releasedate, duration, season_season_id) VALUES (801, 'Episode 1', 'Seeded episode', '2014-08-09', 31, 81);
INSERT INTO episode (episode_id, title, description, releasedate, duration, season_season_id) VALUES (802, 'Episode 2', 'Seeded episode', '2014-08-09', 32, 81);
INSERT INTO episode (episode_id, title, description, releasedate, duration, season_season_id) VALUES (803, 'Episode 3', 'Seeded episode', '2014-08-09', 33, 81);
INSERT INTO episode (episode_id, title, description, releasedate, duration, season_season_id) VALUES (804, 'Episode 4', 'Seeded episode', '2014-08-09', 34, 81);
INSERT INTO episode (episode_id, title, description, releasedate, duration, season_season_id) VALUES (805, 'Episode 5', 'Seeded episode', '2014-08-09', 35, 81);
INSERT INTO episode (episode_id, title, description, releasedate, duration, season_season_id) VALUES (806, 'Episode 6', 'Seeded episode', '2014-08-09', 36, 81);
INSERT INTO episode (episode_id, title, description, releasedate, duration, season_season_id) VALUES (807, 'Episode 7', 'Seeded episode', '2014-08-09', 37, 81);
INSERT INTO episode (episode_id, title, description, releasedate, duration, season_season_id) VALUES (808, 'Episode 8', 'Seeded episode', '2014-08-09', 38, 81);
INSERT INTO episode (episode_id, title, description, releasedate, duration, season_season_id) VALUES (809, 'Episode 9', 'Seeded episode', '2014-08-09', 39, 81);
INSERT INTO episode (episode_id, title, description, releasedate, duration, season_season_id) VALUES (810, 'Episode 10', 'Seeded episode', '2014-08-09', 40, 81);
INSERT INTO season (season_id, title, releasedate, shows_shows_id) VALUES (82, 'Season 2', '2014-08-09', 41);
INSERT INTO episode (episode_id, title, description, releasedate, duration, season_season_id) VALUES (811, 'Episode 1', 'Seeded episode', '2014-08-09', 31, 82);
INSERT INTO episode (episode_id, title, description, releasedate, duration, season_season_id) VALUES (812, 'Episode 2', 'Seeded episode', '2014-08-09', 32, 82);
INSERT INTO episode (episode_id, title, description, releasedate, duration, season_season_id) VALUES (813, 'Episode 3', 'Seeded episode', '2014-08-09', 33, 82);
INSERT INTO episode (episode_id, title, description, releasedate, duration, season_season_id) VALUES (814, 'Episode 4', 'Seeded episode', '2014-08-09', 34, 82);
INSERT INTO episode (episode_id, title, description, releasedate, duration, season_season_id) VALUES (815, 'Episode 5', 'Seeded episode', '2014-08-09', 35, 82);
INSERT INTO episode (episode_id, title, description, releasedate, duration, season_season_id) VALUES (816, 'Episode 6', 'Seeded episode', '2014-08-09', 36, 82);
INSERT INTO episode (episode_id, title, description, releasedate, duration, season_season_id) VALUES (817, 'Episode 7', 'Seeded episode', '2014-08-09', 37, 82);
INSERT INTO episode (episode_id, title, description, releasedate, duration, season_season_id) VALUES (818, 'Episode 8', 'Seeded episode', '2014-08-09', 38, 82);
INSERT INTO episode (episode_id, title, description, releasedate, duration, season_season_id) VALUES (819, 'Episode 9', 'Seeded episode', '2014-08-09', 39, 82);
INSERT INTO episode (episode_id, title, description, releasedate, duration, season_season_id) VALUES (820, 'Episode 10', 'Seeded episode', '2014-08-09', 40, 82);

INSERT INTO content (content_id, originaltitle, title, description, rating, releasedate, thumbnail, type) VALUES (142, 'Scorpion', 'Scorpion', 'Scorpion, inspired by a true story, is a high-octane drama about eccentric genius Walter O''Brien and his team of brilliant misfits who comprise the last line of defense against complex, high-tech threats of the modern age. As Homeland Security''s new think tank, O''Brien''s "Scorpion" team includes Toby Curtis an expert behaviorist who can read anyone; Happy Quinn, a mechanical prodigy; and Sylvester Dodd, a statistics guru. Pooling their extensive technological knowledge to solve mind-boggling predicaments amazes federal agent Cabe Gallo, who shares a harrowing history with O''Brien. However, while this socially awkward group is comfortable with each other''s humor and quirks, life outside their circle confounds them, so they rely on Paige Dineen, who has a young, gifted son, to translate the world for them. At last, these nerdy masterminds have found the perfect job: a place where they can apply their exceptional brainpower to solve the nation''s crises, while also helping each other learn how to fit in.', 7.3, '2014-09-22', 'https://static.tvmaze.com/uploads/images/original_untouched/128/322484.jpg', 'SHOW');
INSERT INTO shows (shows_id, content_content_id) VALUES (42, 142);
INSERT INTO season (season_id, title, releasedate, shows_shows_id) VALUES (83, 'Season 1', '2014-09-22', 42);
INSERT INTO episode (episode_id, title, description, releasedate, duration, season_season_id) VALUES (821, 'Episode 1', 'Seeded episode', '2014-09-22', 31, 83);
INSERT INTO episode (episode_id, title, description, releasedate, duration, season_season_id) VALUES (822, 'Episode 2', 'Seeded episode', '2014-09-22', 32, 83);
INSERT INTO episode (episode_id, title, description, releasedate, duration, season_season_id) VALUES (823, 'Episode 3', 'Seeded episode', '2014-09-22', 33, 83);
INSERT INTO episode (episode_id, title, description, releasedate, duration, season_season_id) VALUES (824, 'Episode 4', 'Seeded episode', '2014-09-22', 34, 83);
INSERT INTO episode (episode_id, title, description, releasedate, duration, season_season_id) VALUES (825, 'Episode 5', 'Seeded episode', '2014-09-22', 35, 83);
INSERT INTO episode (episode_id, title, description, releasedate, duration, season_season_id) VALUES (826, 'Episode 6', 'Seeded episode', '2014-09-22', 36, 83);
INSERT INTO episode (episode_id, title, description, releasedate, duration, season_season_id) VALUES (827, 'Episode 7', 'Seeded episode', '2014-09-22', 37, 83);
INSERT INTO episode (episode_id, title, description, releasedate, duration, season_season_id) VALUES (828, 'Episode 8', 'Seeded episode', '2014-09-22', 38, 83);
INSERT INTO episode (episode_id, title, description, releasedate, duration, season_season_id) VALUES (829, 'Episode 9', 'Seeded episode', '2014-09-22', 39, 83);
INSERT INTO episode (episode_id, title, description, releasedate, duration, season_season_id) VALUES (830, 'Episode 10', 'Seeded episode', '2014-09-22', 40, 83);
INSERT INTO season (season_id, title, releasedate, shows_shows_id) VALUES (84, 'Season 2', '2014-09-22', 42);
INSERT INTO episode (episode_id, title, description, releasedate, duration, season_season_id) VALUES (831, 'Episode 1', 'Seeded episode', '2014-09-22', 31, 84);
INSERT INTO episode (episode_id, title, description, releasedate, duration, season_season_id) VALUES (832, 'Episode 2', 'Seeded episode', '2014-09-22', 32, 84);
INSERT INTO episode (episode_id, title, description, releasedate, duration, season_season_id) VALUES (833, 'Episode 3', 'Seeded episode', '2014-09-22', 33, 84);
INSERT INTO episode (episode_id, title, description, releasedate, duration, season_season_id) VALUES (834, 'Episode 4', 'Seeded episode', '2014-09-22', 34, 84);
INSERT INTO episode (episode_id, title, description, releasedate, duration, season_season_id) VALUES (835, 'Episode 5', 'Seeded episode', '2014-09-22', 35, 84);
INSERT INTO episode (episode_id, title, description, releasedate, duration, season_season_id) VALUES (836, 'Episode 6', 'Seeded episode', '2014-09-22', 36, 84);
INSERT INTO episode (episode_id, title, description, releasedate, duration, season_season_id) VALUES (837, 'Episode 7', 'Seeded episode', '2014-09-22', 37, 84);
INSERT INTO episode (episode_id, title, description, releasedate, duration, season_season_id) VALUES (838, 'Episode 8', 'Seeded episode', '2014-09-22', 38, 84);
INSERT INTO episode (episode_id, title, description, releasedate, duration, season_season_id) VALUES (839, 'Episode 9', 'Seeded episode', '2014-09-22', 39, 84);
INSERT INTO episode (episode_id, title, description, releasedate, duration, season_season_id) VALUES (840, 'Episode 10', 'Seeded episode', '2014-09-22', 40, 84);

INSERT INTO content (content_id, originaltitle, title, description, rating, releasedate, thumbnail, type) VALUES (143, 'NCIS: New Orleans', 'NCIS: New Orleans', 'NCIS: New Orleans is a drama about the local field office that investigates criminal cases involving military personnel in The Big Easy, a city known for its music, entertainment and decadence. Leading the team is Special Agent Dwayne Pride, a.k.a. "King," a native of New Orleans who is driven by his need to do what is right. Working with Pride is Special Agent Christopher LaSalle, who plays hard but works harder and former ATF agent Sonja Percy, who is still adjusting to the team after years of solo undercover assignments. Supporting them is coroner Dr. Loretta Wade, who is as eccentric as she is smart; her brilliant, quirky Forensic Scientist, Sebastian Lund; and Investigative Computer Specialist Patton Plame, an animated and talented hacker. New to the team is Special Agent Tammy Gregorio, a tough, acerbic FBI agent with a mysterious past in New Orleans, who is sent from D.C. to investigate the NCIS team, but also work with Pride when high-risk cases threaten the city. This colorful city that harbors a dark side is a magnet for service personnel on leave, and when overindulgence is followed by trouble, Pride''s team is at its best', 7.5, '2014-09-23', 'https://static.tvmaze.com/uploads/images/original_untouched/280/701985.jpg', 'SHOW');
INSERT INTO shows (shows_id, content_content_id) VALUES (43, 143);
INSERT INTO season (season_id, title, releasedate, shows_shows_id) VALUES (85, 'Season 1', '2014-09-23', 43);
INSERT INTO episode (episode_id, title, description, releasedate, duration, season_season_id) VALUES (841, 'Episode 1', 'Seeded episode', '2014-09-23', 31, 85);
INSERT INTO episode (episode_id, title, description, releasedate, duration, season_season_id) VALUES (842, 'Episode 2', 'Seeded episode', '2014-09-23', 32, 85);
INSERT INTO episode (episode_id, title, description, releasedate, duration, season_season_id) VALUES (843, 'Episode 3', 'Seeded episode', '2014-09-23', 33, 85);
INSERT INTO episode (episode_id, title, description, releasedate, duration, season_season_id) VALUES (844, 'Episode 4', 'Seeded episode', '2014-09-23', 34, 85);
INSERT INTO episode (episode_id, title, description, releasedate, duration, season_season_id) VALUES (845, 'Episode 5', 'Seeded episode', '2014-09-23', 35, 85);
INSERT INTO episode (episode_id, title, description, releasedate, duration, season_season_id) VALUES (846, 'Episode 6', 'Seeded episode', '2014-09-23', 36, 85);
INSERT INTO episode (episode_id, title, description, releasedate, duration, season_season_id) VALUES (847, 'Episode 7', 'Seeded episode', '2014-09-23', 37, 85);
INSERT INTO episode (episode_id, title, description, releasedate, duration, season_season_id) VALUES (848, 'Episode 8', 'Seeded episode', '2014-09-23', 38, 85);
INSERT INTO episode (episode_id, title, description, releasedate, duration, season_season_id) VALUES (849, 'Episode 9', 'Seeded episode', '2014-09-23', 39, 85);
INSERT INTO episode (episode_id, title, description, releasedate, duration, season_season_id) VALUES (850, 'Episode 10', 'Seeded episode', '2014-09-23', 40, 85);
INSERT INTO season (season_id, title, releasedate, shows_shows_id) VALUES (86, 'Season 2', '2014-09-23', 43);
INSERT INTO episode (episode_id, title, description, releasedate, duration, season_season_id) VALUES (851, 'Episode 1', 'Seeded episode', '2014-09-23', 31, 86);
INSERT INTO episode (episode_id, title, description, releasedate, duration, season_season_id) VALUES (852, 'Episode 2', 'Seeded episode', '2014-09-23', 32, 86);
INSERT INTO episode (episode_id, title, description, releasedate, duration, season_season_id) VALUES (853, 'Episode 3', 'Seeded episode', '2014-09-23', 33, 86);
INSERT INTO episode (episode_id, title, description, releasedate, duration, season_season_id) VALUES (854, 'Episode 4', 'Seeded episode', '2014-09-23', 34, 86);
INSERT INTO episode (episode_id, title, description, releasedate, duration, season_season_id) VALUES (855, 'Episode 5', 'Seeded episode', '2014-09-23', 35, 86);
INSERT INTO episode (episode_id, title, description, releasedate, duration, season_season_id) VALUES (856, 'Episode 6', 'Seeded episode', '2014-09-23', 36, 86);
INSERT INTO episode (episode_id, title, description, releasedate, duration, season_season_id) VALUES (857, 'Episode 7', 'Seeded episode', '2014-09-23', 37, 86);
INSERT INTO episode (episode_id, title, description, releasedate, duration, season_season_id) VALUES (858, 'Episode 8', 'Seeded episode', '2014-09-23', 38, 86);
INSERT INTO episode (episode_id, title, description, releasedate, duration, season_season_id) VALUES (859, 'Episode 9', 'Seeded episode', '2014-09-23', 39, 86);
INSERT INTO episode (episode_id, title, description, releasedate, duration, season_season_id) VALUES (860, 'Episode 10', 'Seeded episode', '2014-09-23', 40, 86);

INSERT INTO content (content_id, originaltitle, title, description, rating, releasedate, thumbnail, type) VALUES (144, 'Forever', 'Forever', 'Doctor Henry Morgan, New York City''s star medical examiner, has a secret. He doesn''t just study the dead to solve criminal cases, he does it to solve the mystery that has eluded him for 200 years - the answer to his own inexplicable immortality. This long life has given Henry remarkable observation skills which impresses his new partner, Detective Jo Martinez. Each week, a new case and their budding friendship will reveal layers of Henry''s long and colorful past. Only his best friend and confidant, Abe knows Henry''s secret.', 8.1, '2014-09-22', 'https://static.tvmaze.com/uploads/images/original_untouched/0/383.jpg', 'SHOW');
INSERT INTO shows (shows_id, content_content_id) VALUES (44, 144);
INSERT INTO season (season_id, title, releasedate, shows_shows_id) VALUES (87, 'Season 1', '2014-09-22', 44);
INSERT INTO episode (episode_id, title, description, releasedate, duration, season_season_id) VALUES (861, 'Episode 1', 'Seeded episode', '2014-09-22', 31, 87);
INSERT INTO episode (episode_id, title, description, releasedate, duration, season_season_id) VALUES (862, 'Episode 2', 'Seeded episode', '2014-09-22', 32, 87);
INSERT INTO episode (episode_id, title, description, releasedate, duration, season_season_id) VALUES (863, 'Episode 3', 'Seeded episode', '2014-09-22', 33, 87);
INSERT INTO episode (episode_id, title, description, releasedate, duration, season_season_id) VALUES (864, 'Episode 4', 'Seeded episode', '2014-09-22', 34, 87);
INSERT INTO episode (episode_id, title, description, releasedate, duration, season_season_id) VALUES (865, 'Episode 5', 'Seeded episode', '2014-09-22', 35, 87);
INSERT INTO episode (episode_id, title, description, releasedate, duration, season_season_id) VALUES (866, 'Episode 6', 'Seeded episode', '2014-09-22', 36, 87);
INSERT INTO episode (episode_id, title, description, releasedate, duration, season_season_id) VALUES (867, 'Episode 7', 'Seeded episode', '2014-09-22', 37, 87);
INSERT INTO episode (episode_id, title, description, releasedate, duration, season_season_id) VALUES (868, 'Episode 8', 'Seeded episode', '2014-09-22', 38, 87);
INSERT INTO episode (episode_id, title, description, releasedate, duration, season_season_id) VALUES (869, 'Episode 9', 'Seeded episode', '2014-09-22', 39, 87);
INSERT INTO episode (episode_id, title, description, releasedate, duration, season_season_id) VALUES (870, 'Episode 10', 'Seeded episode', '2014-09-22', 40, 87);
INSERT INTO season (season_id, title, releasedate, shows_shows_id) VALUES (88, 'Season 2', '2014-09-22', 44);
INSERT INTO episode (episode_id, title, description, releasedate, duration, season_season_id) VALUES (871, 'Episode 1', 'Seeded episode', '2014-09-22', 31, 88);
INSERT INTO episode (episode_id, title, description, releasedate, duration, season_season_id) VALUES (872, 'Episode 2', 'Seeded episode', '2014-09-22', 32, 88);
INSERT INTO episode (episode_id, title, description, releasedate, duration, season_season_id) VALUES (873, 'Episode 3', 'Seeded episode', '2014-09-22', 33, 88);
INSERT INTO episode (episode_id, title, description, releasedate, duration, season_season_id) VALUES (874, 'Episode 4', 'Seeded episode', '2014-09-22', 34, 88);
INSERT INTO episode (episode_id, title, description, releasedate, duration, season_season_id) VALUES (875, 'Episode 5', 'Seeded episode', '2014-09-22', 35, 88);
INSERT INTO episode (episode_id, title, description, releasedate, duration, season_season_id) VALUES (876, 'Episode 6', 'Seeded episode', '2014-09-22', 36, 88);
INSERT INTO episode (episode_id, title, description, releasedate, duration, season_season_id) VALUES (877, 'Episode 7', 'Seeded episode', '2014-09-22', 37, 88);
INSERT INTO episode (episode_id, title, description, releasedate, duration, season_season_id) VALUES (878, 'Episode 8', 'Seeded episode', '2014-09-22', 38, 88);
INSERT INTO episode (episode_id, title, description, releasedate, duration, season_season_id) VALUES (879, 'Episode 9', 'Seeded episode', '2014-09-22', 39, 88);
INSERT INTO episode (episode_id, title, description, releasedate, duration, season_season_id) VALUES (880, 'Episode 10', 'Seeded episode', '2014-09-22', 40, 88);

INSERT INTO content (content_id, originaltitle, title, description, rating, releasedate, thumbnail, type) VALUES (145, 'Witches of East End', 'Witches of East End', 'Based on Melissa de la Cruz''s best-selling novel, Witches of East End centers on the mysterious Beauchamp family who live in the secluded seaside town of East End. Free-spirited artist Joanna Beauchamp is the mother of wild-child bartender Freya and shy librarian Ingrid, who are both gifted -- and cursed -- with a magic birthright, of which they are unaware. Freya notices bizarre occurrences in her life when she inexplicably finds herself drawn to the troubled brother of her wealthy fiance. But it isn''t until Joanna''s estranged sister appears with a warning that could change the family''s fate that the matriarch must reveal to her daughters that they are immortal witches with untapped powers, a revelation that turns their small-town life upside down.', 7.5, '2013-10-06', 'https://static.tvmaze.com/uploads/images/original_untouched/0/392.jpg', 'SHOW');
INSERT INTO shows (shows_id, content_content_id) VALUES (45, 145);
INSERT INTO season (season_id, title, releasedate, shows_shows_id) VALUES (89, 'Season 1', '2013-10-06', 45);
INSERT INTO episode (episode_id, title, description, releasedate, duration, season_season_id) VALUES (881, 'Episode 1', 'Seeded episode', '2013-10-06', 31, 89);
INSERT INTO episode (episode_id, title, description, releasedate, duration, season_season_id) VALUES (882, 'Episode 2', 'Seeded episode', '2013-10-06', 32, 89);
INSERT INTO episode (episode_id, title, description, releasedate, duration, season_season_id) VALUES (883, 'Episode 3', 'Seeded episode', '2013-10-06', 33, 89);
INSERT INTO episode (episode_id, title, description, releasedate, duration, season_season_id) VALUES (884, 'Episode 4', 'Seeded episode', '2013-10-06', 34, 89);
INSERT INTO episode (episode_id, title, description, releasedate, duration, season_season_id) VALUES (885, 'Episode 5', 'Seeded episode', '2013-10-06', 35, 89);
INSERT INTO episode (episode_id, title, description, releasedate, duration, season_season_id) VALUES (886, 'Episode 6', 'Seeded episode', '2013-10-06', 36, 89);
INSERT INTO episode (episode_id, title, description, releasedate, duration, season_season_id) VALUES (887, 'Episode 7', 'Seeded episode', '2013-10-06', 37, 89);
INSERT INTO episode (episode_id, title, description, releasedate, duration, season_season_id) VALUES (888, 'Episode 8', 'Seeded episode', '2013-10-06', 38, 89);
INSERT INTO episode (episode_id, title, description, releasedate, duration, season_season_id) VALUES (889, 'Episode 9', 'Seeded episode', '2013-10-06', 39, 89);
INSERT INTO episode (episode_id, title, description, releasedate, duration, season_season_id) VALUES (890, 'Episode 10', 'Seeded episode', '2013-10-06', 40, 89);
INSERT INTO season (season_id, title, releasedate, shows_shows_id) VALUES (90, 'Season 2', '2013-10-06', 45);
INSERT INTO episode (episode_id, title, description, releasedate, duration, season_season_id) VALUES (891, 'Episode 1', 'Seeded episode', '2013-10-06', 31, 90);
INSERT INTO episode (episode_id, title, description, releasedate, duration, season_season_id) VALUES (892, 'Episode 2', 'Seeded episode', '2013-10-06', 32, 90);
INSERT INTO episode (episode_id, title, description, releasedate, duration, season_season_id) VALUES (893, 'Episode 3', 'Seeded episode', '2013-10-06', 33, 90);
INSERT INTO episode (episode_id, title, description, releasedate, duration, season_season_id) VALUES (894, 'Episode 4', 'Seeded episode', '2013-10-06', 34, 90);
INSERT INTO episode (episode_id, title, description, releasedate, duration, season_season_id) VALUES (895, 'Episode 5', 'Seeded episode', '2013-10-06', 35, 90);
INSERT INTO episode (episode_id, title, description, releasedate, duration, season_season_id) VALUES (896, 'Episode 6', 'Seeded episode', '2013-10-06', 36, 90);
INSERT INTO episode (episode_id, title, description, releasedate, duration, season_season_id) VALUES (897, 'Episode 7', 'Seeded episode', '2013-10-06', 37, 90);
INSERT INTO episode (episode_id, title, description, releasedate, duration, season_season_id) VALUES (898, 'Episode 8', 'Seeded episode', '2013-10-06', 38, 90);
INSERT INTO episode (episode_id, title, description, releasedate, duration, season_season_id) VALUES (899, 'Episode 9', 'Seeded episode', '2013-10-06', 39, 90);
INSERT INTO episode (episode_id, title, description, releasedate, duration, season_season_id) VALUES (900, 'Episode 10', 'Seeded episode', '2013-10-06', 40, 90);

INSERT INTO content (content_id, originaltitle, title, description, rating, releasedate, thumbnail, type) VALUES (146, 'Madam Secretary', 'Madam Secretary', 'Madam Secretary follows Elizabeth McCord, the shrewd, determined, newly appointed Secretary of State who drives international diplomacy, battles office politics and circumvents protocol as she negotiates global and domestic issues, both at the White House and at home. A college professor and a brilliant former CIA analyst who left for ethical reasons, Elizabeth returns to public life at the request of the President following the suspicious death of her predecessor. The President values her apolitical leanings, her deep knowledge of the Middle East, her flair for languages and her ability to not just think outside the box, but to not even acknowledge there is a box.', 7.7, '2014-09-21', 'https://static.tvmaze.com/uploads/images/original_untouched/214/536175.jpg', 'SHOW');
INSERT INTO shows (shows_id, content_content_id) VALUES (46, 146);
INSERT INTO season (season_id, title, releasedate, shows_shows_id) VALUES (91, 'Season 1', '2014-09-21', 46);
INSERT INTO episode (episode_id, title, description, releasedate, duration, season_season_id) VALUES (901, 'Episode 1', 'Seeded episode', '2014-09-21', 31, 91);
INSERT INTO episode (episode_id, title, description, releasedate, duration, season_season_id) VALUES (902, 'Episode 2', 'Seeded episode', '2014-09-21', 32, 91);
INSERT INTO episode (episode_id, title, description, releasedate, duration, season_season_id) VALUES (903, 'Episode 3', 'Seeded episode', '2014-09-21', 33, 91);
INSERT INTO episode (episode_id, title, description, releasedate, duration, season_season_id) VALUES (904, 'Episode 4', 'Seeded episode', '2014-09-21', 34, 91);
INSERT INTO episode (episode_id, title, description, releasedate, duration, season_season_id) VALUES (905, 'Episode 5', 'Seeded episode', '2014-09-21', 35, 91);
INSERT INTO episode (episode_id, title, description, releasedate, duration, season_season_id) VALUES (906, 'Episode 6', 'Seeded episode', '2014-09-21', 36, 91);
INSERT INTO episode (episode_id, title, description, releasedate, duration, season_season_id) VALUES (907, 'Episode 7', 'Seeded episode', '2014-09-21', 37, 91);
INSERT INTO episode (episode_id, title, description, releasedate, duration, season_season_id) VALUES (908, 'Episode 8', 'Seeded episode', '2014-09-21', 38, 91);
INSERT INTO episode (episode_id, title, description, releasedate, duration, season_season_id) VALUES (909, 'Episode 9', 'Seeded episode', '2014-09-21', 39, 91);
INSERT INTO episode (episode_id, title, description, releasedate, duration, season_season_id) VALUES (910, 'Episode 10', 'Seeded episode', '2014-09-21', 40, 91);
INSERT INTO season (season_id, title, releasedate, shows_shows_id) VALUES (92, 'Season 2', '2014-09-21', 46);
INSERT INTO episode (episode_id, title, description, releasedate, duration, season_season_id) VALUES (911, 'Episode 1', 'Seeded episode', '2014-09-21', 31, 92);
INSERT INTO episode (episode_id, title, description, releasedate, duration, season_season_id) VALUES (912, 'Episode 2', 'Seeded episode', '2014-09-21', 32, 92);
INSERT INTO episode (episode_id, title, description, releasedate, duration, season_season_id) VALUES (913, 'Episode 3', 'Seeded episode', '2014-09-21', 33, 92);
INSERT INTO episode (episode_id, title, description, releasedate, duration, season_season_id) VALUES (914, 'Episode 4', 'Seeded episode', '2014-09-21', 34, 92);
INSERT INTO episode (episode_id, title, description, releasedate, duration, season_season_id) VALUES (915, 'Episode 5', 'Seeded episode', '2014-09-21', 35, 92);
INSERT INTO episode (episode_id, title, description, releasedate, duration, season_season_id) VALUES (916, 'Episode 6', 'Seeded episode', '2014-09-21', 36, 92);
INSERT INTO episode (episode_id, title, description, releasedate, duration, season_season_id) VALUES (917, 'Episode 7', 'Seeded episode', '2014-09-21', 37, 92);
INSERT INTO episode (episode_id, title, description, releasedate, duration, season_season_id) VALUES (918, 'Episode 8', 'Seeded episode', '2014-09-21', 38, 92);
INSERT INTO episode (episode_id, title, description, releasedate, duration, season_season_id) VALUES (919, 'Episode 9', 'Seeded episode', '2014-09-21', 39, 92);
INSERT INTO episode (episode_id, title, description, releasedate, duration, season_season_id) VALUES (920, 'Episode 10', 'Seeded episode', '2014-09-21', 40, 92);

INSERT INTO content (content_id, originaltitle, title, description, rating, releasedate, thumbnail, type) VALUES (147, 'Brooklyn Nine-Nine', 'Brooklyn Nine-Nine', 'Brooklyn Nine-Nine is an ensemble comedy about a talented-but-carefree detective, a by-the-book police captain and their precinct colleagues. While based in the workplace, Brooklyn Nine-Nine is not really about the job – it''s about the men and women behind the badge.', 8.1, '2013-09-17', 'https://static.tvmaze.com/uploads/images/original_untouched/402/1007484.jpg', 'SHOW');
INSERT INTO shows (shows_id, content_content_id) VALUES (47, 147);
INSERT INTO season (season_id, title, releasedate, shows_shows_id) VALUES (93, 'Season 1', '2013-09-17', 47);
INSERT INTO episode (episode_id, title, description, releasedate, duration, season_season_id) VALUES (921, 'Episode 1', 'Seeded episode', '2013-09-17', 31, 93);
INSERT INTO episode (episode_id, title, description, releasedate, duration, season_season_id) VALUES (922, 'Episode 2', 'Seeded episode', '2013-09-17', 32, 93);
INSERT INTO episode (episode_id, title, description, releasedate, duration, season_season_id) VALUES (923, 'Episode 3', 'Seeded episode', '2013-09-17', 33, 93);
INSERT INTO episode (episode_id, title, description, releasedate, duration, season_season_id) VALUES (924, 'Episode 4', 'Seeded episode', '2013-09-17', 34, 93);
INSERT INTO episode (episode_id, title, description, releasedate, duration, season_season_id) VALUES (925, 'Episode 5', 'Seeded episode', '2013-09-17', 35, 93);
INSERT INTO episode (episode_id, title, description, releasedate, duration, season_season_id) VALUES (926, 'Episode 6', 'Seeded episode', '2013-09-17', 36, 93);
INSERT INTO episode (episode_id, title, description, releasedate, duration, season_season_id) VALUES (927, 'Episode 7', 'Seeded episode', '2013-09-17', 37, 93);
INSERT INTO episode (episode_id, title, description, releasedate, duration, season_season_id) VALUES (928, 'Episode 8', 'Seeded episode', '2013-09-17', 38, 93);
INSERT INTO episode (episode_id, title, description, releasedate, duration, season_season_id) VALUES (929, 'Episode 9', 'Seeded episode', '2013-09-17', 39, 93);
INSERT INTO episode (episode_id, title, description, releasedate, duration, season_season_id) VALUES (930, 'Episode 10', 'Seeded episode', '2013-09-17', 40, 93);
INSERT INTO season (season_id, title, releasedate, shows_shows_id) VALUES (94, 'Season 2', '2013-09-17', 47);
INSERT INTO episode (episode_id, title, description, releasedate, duration, season_season_id) VALUES (931, 'Episode 1', 'Seeded episode', '2013-09-17', 31, 94);
INSERT INTO episode (episode_id, title, description, releasedate, duration, season_season_id) VALUES (932, 'Episode 2', 'Seeded episode', '2013-09-17', 32, 94);
INSERT INTO episode (episode_id, title, description, releasedate, duration, season_season_id) VALUES (933, 'Episode 3', 'Seeded episode', '2013-09-17', 33, 94);
INSERT INTO episode (episode_id, title, description, releasedate, duration, season_season_id) VALUES (934, 'Episode 4', 'Seeded episode', '2013-09-17', 34, 94);
INSERT INTO episode (episode_id, title, description, releasedate, duration, season_season_id) VALUES (935, 'Episode 5', 'Seeded episode', '2013-09-17', 35, 94);
INSERT INTO episode (episode_id, title, description, releasedate, duration, season_season_id) VALUES (936, 'Episode 6', 'Seeded episode', '2013-09-17', 36, 94);
INSERT INTO episode (episode_id, title, description, releasedate, duration, season_season_id) VALUES (937, 'Episode 7', 'Seeded episode', '2013-09-17', 37, 94);
INSERT INTO episode (episode_id, title, description, releasedate, duration, season_season_id) VALUES (938, 'Episode 8', 'Seeded episode', '2013-09-17', 38, 94);
INSERT INTO episode (episode_id, title, description, releasedate, duration, season_season_id) VALUES (939, 'Episode 9', 'Seeded episode', '2013-09-17', 39, 94);
INSERT INTO episode (episode_id, title, description, releasedate, duration, season_season_id) VALUES (940, 'Episode 10', 'Seeded episode', '2013-09-17', 40, 94);

INSERT INTO content (content_id, originaltitle, title, description, rating, releasedate, thumbnail, type) VALUES (148, 'The Lottery', 'The Lottery', 'Set within a dystopian future driven by a global fertility crisis, The Lottery reveals a world staring down the barrel of impending extinction as women have mysteriously stopped bearing children. After years of research, Dr. Alison Lennon and her team remarkably fertilize 100 embryos. However, her victory is short-lived when the Director of the U.S. Fertility Commission, Darius Hayes, takes government control of the lab and informs the President of the monumental scientific breakthrough. To determine which women will carry the prized embryos to term, Chief of Staff Vanessa Keller convinces the President to hold a national lottery and a battle over the control of the 100 embryos begins.', 6.5, '2014-07-20', 'https://static.tvmaze.com/uploads/images/original_untouched/146/366444.jpg', 'SHOW');
INSERT INTO shows (shows_id, content_content_id) VALUES (48, 148);
INSERT INTO season (season_id, title, releasedate, shows_shows_id) VALUES (95, 'Season 1', '2014-07-20', 48);
INSERT INTO episode (episode_id, title, description, releasedate, duration, season_season_id) VALUES (941, 'Episode 1', 'Seeded episode', '2014-07-20', 31, 95);
INSERT INTO episode (episode_id, title, description, releasedate, duration, season_season_id) VALUES (942, 'Episode 2', 'Seeded episode', '2014-07-20', 32, 95);
INSERT INTO episode (episode_id, title, description, releasedate, duration, season_season_id) VALUES (943, 'Episode 3', 'Seeded episode', '2014-07-20', 33, 95);
INSERT INTO episode (episode_id, title, description, releasedate, duration, season_season_id) VALUES (944, 'Episode 4', 'Seeded episode', '2014-07-20', 34, 95);
INSERT INTO episode (episode_id, title, description, releasedate, duration, season_season_id) VALUES (945, 'Episode 5', 'Seeded episode', '2014-07-20', 35, 95);
INSERT INTO episode (episode_id, title, description, releasedate, duration, season_season_id) VALUES (946, 'Episode 6', 'Seeded episode', '2014-07-20', 36, 95);
INSERT INTO episode (episode_id, title, description, releasedate, duration, season_season_id) VALUES (947, 'Episode 7', 'Seeded episode', '2014-07-20', 37, 95);
INSERT INTO episode (episode_id, title, description, releasedate, duration, season_season_id) VALUES (948, 'Episode 8', 'Seeded episode', '2014-07-20', 38, 95);
INSERT INTO episode (episode_id, title, description, releasedate, duration, season_season_id) VALUES (949, 'Episode 9', 'Seeded episode', '2014-07-20', 39, 95);
INSERT INTO episode (episode_id, title, description, releasedate, duration, season_season_id) VALUES (950, 'Episode 10', 'Seeded episode', '2014-07-20', 40, 95);
INSERT INTO season (season_id, title, releasedate, shows_shows_id) VALUES (96, 'Season 2', '2014-07-20', 48);
INSERT INTO episode (episode_id, title, description, releasedate, duration, season_season_id) VALUES (951, 'Episode 1', 'Seeded episode', '2014-07-20', 31, 96);
INSERT INTO episode (episode_id, title, description, releasedate, duration, season_season_id) VALUES (952, 'Episode 2', 'Seeded episode', '2014-07-20', 32, 96);
INSERT INTO episode (episode_id, title, description, releasedate, duration, season_season_id) VALUES (953, 'Episode 3', 'Seeded episode', '2014-07-20', 33, 96);
INSERT INTO episode (episode_id, title, description, releasedate, duration, season_season_id) VALUES (954, 'Episode 4', 'Seeded episode', '2014-07-20', 34, 96);
INSERT INTO episode (episode_id, title, description, releasedate, duration, season_season_id) VALUES (955, 'Episode 5', 'Seeded episode', '2014-07-20', 35, 96);
INSERT INTO episode (episode_id, title, description, releasedate, duration, season_season_id) VALUES (956, 'Episode 6', 'Seeded episode', '2014-07-20', 36, 96);
INSERT INTO episode (episode_id, title, description, releasedate, duration, season_season_id) VALUES (957, 'Episode 7', 'Seeded episode', '2014-07-20', 37, 96);
INSERT INTO episode (episode_id, title, description, releasedate, duration, season_season_id) VALUES (958, 'Episode 8', 'Seeded episode', '2014-07-20', 38, 96);
INSERT INTO episode (episode_id, title, description, releasedate, duration, season_season_id) VALUES (959, 'Episode 9', 'Seeded episode', '2014-07-20', 39, 96);
INSERT INTO episode (episode_id, title, description, releasedate, duration, season_season_id) VALUES (960, 'Episode 10', 'Seeded episode', '2014-07-20', 40, 96);

INSERT INTO content (content_id, originaltitle, title, description, rating, releasedate, thumbnail, type) VALUES (149, 'The Knick', 'The Knick', 'New York City, 1900: The Knickerbocker Hospital is home to groundbreaking surgeons, nurses and staff who push the boundaries of medicine in a time of astonishingly high mortality rates and zero antibiotics. The newly appointed leader of the surgery staff is the brilliant, arrogant renegade Dr. John Thackery, whose addiction to cocaine and opium is trumped only by his ambition for medical discovery and renown among his peers. Into the all-white staff and patient hospital comes the equally gifted Harvard graduate Dr. Algernon Edwards, who must fight for respect while trying to navigate the racially charged city. Trying to maintain its reputation for quality care while realizing a profit, the Knickerbocker makes an effort to attract wealthy clientele, while literally struggling to keep the lights on.', 8.3, '2014-08-08', 'https://static.tvmaze.com/uploads/images/original_untouched/0/417.jpg', 'SHOW');
INSERT INTO shows (shows_id, content_content_id) VALUES (49, 149);
INSERT INTO season (season_id, title, releasedate, shows_shows_id) VALUES (97, 'Season 1', '2014-08-08', 49);
INSERT INTO episode (episode_id, title, description, releasedate, duration, season_season_id) VALUES (961, 'Episode 1', 'Seeded episode', '2014-08-08', 31, 97);
INSERT INTO episode (episode_id, title, description, releasedate, duration, season_season_id) VALUES (962, 'Episode 2', 'Seeded episode', '2014-08-08', 32, 97);
INSERT INTO episode (episode_id, title, description, releasedate, duration, season_season_id) VALUES (963, 'Episode 3', 'Seeded episode', '2014-08-08', 33, 97);
INSERT INTO episode (episode_id, title, description, releasedate, duration, season_season_id) VALUES (964, 'Episode 4', 'Seeded episode', '2014-08-08', 34, 97);
INSERT INTO episode (episode_id, title, description, releasedate, duration, season_season_id) VALUES (965, 'Episode 5', 'Seeded episode', '2014-08-08', 35, 97);
INSERT INTO episode (episode_id, title, description, releasedate, duration, season_season_id) VALUES (966, 'Episode 6', 'Seeded episode', '2014-08-08', 36, 97);
INSERT INTO episode (episode_id, title, description, releasedate, duration, season_season_id) VALUES (967, 'Episode 7', 'Seeded episode', '2014-08-08', 37, 97);
INSERT INTO episode (episode_id, title, description, releasedate, duration, season_season_id) VALUES (968, 'Episode 8', 'Seeded episode', '2014-08-08', 38, 97);
INSERT INTO episode (episode_id, title, description, releasedate, duration, season_season_id) VALUES (969, 'Episode 9', 'Seeded episode', '2014-08-08', 39, 97);
INSERT INTO episode (episode_id, title, description, releasedate, duration, season_season_id) VALUES (970, 'Episode 10', 'Seeded episode', '2014-08-08', 40, 97);
INSERT INTO season (season_id, title, releasedate, shows_shows_id) VALUES (98, 'Season 2', '2014-08-08', 49);
INSERT INTO episode (episode_id, title, description, releasedate, duration, season_season_id) VALUES (971, 'Episode 1', 'Seeded episode', '2014-08-08', 31, 98);
INSERT INTO episode (episode_id, title, description, releasedate, duration, season_season_id) VALUES (972, 'Episode 2', 'Seeded episode', '2014-08-08', 32, 98);
INSERT INTO episode (episode_id, title, description, releasedate, duration, season_season_id) VALUES (973, 'Episode 3', 'Seeded episode', '2014-08-08', 33, 98);
INSERT INTO episode (episode_id, title, description, releasedate, duration, season_season_id) VALUES (974, 'Episode 4', 'Seeded episode', '2014-08-08', 34, 98);
INSERT INTO episode (episode_id, title, description, releasedate, duration, season_season_id) VALUES (975, 'Episode 5', 'Seeded episode', '2014-08-08', 35, 98);
INSERT INTO episode (episode_id, title, description, releasedate, duration, season_season_id) VALUES (976, 'Episode 6', 'Seeded episode', '2014-08-08', 36, 98);
INSERT INTO episode (episode_id, title, description, releasedate, duration, season_season_id) VALUES (977, 'Episode 7', 'Seeded episode', '2014-08-08', 37, 98);
INSERT INTO episode (episode_id, title, description, releasedate, duration, season_season_id) VALUES (978, 'Episode 8', 'Seeded episode', '2014-08-08', 38, 98);
INSERT INTO episode (episode_id, title, description, releasedate, duration, season_season_id) VALUES (979, 'Episode 9', 'Seeded episode', '2014-08-08', 39, 98);
INSERT INTO episode (episode_id, title, description, releasedate, duration, season_season_id) VALUES (980, 'Episode 10', 'Seeded episode', '2014-08-08', 40, 98);

INSERT INTO content (content_id, originaltitle, title, description, rating, releasedate, thumbnail, type) VALUES (150, 'How to Get Away with Murder', 'How to Get Away with Murder', 'The brilliant, charismatic and seductive Professor Annalise Keating gets entangled with four law students from her class, How to Get Away with Murder. Little do they know that they will have to apply what they learned to real life, in this masterful, sexy, suspense-driven legal thriller.', 7.5, '2014-09-25', 'https://static.tvmaze.com/uploads/images/original_untouched/212/531512.jpg', 'SHOW');
INSERT INTO shows (shows_id, content_content_id) VALUES (50, 150);
INSERT INTO season (season_id, title, releasedate, shows_shows_id) VALUES (99, 'Season 1', '2014-09-25', 50);
INSERT INTO episode (episode_id, title, description, releasedate, duration, season_season_id) VALUES (981, 'Episode 1', 'Seeded episode', '2014-09-25', 31, 99);
INSERT INTO episode (episode_id, title, description, releasedate, duration, season_season_id) VALUES (982, 'Episode 2', 'Seeded episode', '2014-09-25', 32, 99);
INSERT INTO episode (episode_id, title, description, releasedate, duration, season_season_id) VALUES (983, 'Episode 3', 'Seeded episode', '2014-09-25', 33, 99);
INSERT INTO episode (episode_id, title, description, releasedate, duration, season_season_id) VALUES (984, 'Episode 4', 'Seeded episode', '2014-09-25', 34, 99);
INSERT INTO episode (episode_id, title, description, releasedate, duration, season_season_id) VALUES (985, 'Episode 5', 'Seeded episode', '2014-09-25', 35, 99);
INSERT INTO episode (episode_id, title, description, releasedate, duration, season_season_id) VALUES (986, 'Episode 6', 'Seeded episode', '2014-09-25', 36, 99);
INSERT INTO episode (episode_id, title, description, releasedate, duration, season_season_id) VALUES (987, 'Episode 7', 'Seeded episode', '2014-09-25', 37, 99);
INSERT INTO episode (episode_id, title, description, releasedate, duration, season_season_id) VALUES (988, 'Episode 8', 'Seeded episode', '2014-09-25', 38, 99);
INSERT INTO episode (episode_id, title, description, releasedate, duration, season_season_id) VALUES (989, 'Episode 9', 'Seeded episode', '2014-09-25', 39, 99);
INSERT INTO episode (episode_id, title, description, releasedate, duration, season_season_id) VALUES (990, 'Episode 10', 'Seeded episode', '2014-09-25', 40, 99);
INSERT INTO season (season_id, title, releasedate, shows_shows_id) VALUES (100, 'Season 2', '2014-09-25', 50);
INSERT INTO episode (episode_id, title, description, releasedate, duration, season_season_id) VALUES (991, 'Episode 1', 'Seeded episode', '2014-09-25', 31, 100);
INSERT INTO episode (episode_id, title, description, releasedate, duration, season_season_id) VALUES (992, 'Episode 2', 'Seeded episode', '2014-09-25', 32, 100);
INSERT INTO episode (episode_id, title, description, releasedate, duration, season_season_id) VALUES (993, 'Episode 3', 'Seeded episode', '2014-09-25', 33, 100);
INSERT INTO episode (episode_id, title, description, releasedate, duration, season_season_id) VALUES (994, 'Episode 4', 'Seeded episode', '2014-09-25', 34, 100);
INSERT INTO episode (episode_id, title, description, releasedate, duration, season_season_id) VALUES (995, 'Episode 5', 'Seeded episode', '2014-09-25', 35, 100);
INSERT INTO episode (episode_id, title, description, releasedate, duration, season_season_id) VALUES (996, 'Episode 6', 'Seeded episode', '2014-09-25', 36, 100);
INSERT INTO episode (episode_id, title, description, releasedate, duration, season_season_id) VALUES (997, 'Episode 7', 'Seeded episode', '2014-09-25', 37, 100);
INSERT INTO episode (episode_id, title, description, releasedate, duration, season_season_id) VALUES (998, 'Episode 8', 'Seeded episode', '2014-09-25', 38, 100);
INSERT INTO episode (episode_id, title, description, releasedate, duration, season_season_id) VALUES (999, 'Episode 9', 'Seeded episode', '2014-09-25', 39, 100);
INSERT INTO episode (episode_id, title, description, releasedate, duration, season_season_id) VALUES (1000, 'Episode 10', 'Seeded episode', '2014-09-25', 40, 100);

INSERT INTO content (content_id, originaltitle, title, description, rating, releasedate, thumbnail, type) VALUES (151, 'Nashville', 'Nashville', 'Nashville is set against the backdrop of the city''s music scene and follows Rayna Jaymes and Juliette Barnes. Both women face personal and professional challenges as they navigate their paths as artists and individuals. Surrounding them, and often complicating their lives, are their family, friends and, in some cases, lovers, as well as the up-and-coming performers and songwriters trying to get ahead in the business. Music City can mean so many things to different people. In Nashville, musicians and songwriters are at the heart of the storm driven by their own ambitions. Some are fueled by their creativity and passion for fame. Others struggle to cope with the pressures of success and are doing everything in their power to stay on top.', 7.4, '2012-10-10', 'https://static.tvmaze.com/uploads/images/original_untouched/89/224913.jpg', 'SHOW');
INSERT INTO shows (shows_id, content_content_id) VALUES (51, 151);
INSERT INTO season (season_id, title, releasedate, shows_shows_id) VALUES (101, 'Season 1', '2012-10-10', 51);
INSERT INTO episode (episode_id, title, description, releasedate, duration, season_season_id) VALUES (1001, 'Episode 1', 'Seeded episode', '2012-10-10', 31, 101);
INSERT INTO episode (episode_id, title, description, releasedate, duration, season_season_id) VALUES (1002, 'Episode 2', 'Seeded episode', '2012-10-10', 32, 101);
INSERT INTO episode (episode_id, title, description, releasedate, duration, season_season_id) VALUES (1003, 'Episode 3', 'Seeded episode', '2012-10-10', 33, 101);
INSERT INTO episode (episode_id, title, description, releasedate, duration, season_season_id) VALUES (1004, 'Episode 4', 'Seeded episode', '2012-10-10', 34, 101);
INSERT INTO episode (episode_id, title, description, releasedate, duration, season_season_id) VALUES (1005, 'Episode 5', 'Seeded episode', '2012-10-10', 35, 101);
INSERT INTO episode (episode_id, title, description, releasedate, duration, season_season_id) VALUES (1006, 'Episode 6', 'Seeded episode', '2012-10-10', 36, 101);
INSERT INTO episode (episode_id, title, description, releasedate, duration, season_season_id) VALUES (1007, 'Episode 7', 'Seeded episode', '2012-10-10', 37, 101);
INSERT INTO episode (episode_id, title, description, releasedate, duration, season_season_id) VALUES (1008, 'Episode 8', 'Seeded episode', '2012-10-10', 38, 101);
INSERT INTO episode (episode_id, title, description, releasedate, duration, season_season_id) VALUES (1009, 'Episode 9', 'Seeded episode', '2012-10-10', 39, 101);
INSERT INTO episode (episode_id, title, description, releasedate, duration, season_season_id) VALUES (1010, 'Episode 10', 'Seeded episode', '2012-10-10', 40, 101);
INSERT INTO season (season_id, title, releasedate, shows_shows_id) VALUES (102, 'Season 2', '2012-10-10', 51);
INSERT INTO episode (episode_id, title, description, releasedate, duration, season_season_id) VALUES (1011, 'Episode 1', 'Seeded episode', '2012-10-10', 31, 102);
INSERT INTO episode (episode_id, title, description, releasedate, duration, season_season_id) VALUES (1012, 'Episode 2', 'Seeded episode', '2012-10-10', 32, 102);
INSERT INTO episode (episode_id, title, description, releasedate, duration, season_season_id) VALUES (1013, 'Episode 3', 'Seeded episode', '2012-10-10', 33, 102);
INSERT INTO episode (episode_id, title, description, releasedate, duration, season_season_id) VALUES (1014, 'Episode 4', 'Seeded episode', '2012-10-10', 34, 102);
INSERT INTO episode (episode_id, title, description, releasedate, duration, season_season_id) VALUES (1015, 'Episode 5', 'Seeded episode', '2012-10-10', 35, 102);
INSERT INTO episode (episode_id, title, description, releasedate, duration, season_season_id) VALUES (1016, 'Episode 6', 'Seeded episode', '2012-10-10', 36, 102);
INSERT INTO episode (episode_id, title, description, releasedate, duration, season_season_id) VALUES (1017, 'Episode 7', 'Seeded episode', '2012-10-10', 37, 102);
INSERT INTO episode (episode_id, title, description, releasedate, duration, season_season_id) VALUES (1018, 'Episode 8', 'Seeded episode', '2012-10-10', 38, 102);
INSERT INTO episode (episode_id, title, description, releasedate, duration, season_season_id) VALUES (1019, 'Episode 9', 'Seeded episode', '2012-10-10', 39, 102);
INSERT INTO episode (episode_id, title, description, releasedate, duration, season_season_id) VALUES (1020, 'Episode 10', 'Seeded episode', '2012-10-10', 40, 102);

INSERT INTO content (content_id, originaltitle, title, description, rating, releasedate, thumbnail, type) VALUES (152, 'Legends', 'Legends', 'Sean Bean stars in Legends, a suspense-filled drama based on the award-winning book by master spy novelist Robert Littell. Bean plays Martin Odum, an undercover agent working for the FBI''s Deep Cover Operations (DCO) division. Martin has the uncanny ability to transform himself into a completely different person for each job. But he begins to question his own identity when a mysterious stranger suggests that Martin isn''t the man he believes himself to be.', 7.5, '2014-08-13', 'https://static.tvmaze.com/uploads/images/original_untouched/36/92018.jpg', 'SHOW');
INSERT INTO shows (shows_id, content_content_id) VALUES (52, 152);
INSERT INTO season (season_id, title, releasedate, shows_shows_id) VALUES (103, 'Season 1', '2014-08-13', 52);
INSERT INTO episode (episode_id, title, description, releasedate, duration, season_season_id) VALUES (1021, 'Episode 1', 'Seeded episode', '2014-08-13', 31, 103);
INSERT INTO episode (episode_id, title, description, releasedate, duration, season_season_id) VALUES (1022, 'Episode 2', 'Seeded episode', '2014-08-13', 32, 103);
INSERT INTO episode (episode_id, title, description, releasedate, duration, season_season_id) VALUES (1023, 'Episode 3', 'Seeded episode', '2014-08-13', 33, 103);
INSERT INTO episode (episode_id, title, description, releasedate, duration, season_season_id) VALUES (1024, 'Episode 4', 'Seeded episode', '2014-08-13', 34, 103);
INSERT INTO episode (episode_id, title, description, releasedate, duration, season_season_id) VALUES (1025, 'Episode 5', 'Seeded episode', '2014-08-13', 35, 103);
INSERT INTO episode (episode_id, title, description, releasedate, duration, season_season_id) VALUES (1026, 'Episode 6', 'Seeded episode', '2014-08-13', 36, 103);
INSERT INTO episode (episode_id, title, description, releasedate, duration, season_season_id) VALUES (1027, 'Episode 7', 'Seeded episode', '2014-08-13', 37, 103);
INSERT INTO episode (episode_id, title, description, releasedate, duration, season_season_id) VALUES (1028, 'Episode 8', 'Seeded episode', '2014-08-13', 38, 103);
INSERT INTO episode (episode_id, title, description, releasedate, duration, season_season_id) VALUES (1029, 'Episode 9', 'Seeded episode', '2014-08-13', 39, 103);
INSERT INTO episode (episode_id, title, description, releasedate, duration, season_season_id) VALUES (1030, 'Episode 10', 'Seeded episode', '2014-08-13', 40, 103);
INSERT INTO season (season_id, title, releasedate, shows_shows_id) VALUES (104, 'Season 2', '2014-08-13', 52);
INSERT INTO episode (episode_id, title, description, releasedate, duration, season_season_id) VALUES (1031, 'Episode 1', 'Seeded episode', '2014-08-13', 31, 104);
INSERT INTO episode (episode_id, title, description, releasedate, duration, season_season_id) VALUES (1032, 'Episode 2', 'Seeded episode', '2014-08-13', 32, 104);
INSERT INTO episode (episode_id, title, description, releasedate, duration, season_season_id) VALUES (1033, 'Episode 3', 'Seeded episode', '2014-08-13', 33, 104);
INSERT INTO episode (episode_id, title, description, releasedate, duration, season_season_id) VALUES (1034, 'Episode 4', 'Seeded episode', '2014-08-13', 34, 104);
INSERT INTO episode (episode_id, title, description, releasedate, duration, season_season_id) VALUES (1035, 'Episode 5', 'Seeded episode', '2014-08-13', 35, 104);
INSERT INTO episode (episode_id, title, description, releasedate, duration, season_season_id) VALUES (1036, 'Episode 6', 'Seeded episode', '2014-08-13', 36, 104);
INSERT INTO episode (episode_id, title, description, releasedate, duration, season_season_id) VALUES (1037, 'Episode 7', 'Seeded episode', '2014-08-13', 37, 104);
INSERT INTO episode (episode_id, title, description, releasedate, duration, season_season_id) VALUES (1038, 'Episode 8', 'Seeded episode', '2014-08-13', 38, 104);
INSERT INTO episode (episode_id, title, description, releasedate, duration, season_season_id) VALUES (1039, 'Episode 9', 'Seeded episode', '2014-08-13', 39, 104);
INSERT INTO episode (episode_id, title, description, releasedate, duration, season_season_id) VALUES (1040, 'Episode 10', 'Seeded episode', '2014-08-13', 40, 104);

INSERT INTO content (content_id, originaltitle, title, description, rating, releasedate, thumbnail, type) VALUES (153, 'Red Band Society', 'Red Band Society', 'What if a hospital was your high school, boarding school and summer camp rolled into one? What if it was the place where you fell in love for the first time and made friendships that lasted a lifetime? And what if it was all weirdly hilarious and the most fun you ever had in your entire life? This is the world of Red Band Society.', 7.7, '2014-09-17', 'https://static.tvmaze.com/uploads/images/original_untouched/0/441.jpg', 'SHOW');
INSERT INTO shows (shows_id, content_content_id) VALUES (53, 153);
INSERT INTO season (season_id, title, releasedate, shows_shows_id) VALUES (105, 'Season 1', '2014-09-17', 53);
INSERT INTO episode (episode_id, title, description, releasedate, duration, season_season_id) VALUES (1041, 'Episode 1', 'Seeded episode', '2014-09-17', 31, 105);
INSERT INTO episode (episode_id, title, description, releasedate, duration, season_season_id) VALUES (1042, 'Episode 2', 'Seeded episode', '2014-09-17', 32, 105);
INSERT INTO episode (episode_id, title, description, releasedate, duration, season_season_id) VALUES (1043, 'Episode 3', 'Seeded episode', '2014-09-17', 33, 105);
INSERT INTO episode (episode_id, title, description, releasedate, duration, season_season_id) VALUES (1044, 'Episode 4', 'Seeded episode', '2014-09-17', 34, 105);
INSERT INTO episode (episode_id, title, description, releasedate, duration, season_season_id) VALUES (1045, 'Episode 5', 'Seeded episode', '2014-09-17', 35, 105);
INSERT INTO episode (episode_id, title, description, releasedate, duration, season_season_id) VALUES (1046, 'Episode 6', 'Seeded episode', '2014-09-17', 36, 105);
INSERT INTO episode (episode_id, title, description, releasedate, duration, season_season_id) VALUES (1047, 'Episode 7', 'Seeded episode', '2014-09-17', 37, 105);
INSERT INTO episode (episode_id, title, description, releasedate, duration, season_season_id) VALUES (1048, 'Episode 8', 'Seeded episode', '2014-09-17', 38, 105);
INSERT INTO episode (episode_id, title, description, releasedate, duration, season_season_id) VALUES (1049, 'Episode 9', 'Seeded episode', '2014-09-17', 39, 105);
INSERT INTO episode (episode_id, title, description, releasedate, duration, season_season_id) VALUES (1050, 'Episode 10', 'Seeded episode', '2014-09-17', 40, 105);
INSERT INTO season (season_id, title, releasedate, shows_shows_id) VALUES (106, 'Season 2', '2014-09-17', 53);
INSERT INTO episode (episode_id, title, description, releasedate, duration, season_season_id) VALUES (1051, 'Episode 1', 'Seeded episode', '2014-09-17', 31, 106);
INSERT INTO episode (episode_id, title, description, releasedate, duration, season_season_id) VALUES (1052, 'Episode 2', 'Seeded episode', '2014-09-17', 32, 106);
INSERT INTO episode (episode_id, title, description, releasedate, duration, season_season_id) VALUES (1053, 'Episode 3', 'Seeded episode', '2014-09-17', 33, 106);
INSERT INTO episode (episode_id, title, description, releasedate, duration, season_season_id) VALUES (1054, 'Episode 4', 'Seeded episode', '2014-09-17', 34, 106);
INSERT INTO episode (episode_id, title, description, releasedate, duration, season_season_id) VALUES (1055, 'Episode 5', 'Seeded episode', '2014-09-17', 35, 106);
INSERT INTO episode (episode_id, title, description, releasedate, duration, season_season_id) VALUES (1056, 'Episode 6', 'Seeded episode', '2014-09-17', 36, 106);
INSERT INTO episode (episode_id, title, description, releasedate, duration, season_season_id) VALUES (1057, 'Episode 7', 'Seeded episode', '2014-09-17', 37, 106);
INSERT INTO episode (episode_id, title, description, releasedate, duration, season_season_id) VALUES (1058, 'Episode 8', 'Seeded episode', '2014-09-17', 38, 106);
INSERT INTO episode (episode_id, title, description, releasedate, duration, season_season_id) VALUES (1059, 'Episode 9', 'Seeded episode', '2014-09-17', 39, 106);
INSERT INTO episode (episode_id, title, description, releasedate, duration, season_season_id) VALUES (1060, 'Episode 10', 'Seeded episode', '2014-09-17', 40, 106);

INSERT INTO content (content_id, originaltitle, title, description, rating, releasedate, thumbnail, type) VALUES (154, 'Chicago P.D.', 'Chicago P.D.', 'District 21 of the Chicago Police Department is made up of two distinctly different groups. There are the uniformed cops who patrol the beat and go head to head with the city''s street crimes. And there''s the Intelligence Unit, the team that combats the city''s major offenses - organized crime, drug trafficking, high profile murders and beyond. These are their stories.', 8.0, '2014-01-08', 'https://static.tvmaze.com/uploads/images/original_untouched/590/1475641.jpg', 'SHOW');
INSERT INTO shows (shows_id, content_content_id) VALUES (54, 154);
INSERT INTO season (season_id, title, releasedate, shows_shows_id) VALUES (107, 'Season 1', '2014-01-08', 54);
INSERT INTO episode (episode_id, title, description, releasedate, duration, season_season_id) VALUES (1061, 'Episode 1', 'Seeded episode', '2014-01-08', 31, 107);
INSERT INTO episode (episode_id, title, description, releasedate, duration, season_season_id) VALUES (1062, 'Episode 2', 'Seeded episode', '2014-01-08', 32, 107);
INSERT INTO episode (episode_id, title, description, releasedate, duration, season_season_id) VALUES (1063, 'Episode 3', 'Seeded episode', '2014-01-08', 33, 107);
INSERT INTO episode (episode_id, title, description, releasedate, duration, season_season_id) VALUES (1064, 'Episode 4', 'Seeded episode', '2014-01-08', 34, 107);
INSERT INTO episode (episode_id, title, description, releasedate, duration, season_season_id) VALUES (1065, 'Episode 5', 'Seeded episode', '2014-01-08', 35, 107);
INSERT INTO episode (episode_id, title, description, releasedate, duration, season_season_id) VALUES (1066, 'Episode 6', 'Seeded episode', '2014-01-08', 36, 107);
INSERT INTO episode (episode_id, title, description, releasedate, duration, season_season_id) VALUES (1067, 'Episode 7', 'Seeded episode', '2014-01-08', 37, 107);
INSERT INTO episode (episode_id, title, description, releasedate, duration, season_season_id) VALUES (1068, 'Episode 8', 'Seeded episode', '2014-01-08', 38, 107);
INSERT INTO episode (episode_id, title, description, releasedate, duration, season_season_id) VALUES (1069, 'Episode 9', 'Seeded episode', '2014-01-08', 39, 107);
INSERT INTO episode (episode_id, title, description, releasedate, duration, season_season_id) VALUES (1070, 'Episode 10', 'Seeded episode', '2014-01-08', 40, 107);
INSERT INTO season (season_id, title, releasedate, shows_shows_id) VALUES (108, 'Season 2', '2014-01-08', 54);
INSERT INTO episode (episode_id, title, description, releasedate, duration, season_season_id) VALUES (1071, 'Episode 1', 'Seeded episode', '2014-01-08', 31, 108);
INSERT INTO episode (episode_id, title, description, releasedate, duration, season_season_id) VALUES (1072, 'Episode 2', 'Seeded episode', '2014-01-08', 32, 108);
INSERT INTO episode (episode_id, title, description, releasedate, duration, season_season_id) VALUES (1073, 'Episode 3', 'Seeded episode', '2014-01-08', 33, 108);
INSERT INTO episode (episode_id, title, description, releasedate, duration, season_season_id) VALUES (1074, 'Episode 4', 'Seeded episode', '2014-01-08', 34, 108);
INSERT INTO episode (episode_id, title, description, releasedate, duration, season_season_id) VALUES (1075, 'Episode 5', 'Seeded episode', '2014-01-08', 35, 108);
INSERT INTO episode (episode_id, title, description, releasedate, duration, season_season_id) VALUES (1076, 'Episode 6', 'Seeded episode', '2014-01-08', 36, 108);
INSERT INTO episode (episode_id, title, description, releasedate, duration, season_season_id) VALUES (1077, 'Episode 7', 'Seeded episode', '2014-01-08', 37, 108);
INSERT INTO episode (episode_id, title, description, releasedate, duration, season_season_id) VALUES (1078, 'Episode 8', 'Seeded episode', '2014-01-08', 38, 108);
INSERT INTO episode (episode_id, title, description, releasedate, duration, season_season_id) VALUES (1079, 'Episode 9', 'Seeded episode', '2014-01-08', 39, 108);
INSERT INTO episode (episode_id, title, description, releasedate, duration, season_season_id) VALUES (1080, 'Episode 10', 'Seeded episode', '2014-01-08', 40, 108);

INSERT INTO content (content_id, originaltitle, title, description, rating, releasedate, thumbnail, type) VALUES (155, 'black-ish', 'black-ish', 'Andre ''Dre'' Johnson has a great job, a beautiful wife, Rainbow, four kids, and a colonial home in the ''burbs. But has success brought too much assimilation for this black family? With a little help from his dad, Dre sets out to establish a sense of cultural identity for his family that honors their past while embracing the future.', 6.1, '2014-09-24', 'https://static.tvmaze.com/uploads/images/original_untouched/388/970329.jpg', 'SHOW');
INSERT INTO shows (shows_id, content_content_id) VALUES (55, 155);
INSERT INTO season (season_id, title, releasedate, shows_shows_id) VALUES (109, 'Season 1', '2014-09-24', 55);
INSERT INTO episode (episode_id, title, description, releasedate, duration, season_season_id) VALUES (1081, 'Episode 1', 'Seeded episode', '2014-09-24', 31, 109);
INSERT INTO episode (episode_id, title, description, releasedate, duration, season_season_id) VALUES (1082, 'Episode 2', 'Seeded episode', '2014-09-24', 32, 109);
INSERT INTO episode (episode_id, title, description, releasedate, duration, season_season_id) VALUES (1083, 'Episode 3', 'Seeded episode', '2014-09-24', 33, 109);
INSERT INTO episode (episode_id, title, description, releasedate, duration, season_season_id) VALUES (1084, 'Episode 4', 'Seeded episode', '2014-09-24', 34, 109);
INSERT INTO episode (episode_id, title, description, releasedate, duration, season_season_id) VALUES (1085, 'Episode 5', 'Seeded episode', '2014-09-24', 35, 109);
INSERT INTO episode (episode_id, title, description, releasedate, duration, season_season_id) VALUES (1086, 'Episode 6', 'Seeded episode', '2014-09-24', 36, 109);
INSERT INTO episode (episode_id, title, description, releasedate, duration, season_season_id) VALUES (1087, 'Episode 7', 'Seeded episode', '2014-09-24', 37, 109);
INSERT INTO episode (episode_id, title, description, releasedate, duration, season_season_id) VALUES (1088, 'Episode 8', 'Seeded episode', '2014-09-24', 38, 109);
INSERT INTO episode (episode_id, title, description, releasedate, duration, season_season_id) VALUES (1089, 'Episode 9', 'Seeded episode', '2014-09-24', 39, 109);
INSERT INTO episode (episode_id, title, description, releasedate, duration, season_season_id) VALUES (1090, 'Episode 10', 'Seeded episode', '2014-09-24', 40, 109);
INSERT INTO season (season_id, title, releasedate, shows_shows_id) VALUES (110, 'Season 2', '2014-09-24', 55);
INSERT INTO episode (episode_id, title, description, releasedate, duration, season_season_id) VALUES (1091, 'Episode 1', 'Seeded episode', '2014-09-24', 31, 110);
INSERT INTO episode (episode_id, title, description, releasedate, duration, season_season_id) VALUES (1092, 'Episode 2', 'Seeded episode', '2014-09-24', 32, 110);
INSERT INTO episode (episode_id, title, description, releasedate, duration, season_season_id) VALUES (1093, 'Episode 3', 'Seeded episode', '2014-09-24', 33, 110);
INSERT INTO episode (episode_id, title, description, releasedate, duration, season_season_id) VALUES (1094, 'Episode 4', 'Seeded episode', '2014-09-24', 34, 110);
INSERT INTO episode (episode_id, title, description, releasedate, duration, season_season_id) VALUES (1095, 'Episode 5', 'Seeded episode', '2014-09-24', 35, 110);
INSERT INTO episode (episode_id, title, description, releasedate, duration, season_season_id) VALUES (1096, 'Episode 6', 'Seeded episode', '2014-09-24', 36, 110);
INSERT INTO episode (episode_id, title, description, releasedate, duration, season_season_id) VALUES (1097, 'Episode 7', 'Seeded episode', '2014-09-24', 37, 110);
INSERT INTO episode (episode_id, title, description, releasedate, duration, season_season_id) VALUES (1098, 'Episode 8', 'Seeded episode', '2014-09-24', 38, 110);
INSERT INTO episode (episode_id, title, description, releasedate, duration, season_season_id) VALUES (1099, 'Episode 9', 'Seeded episode', '2014-09-24', 39, 110);
INSERT INTO episode (episode_id, title, description, releasedate, duration, season_season_id) VALUES (1100, 'Episode 10', 'Seeded episode', '2014-09-24', 40, 110);

INSERT INTO content (content_id, originaltitle, title, description, rating, releasedate, thumbnail, type) VALUES (156, 'New Girl', 'New Girl', 'New Girl is a single-camera ensemble comedy starring Zooey Deschanel as Jess, an offbeat girl who - after a bad breakup - moves in with three single guys and essentially sets a bomb off in their lives.', 7.2, '2011-09-20', 'https://static.tvmaze.com/uploads/images/original_untouched/481/1202650.jpg', 'SHOW');
INSERT INTO shows (shows_id, content_content_id) VALUES (56, 156);
INSERT INTO season (season_id, title, releasedate, shows_shows_id) VALUES (111, 'Season 1', '2011-09-20', 56);
INSERT INTO episode (episode_id, title, description, releasedate, duration, season_season_id) VALUES (1101, 'Episode 1', 'Seeded episode', '2011-09-20', 31, 111);
INSERT INTO episode (episode_id, title, description, releasedate, duration, season_season_id) VALUES (1102, 'Episode 2', 'Seeded episode', '2011-09-20', 32, 111);
INSERT INTO episode (episode_id, title, description, releasedate, duration, season_season_id) VALUES (1103, 'Episode 3', 'Seeded episode', '2011-09-20', 33, 111);
INSERT INTO episode (episode_id, title, description, releasedate, duration, season_season_id) VALUES (1104, 'Episode 4', 'Seeded episode', '2011-09-20', 34, 111);
INSERT INTO episode (episode_id, title, description, releasedate, duration, season_season_id) VALUES (1105, 'Episode 5', 'Seeded episode', '2011-09-20', 35, 111);
INSERT INTO episode (episode_id, title, description, releasedate, duration, season_season_id) VALUES (1106, 'Episode 6', 'Seeded episode', '2011-09-20', 36, 111);
INSERT INTO episode (episode_id, title, description, releasedate, duration, season_season_id) VALUES (1107, 'Episode 7', 'Seeded episode', '2011-09-20', 37, 111);
INSERT INTO episode (episode_id, title, description, releasedate, duration, season_season_id) VALUES (1108, 'Episode 8', 'Seeded episode', '2011-09-20', 38, 111);
INSERT INTO episode (episode_id, title, description, releasedate, duration, season_season_id) VALUES (1109, 'Episode 9', 'Seeded episode', '2011-09-20', 39, 111);
INSERT INTO episode (episode_id, title, description, releasedate, duration, season_season_id) VALUES (1110, 'Episode 10', 'Seeded episode', '2011-09-20', 40, 111);
INSERT INTO season (season_id, title, releasedate, shows_shows_id) VALUES (112, 'Season 2', '2011-09-20', 56);
INSERT INTO episode (episode_id, title, description, releasedate, duration, season_season_id) VALUES (1111, 'Episode 1', 'Seeded episode', '2011-09-20', 31, 112);
INSERT INTO episode (episode_id, title, description, releasedate, duration, season_season_id) VALUES (1112, 'Episode 2', 'Seeded episode', '2011-09-20', 32, 112);
INSERT INTO episode (episode_id, title, description, releasedate, duration, season_season_id) VALUES (1113, 'Episode 3', 'Seeded episode', '2011-09-20', 33, 112);
INSERT INTO episode (episode_id, title, description, releasedate, duration, season_season_id) VALUES (1114, 'Episode 4', 'Seeded episode', '2011-09-20', 34, 112);
INSERT INTO episode (episode_id, title, description, releasedate, duration, season_season_id) VALUES (1115, 'Episode 5', 'Seeded episode', '2011-09-20', 35, 112);
INSERT INTO episode (episode_id, title, description, releasedate, duration, season_season_id) VALUES (1116, 'Episode 6', 'Seeded episode', '2011-09-20', 36, 112);
INSERT INTO episode (episode_id, title, description, releasedate, duration, season_season_id) VALUES (1117, 'Episode 7', 'Seeded episode', '2011-09-20', 37, 112);
INSERT INTO episode (episode_id, title, description, releasedate, duration, season_season_id) VALUES (1118, 'Episode 8', 'Seeded episode', '2011-09-20', 38, 112);
INSERT INTO episode (episode_id, title, description, releasedate, duration, season_season_id) VALUES (1119, 'Episode 9', 'Seeded episode', '2011-09-20', 39, 112);
INSERT INTO episode (episode_id, title, description, releasedate, duration, season_season_id) VALUES (1120, 'Episode 10', 'Seeded episode', '2011-09-20', 40, 112);

INSERT INTO content (content_id, originaltitle, title, description, rating, releasedate, thumbnail, type) VALUES (157, 'Chicago Fire', 'Chicago Fire', 'No job is more stressful, dangerous or exhilarating than those of the Firefighters, Rescue Squad and Paramedics of Chicago Firehouse 51. These are the courageous men and women who forge headfirst into danger when everyone else is running the other way and whose actions make the difference between life and death. These are their stories.', 8.0, '2012-10-10', 'https://static.tvmaze.com/uploads/images/original_untouched/590/1475640.jpg', 'SHOW');
INSERT INTO shows (shows_id, content_content_id) VALUES (57, 157);
INSERT INTO season (season_id, title, releasedate, shows_shows_id) VALUES (113, 'Season 1', '2012-10-10', 57);
INSERT INTO episode (episode_id, title, description, releasedate, duration, season_season_id) VALUES (1121, 'Episode 1', 'Seeded episode', '2012-10-10', 31, 113);
INSERT INTO episode (episode_id, title, description, releasedate, duration, season_season_id) VALUES (1122, 'Episode 2', 'Seeded episode', '2012-10-10', 32, 113);
INSERT INTO episode (episode_id, title, description, releasedate, duration, season_season_id) VALUES (1123, 'Episode 3', 'Seeded episode', '2012-10-10', 33, 113);
INSERT INTO episode (episode_id, title, description, releasedate, duration, season_season_id) VALUES (1124, 'Episode 4', 'Seeded episode', '2012-10-10', 34, 113);
INSERT INTO episode (episode_id, title, description, releasedate, duration, season_season_id) VALUES (1125, 'Episode 5', 'Seeded episode', '2012-10-10', 35, 113);
INSERT INTO episode (episode_id, title, description, releasedate, duration, season_season_id) VALUES (1126, 'Episode 6', 'Seeded episode', '2012-10-10', 36, 113);
INSERT INTO episode (episode_id, title, description, releasedate, duration, season_season_id) VALUES (1127, 'Episode 7', 'Seeded episode', '2012-10-10', 37, 113);
INSERT INTO episode (episode_id, title, description, releasedate, duration, season_season_id) VALUES (1128, 'Episode 8', 'Seeded episode', '2012-10-10', 38, 113);
INSERT INTO episode (episode_id, title, description, releasedate, duration, season_season_id) VALUES (1129, 'Episode 9', 'Seeded episode', '2012-10-10', 39, 113);
INSERT INTO episode (episode_id, title, description, releasedate, duration, season_season_id) VALUES (1130, 'Episode 10', 'Seeded episode', '2012-10-10', 40, 113);
INSERT INTO season (season_id, title, releasedate, shows_shows_id) VALUES (114, 'Season 2', '2012-10-10', 57);
INSERT INTO episode (episode_id, title, description, releasedate, duration, season_season_id) VALUES (1131, 'Episode 1', 'Seeded episode', '2012-10-10', 31, 114);
INSERT INTO episode (episode_id, title, description, releasedate, duration, season_season_id) VALUES (1132, 'Episode 2', 'Seeded episode', '2012-10-10', 32, 114);
INSERT INTO episode (episode_id, title, description, releasedate, duration, season_season_id) VALUES (1133, 'Episode 3', 'Seeded episode', '2012-10-10', 33, 114);
INSERT INTO episode (episode_id, title, description, releasedate, duration, season_season_id) VALUES (1134, 'Episode 4', 'Seeded episode', '2012-10-10', 34, 114);
INSERT INTO episode (episode_id, title, description, releasedate, duration, season_season_id) VALUES (1135, 'Episode 5', 'Seeded episode', '2012-10-10', 35, 114);
INSERT INTO episode (episode_id, title, description, releasedate, duration, season_season_id) VALUES (1136, 'Episode 6', 'Seeded episode', '2012-10-10', 36, 114);
INSERT INTO episode (episode_id, title, description, releasedate, duration, season_season_id) VALUES (1137, 'Episode 7', 'Seeded episode', '2012-10-10', 37, 114);
INSERT INTO episode (episode_id, title, description, releasedate, duration, season_season_id) VALUES (1138, 'Episode 8', 'Seeded episode', '2012-10-10', 38, 114);
INSERT INTO episode (episode_id, title, description, releasedate, duration, season_season_id) VALUES (1139, 'Episode 9', 'Seeded episode', '2012-10-10', 39, 114);
INSERT INTO episode (episode_id, title, description, releasedate, duration, season_season_id) VALUES (1140, 'Episode 10', 'Seeded episode', '2012-10-10', 40, 114);

INSERT INTO content (content_id, originaltitle, title, description, rating, releasedate, thumbnail, type) VALUES (158, 'NCIS', 'NCIS', 'NCIS (Naval Criminal Investigative Service) is more than just an action drama. With liberal doses of humor, it''s a show that focuses on the sometimes complex and always amusing dynamics of a team forced to work together in high-stress situations. Leroy Jethro Gibbs, a former Marine gunnery sergeant, whose skills as an investigator are unmatched, leads this troupe of colorful personalities. Rounding out the team are Anthony DiNozzo, an ex-homicide detective whose instincts in the field are unparalleled and whose quick wit and humorous take on life make him a team favorite; the youthful and energetic forensic specialist Abby Sciuto, a talented scientist whose sharp mind matches her Goth style and eclectic tastes; Caitlin Todd, an ex-Secret Service Agent; and Timothy McGee, an MIT graduate whose brilliance with computers far overshadows his insecurities in the field; Assisting the team is medical examiner Dr. Donald "Ducky" Mallard, who knows it all because he''s seen it all, and he''s not afraid to let you know. From murder and espionage to terrorism and stolen submarines, these special agents travel the globe to investigate all crimes with Navy or Marine Corps ties.', 8.0, '2003-09-23', 'https://static.tvmaze.com/uploads/images/original_untouched/591/1479851.jpg', 'SHOW');
INSERT INTO shows (shows_id, content_content_id) VALUES (58, 158);
INSERT INTO season (season_id, title, releasedate, shows_shows_id) VALUES (115, 'Season 1', '2003-09-23', 58);
INSERT INTO episode (episode_id, title, description, releasedate, duration, season_season_id) VALUES (1141, 'Episode 1', 'Seeded episode', '2003-09-23', 31, 115);
INSERT INTO episode (episode_id, title, description, releasedate, duration, season_season_id) VALUES (1142, 'Episode 2', 'Seeded episode', '2003-09-23', 32, 115);
INSERT INTO episode (episode_id, title, description, releasedate, duration, season_season_id) VALUES (1143, 'Episode 3', 'Seeded episode', '2003-09-23', 33, 115);
INSERT INTO episode (episode_id, title, description, releasedate, duration, season_season_id) VALUES (1144, 'Episode 4', 'Seeded episode', '2003-09-23', 34, 115);
INSERT INTO episode (episode_id, title, description, releasedate, duration, season_season_id) VALUES (1145, 'Episode 5', 'Seeded episode', '2003-09-23', 35, 115);
INSERT INTO episode (episode_id, title, description, releasedate, duration, season_season_id) VALUES (1146, 'Episode 6', 'Seeded episode', '2003-09-23', 36, 115);
INSERT INTO episode (episode_id, title, description, releasedate, duration, season_season_id) VALUES (1147, 'Episode 7', 'Seeded episode', '2003-09-23', 37, 115);
INSERT INTO episode (episode_id, title, description, releasedate, duration, season_season_id) VALUES (1148, 'Episode 8', 'Seeded episode', '2003-09-23', 38, 115);
INSERT INTO episode (episode_id, title, description, releasedate, duration, season_season_id) VALUES (1149, 'Episode 9', 'Seeded episode', '2003-09-23', 39, 115);
INSERT INTO episode (episode_id, title, description, releasedate, duration, season_season_id) VALUES (1150, 'Episode 10', 'Seeded episode', '2003-09-23', 40, 115);
INSERT INTO season (season_id, title, releasedate, shows_shows_id) VALUES (116, 'Season 2', '2003-09-23', 58);
INSERT INTO episode (episode_id, title, description, releasedate, duration, season_season_id) VALUES (1151, 'Episode 1', 'Seeded episode', '2003-09-23', 31, 116);
INSERT INTO episode (episode_id, title, description, releasedate, duration, season_season_id) VALUES (1152, 'Episode 2', 'Seeded episode', '2003-09-23', 32, 116);
INSERT INTO episode (episode_id, title, description, releasedate, duration, season_season_id) VALUES (1153, 'Episode 3', 'Seeded episode', '2003-09-23', 33, 116);
INSERT INTO episode (episode_id, title, description, releasedate, duration, season_season_id) VALUES (1154, 'Episode 4', 'Seeded episode', '2003-09-23', 34, 116);
INSERT INTO episode (episode_id, title, description, releasedate, duration, season_season_id) VALUES (1155, 'Episode 5', 'Seeded episode', '2003-09-23', 35, 116);
INSERT INTO episode (episode_id, title, description, releasedate, duration, season_season_id) VALUES (1156, 'Episode 6', 'Seeded episode', '2003-09-23', 36, 116);
INSERT INTO episode (episode_id, title, description, releasedate, duration, season_season_id) VALUES (1157, 'Episode 7', 'Seeded episode', '2003-09-23', 37, 116);
INSERT INTO episode (episode_id, title, description, releasedate, duration, season_season_id) VALUES (1158, 'Episode 8', 'Seeded episode', '2003-09-23', 38, 116);
INSERT INTO episode (episode_id, title, description, releasedate, duration, season_season_id) VALUES (1159, 'Episode 9', 'Seeded episode', '2003-09-23', 39, 116);
INSERT INTO episode (episode_id, title, description, releasedate, duration, season_season_id) VALUES (1160, 'Episode 10', 'Seeded episode', '2003-09-23', 40, 116);

INSERT INTO content (content_id, originaltitle, title, description, rating, releasedate, thumbnail, type) VALUES (159, 'Orphan Black', 'Orphan Black', 'Orphan Black is about Sarah, an outsider and orphan whose life changes dramatically after witnessing the suicide of a woman, "Beth", who looks just like her. Sarah takes her identity, her boyfriend and her money. But instead of solving her problems, the street-smart chameleon is thrust headlong into a kaleidoscopic mystery. She makes the dizzying discovery that she and the dead woman are clones... but are they the only ones? Sarah quickly finds herself caught in the middle of a deadly conspiracy, racing to find answers.', 8.6, '2013-03-30', 'https://static.tvmaze.com/uploads/images/original_untouched/484/1210257.jpg', 'SHOW');
INSERT INTO shows (shows_id, content_content_id) VALUES (59, 159);
INSERT INTO season (season_id, title, releasedate, shows_shows_id) VALUES (117, 'Season 1', '2013-03-30', 59);
INSERT INTO episode (episode_id, title, description, releasedate, duration, season_season_id) VALUES (1161, 'Episode 1', 'Seeded episode', '2013-03-30', 31, 117);
INSERT INTO episode (episode_id, title, description, releasedate, duration, season_season_id) VALUES (1162, 'Episode 2', 'Seeded episode', '2013-03-30', 32, 117);
INSERT INTO episode (episode_id, title, description, releasedate, duration, season_season_id) VALUES (1163, 'Episode 3', 'Seeded episode', '2013-03-30', 33, 117);
INSERT INTO episode (episode_id, title, description, releasedate, duration, season_season_id) VALUES (1164, 'Episode 4', 'Seeded episode', '2013-03-30', 34, 117);
INSERT INTO episode (episode_id, title, description, releasedate, duration, season_season_id) VALUES (1165, 'Episode 5', 'Seeded episode', '2013-03-30', 35, 117);
INSERT INTO episode (episode_id, title, description, releasedate, duration, season_season_id) VALUES (1166, 'Episode 6', 'Seeded episode', '2013-03-30', 36, 117);
INSERT INTO episode (episode_id, title, description, releasedate, duration, season_season_id) VALUES (1167, 'Episode 7', 'Seeded episode', '2013-03-30', 37, 117);
INSERT INTO episode (episode_id, title, description, releasedate, duration, season_season_id) VALUES (1168, 'Episode 8', 'Seeded episode', '2013-03-30', 38, 117);
INSERT INTO episode (episode_id, title, description, releasedate, duration, season_season_id) VALUES (1169, 'Episode 9', 'Seeded episode', '2013-03-30', 39, 117);
INSERT INTO episode (episode_id, title, description, releasedate, duration, season_season_id) VALUES (1170, 'Episode 10', 'Seeded episode', '2013-03-30', 40, 117);
INSERT INTO season (season_id, title, releasedate, shows_shows_id) VALUES (118, 'Season 2', '2013-03-30', 59);
INSERT INTO episode (episode_id, title, description, releasedate, duration, season_season_id) VALUES (1171, 'Episode 1', 'Seeded episode', '2013-03-30', 31, 118);
INSERT INTO episode (episode_id, title, description, releasedate, duration, season_season_id) VALUES (1172, 'Episode 2', 'Seeded episode', '2013-03-30', 32, 118);
INSERT INTO episode (episode_id, title, description, releasedate, duration, season_season_id) VALUES (1173, 'Episode 3', 'Seeded episode', '2013-03-30', 33, 118);
INSERT INTO episode (episode_id, title, description, releasedate, duration, season_season_id) VALUES (1174, 'Episode 4', 'Seeded episode', '2013-03-30', 34, 118);
INSERT INTO episode (episode_id, title, description, releasedate, duration, season_season_id) VALUES (1175, 'Episode 5', 'Seeded episode', '2013-03-30', 35, 118);
INSERT INTO episode (episode_id, title, description, releasedate, duration, season_season_id) VALUES (1176, 'Episode 6', 'Seeded episode', '2013-03-30', 36, 118);
INSERT INTO episode (episode_id, title, description, releasedate, duration, season_season_id) VALUES (1177, 'Episode 7', 'Seeded episode', '2013-03-30', 37, 118);
INSERT INTO episode (episode_id, title, description, releasedate, duration, season_season_id) VALUES (1178, 'Episode 8', 'Seeded episode', '2013-03-30', 38, 118);
INSERT INTO episode (episode_id, title, description, releasedate, duration, season_season_id) VALUES (1179, 'Episode 9', 'Seeded episode', '2013-03-30', 39, 118);
INSERT INTO episode (episode_id, title, description, releasedate, duration, season_season_id) VALUES (1180, 'Episode 10', 'Seeded episode', '2013-03-30', 40, 118);

INSERT INTO content (content_id, originaltitle, title, description, rating, releasedate, thumbnail, type) VALUES (160, 'The Originals', 'The Originals', 'The Originals is a spin-off show from the supernatural drama The Vampire Diaries. It is based in the city of New Orleans where the originals represent the original vampires. The show is primarily based around conflict between vampires, werewolves and witches in the city.', 8.2, '2013-10-03', 'https://static.tvmaze.com/uploads/images/original_untouched/271/678632.jpg', 'SHOW');
INSERT INTO shows (shows_id, content_content_id) VALUES (60, 160);
INSERT INTO season (season_id, title, releasedate, shows_shows_id) VALUES (119, 'Season 1', '2013-10-03', 60);
INSERT INTO episode (episode_id, title, description, releasedate, duration, season_season_id) VALUES (1181, 'Episode 1', 'Seeded episode', '2013-10-03', 31, 119);
INSERT INTO episode (episode_id, title, description, releasedate, duration, season_season_id) VALUES (1182, 'Episode 2', 'Seeded episode', '2013-10-03', 32, 119);
INSERT INTO episode (episode_id, title, description, releasedate, duration, season_season_id) VALUES (1183, 'Episode 3', 'Seeded episode', '2013-10-03', 33, 119);
INSERT INTO episode (episode_id, title, description, releasedate, duration, season_season_id) VALUES (1184, 'Episode 4', 'Seeded episode', '2013-10-03', 34, 119);
INSERT INTO episode (episode_id, title, description, releasedate, duration, season_season_id) VALUES (1185, 'Episode 5', 'Seeded episode', '2013-10-03', 35, 119);
INSERT INTO episode (episode_id, title, description, releasedate, duration, season_season_id) VALUES (1186, 'Episode 6', 'Seeded episode', '2013-10-03', 36, 119);
INSERT INTO episode (episode_id, title, description, releasedate, duration, season_season_id) VALUES (1187, 'Episode 7', 'Seeded episode', '2013-10-03', 37, 119);
INSERT INTO episode (episode_id, title, description, releasedate, duration, season_season_id) VALUES (1188, 'Episode 8', 'Seeded episode', '2013-10-03', 38, 119);
INSERT INTO episode (episode_id, title, description, releasedate, duration, season_season_id) VALUES (1189, 'Episode 9', 'Seeded episode', '2013-10-03', 39, 119);
INSERT INTO episode (episode_id, title, description, releasedate, duration, season_season_id) VALUES (1190, 'Episode 10', 'Seeded episode', '2013-10-03', 40, 119);
INSERT INTO season (season_id, title, releasedate, shows_shows_id) VALUES (120, 'Season 2', '2013-10-03', 60);
INSERT INTO episode (episode_id, title, description, releasedate, duration, season_season_id) VALUES (1191, 'Episode 1', 'Seeded episode', '2013-10-03', 31, 120);
INSERT INTO episode (episode_id, title, description, releasedate, duration, season_season_id) VALUES (1192, 'Episode 2', 'Seeded episode', '2013-10-03', 32, 120);
INSERT INTO episode (episode_id, title, description, releasedate, duration, season_season_id) VALUES (1193, 'Episode 3', 'Seeded episode', '2013-10-03', 33, 120);
INSERT INTO episode (episode_id, title, description, releasedate, duration, season_season_id) VALUES (1194, 'Episode 4', 'Seeded episode', '2013-10-03', 34, 120);
INSERT INTO episode (episode_id, title, description, releasedate, duration, season_season_id) VALUES (1195, 'Episode 5', 'Seeded episode', '2013-10-03', 35, 120);
INSERT INTO episode (episode_id, title, description, releasedate, duration, season_season_id) VALUES (1196, 'Episode 6', 'Seeded episode', '2013-10-03', 36, 120);
INSERT INTO episode (episode_id, title, description, releasedate, duration, season_season_id) VALUES (1197, 'Episode 7', 'Seeded episode', '2013-10-03', 37, 120);
INSERT INTO episode (episode_id, title, description, releasedate, duration, season_season_id) VALUES (1198, 'Episode 8', 'Seeded episode', '2013-10-03', 38, 120);
INSERT INTO episode (episode_id, title, description, releasedate, duration, season_season_id) VALUES (1199, 'Episode 9', 'Seeded episode', '2013-10-03', 39, 120);
INSERT INTO episode (episode_id, title, description, releasedate, duration, season_season_id) VALUES (1200, 'Episode 10', 'Seeded episode', '2013-10-03', 40, 120);

INSERT INTO content (content_id, originaltitle, title, description, rating, releasedate, thumbnail, type) VALUES (161, 'The Vampire Diaries', 'The Vampire Diaries', 'The Vampire Diaries is a supernatural drama/romance based around Elena Gilbert who falls in love with a 163 year old vampire.Based on a novel series by L.J. Smith.', 7.9, '2009-09-10', 'https://static.tvmaze.com/uploads/images/original_untouched/271/677698.jpg', 'SHOW');
INSERT INTO shows (shows_id, content_content_id) VALUES (61, 161);
INSERT INTO season (season_id, title, releasedate, shows_shows_id) VALUES (121, 'Season 1', '2009-09-10', 61);
INSERT INTO episode (episode_id, title, description, releasedate, duration, season_season_id) VALUES (1201, 'Episode 1', 'Seeded episode', '2009-09-10', 31, 121);
INSERT INTO episode (episode_id, title, description, releasedate, duration, season_season_id) VALUES (1202, 'Episode 2', 'Seeded episode', '2009-09-10', 32, 121);
INSERT INTO episode (episode_id, title, description, releasedate, duration, season_season_id) VALUES (1203, 'Episode 3', 'Seeded episode', '2009-09-10', 33, 121);
INSERT INTO episode (episode_id, title, description, releasedate, duration, season_season_id) VALUES (1204, 'Episode 4', 'Seeded episode', '2009-09-10', 34, 121);
INSERT INTO episode (episode_id, title, description, releasedate, duration, season_season_id) VALUES (1205, 'Episode 5', 'Seeded episode', '2009-09-10', 35, 121);
INSERT INTO episode (episode_id, title, description, releasedate, duration, season_season_id) VALUES (1206, 'Episode 6', 'Seeded episode', '2009-09-10', 36, 121);
INSERT INTO episode (episode_id, title, description, releasedate, duration, season_season_id) VALUES (1207, 'Episode 7', 'Seeded episode', '2009-09-10', 37, 121);
INSERT INTO episode (episode_id, title, description, releasedate, duration, season_season_id) VALUES (1208, 'Episode 8', 'Seeded episode', '2009-09-10', 38, 121);
INSERT INTO episode (episode_id, title, description, releasedate, duration, season_season_id) VALUES (1209, 'Episode 9', 'Seeded episode', '2009-09-10', 39, 121);
INSERT INTO episode (episode_id, title, description, releasedate, duration, season_season_id) VALUES (1210, 'Episode 10', 'Seeded episode', '2009-09-10', 40, 121);
INSERT INTO season (season_id, title, releasedate, shows_shows_id) VALUES (122, 'Season 2', '2009-09-10', 61);
INSERT INTO episode (episode_id, title, description, releasedate, duration, season_season_id) VALUES (1211, 'Episode 1', 'Seeded episode', '2009-09-10', 31, 122);
INSERT INTO episode (episode_id, title, description, releasedate, duration, season_season_id) VALUES (1212, 'Episode 2', 'Seeded episode', '2009-09-10', 32, 122);
INSERT INTO episode (episode_id, title, description, releasedate, duration, season_season_id) VALUES (1213, 'Episode 3', 'Seeded episode', '2009-09-10', 33, 122);
INSERT INTO episode (episode_id, title, description, releasedate, duration, season_season_id) VALUES (1214, 'Episode 4', 'Seeded episode', '2009-09-10', 34, 122);
INSERT INTO episode (episode_id, title, description, releasedate, duration, season_season_id) VALUES (1215, 'Episode 5', 'Seeded episode', '2009-09-10', 35, 122);
INSERT INTO episode (episode_id, title, description, releasedate, duration, season_season_id) VALUES (1216, 'Episode 6', 'Seeded episode', '2009-09-10', 36, 122);
INSERT INTO episode (episode_id, title, description, releasedate, duration, season_season_id) VALUES (1217, 'Episode 7', 'Seeded episode', '2009-09-10', 37, 122);
INSERT INTO episode (episode_id, title, description, releasedate, duration, season_season_id) VALUES (1218, 'Episode 8', 'Seeded episode', '2009-09-10', 38, 122);
INSERT INTO episode (episode_id, title, description, releasedate, duration, season_season_id) VALUES (1219, 'Episode 9', 'Seeded episode', '2009-09-10', 39, 122);
INSERT INTO episode (episode_id, title, description, releasedate, duration, season_season_id) VALUES (1220, 'Episode 10', 'Seeded episode', '2009-09-10', 40, 122);

INSERT INTO content (content_id, originaltitle, title, description, rating, releasedate, thumbnail, type) VALUES (162, 'Utopia', 'Utopia', 'Utopia based initially around a small group of people who find a rare manuscript of the same name. This leads the group to be targeted by a large organisation with little knowledge of the manuscript''s relevance or importance.', 8.4, '2013-01-15', 'https://static.tvmaze.com/uploads/images/original_untouched/275/688620.jpg', 'SHOW');
INSERT INTO shows (shows_id, content_content_id) VALUES (62, 162);
INSERT INTO season (season_id, title, releasedate, shows_shows_id) VALUES (123, 'Season 1', '2013-01-15', 62);
INSERT INTO episode (episode_id, title, description, releasedate, duration, season_season_id) VALUES (1221, 'Episode 1', 'Seeded episode', '2013-01-15', 31, 123);
INSERT INTO episode (episode_id, title, description, releasedate, duration, season_season_id) VALUES (1222, 'Episode 2', 'Seeded episode', '2013-01-15', 32, 123);
INSERT INTO episode (episode_id, title, description, releasedate, duration, season_season_id) VALUES (1223, 'Episode 3', 'Seeded episode', '2013-01-15', 33, 123);
INSERT INTO episode (episode_id, title, description, releasedate, duration, season_season_id) VALUES (1224, 'Episode 4', 'Seeded episode', '2013-01-15', 34, 123);
INSERT INTO episode (episode_id, title, description, releasedate, duration, season_season_id) VALUES (1225, 'Episode 5', 'Seeded episode', '2013-01-15', 35, 123);
INSERT INTO episode (episode_id, title, description, releasedate, duration, season_season_id) VALUES (1226, 'Episode 6', 'Seeded episode', '2013-01-15', 36, 123);
INSERT INTO episode (episode_id, title, description, releasedate, duration, season_season_id) VALUES (1227, 'Episode 7', 'Seeded episode', '2013-01-15', 37, 123);
INSERT INTO episode (episode_id, title, description, releasedate, duration, season_season_id) VALUES (1228, 'Episode 8', 'Seeded episode', '2013-01-15', 38, 123);
INSERT INTO episode (episode_id, title, description, releasedate, duration, season_season_id) VALUES (1229, 'Episode 9', 'Seeded episode', '2013-01-15', 39, 123);
INSERT INTO episode (episode_id, title, description, releasedate, duration, season_season_id) VALUES (1230, 'Episode 10', 'Seeded episode', '2013-01-15', 40, 123);
INSERT INTO season (season_id, title, releasedate, shows_shows_id) VALUES (124, 'Season 2', '2013-01-15', 62);
INSERT INTO episode (episode_id, title, description, releasedate, duration, season_season_id) VALUES (1231, 'Episode 1', 'Seeded episode', '2013-01-15', 31, 124);
INSERT INTO episode (episode_id, title, description, releasedate, duration, season_season_id) VALUES (1232, 'Episode 2', 'Seeded episode', '2013-01-15', 32, 124);
INSERT INTO episode (episode_id, title, description, releasedate, duration, season_season_id) VALUES (1233, 'Episode 3', 'Seeded episode', '2013-01-15', 33, 124);
INSERT INTO episode (episode_id, title, description, releasedate, duration, season_season_id) VALUES (1234, 'Episode 4', 'Seeded episode', '2013-01-15', 34, 124);
INSERT INTO episode (episode_id, title, description, releasedate, duration, season_season_id) VALUES (1235, 'Episode 5', 'Seeded episode', '2013-01-15', 35, 124);
INSERT INTO episode (episode_id, title, description, releasedate, duration, season_season_id) VALUES (1236, 'Episode 6', 'Seeded episode', '2013-01-15', 36, 124);
INSERT INTO episode (episode_id, title, description, releasedate, duration, season_season_id) VALUES (1237, 'Episode 7', 'Seeded episode', '2013-01-15', 37, 124);
INSERT INTO episode (episode_id, title, description, releasedate, duration, season_season_id) VALUES (1238, 'Episode 8', 'Seeded episode', '2013-01-15', 38, 124);
INSERT INTO episode (episode_id, title, description, releasedate, duration, season_season_id) VALUES (1239, 'Episode 9', 'Seeded episode', '2013-01-15', 39, 124);
INSERT INTO episode (episode_id, title, description, releasedate, duration, season_season_id) VALUES (1240, 'Episode 10', 'Seeded episode', '2013-01-15', 40, 124);

INSERT INTO content (content_id, originaltitle, title, description, rating, releasedate, thumbnail, type) VALUES (163, 'Bones', 'Bones', 'F.B.I. Agent Seeley Booth is teamed up with forensic anthropologist Dr. Temperance "Bones" Brennan to solve some of the most baffling and bizarre crimes ever. Booth depends on clues from the living, witnesses and suspects, while Brennan gathers evidence from the dead, relying on her uncanny ability to read clues left behind in the bones of the victims.', 8.1, '2005-09-13', 'https://static.tvmaze.com/uploads/images/original_untouched/80/201197.jpg', 'SHOW');
INSERT INTO shows (shows_id, content_content_id) VALUES (63, 163);
INSERT INTO season (season_id, title, releasedate, shows_shows_id) VALUES (125, 'Season 1', '2005-09-13', 63);
INSERT INTO episode (episode_id, title, description, releasedate, duration, season_season_id) VALUES (1241, 'Episode 1', 'Seeded episode', '2005-09-13', 31, 125);
INSERT INTO episode (episode_id, title, description, releasedate, duration, season_season_id) VALUES (1242, 'Episode 2', 'Seeded episode', '2005-09-13', 32, 125);
INSERT INTO episode (episode_id, title, description, releasedate, duration, season_season_id) VALUES (1243, 'Episode 3', 'Seeded episode', '2005-09-13', 33, 125);
INSERT INTO episode (episode_id, title, description, releasedate, duration, season_season_id) VALUES (1244, 'Episode 4', 'Seeded episode', '2005-09-13', 34, 125);
INSERT INTO episode (episode_id, title, description, releasedate, duration, season_season_id) VALUES (1245, 'Episode 5', 'Seeded episode', '2005-09-13', 35, 125);
INSERT INTO episode (episode_id, title, description, releasedate, duration, season_season_id) VALUES (1246, 'Episode 6', 'Seeded episode', '2005-09-13', 36, 125);
INSERT INTO episode (episode_id, title, description, releasedate, duration, season_season_id) VALUES (1247, 'Episode 7', 'Seeded episode', '2005-09-13', 37, 125);
INSERT INTO episode (episode_id, title, description, releasedate, duration, season_season_id) VALUES (1248, 'Episode 8', 'Seeded episode', '2005-09-13', 38, 125);
INSERT INTO episode (episode_id, title, description, releasedate, duration, season_season_id) VALUES (1249, 'Episode 9', 'Seeded episode', '2005-09-13', 39, 125);
INSERT INTO episode (episode_id, title, description, releasedate, duration, season_season_id) VALUES (1250, 'Episode 10', 'Seeded episode', '2005-09-13', 40, 125);
INSERT INTO season (season_id, title, releasedate, shows_shows_id) VALUES (126, 'Season 2', '2005-09-13', 63);
INSERT INTO episode (episode_id, title, description, releasedate, duration, season_season_id) VALUES (1251, 'Episode 1', 'Seeded episode', '2005-09-13', 31, 126);
INSERT INTO episode (episode_id, title, description, releasedate, duration, season_season_id) VALUES (1252, 'Episode 2', 'Seeded episode', '2005-09-13', 32, 126);
INSERT INTO episode (episode_id, title, description, releasedate, duration, season_season_id) VALUES (1253, 'Episode 3', 'Seeded episode', '2005-09-13', 33, 126);
INSERT INTO episode (episode_id, title, description, releasedate, duration, season_season_id) VALUES (1254, 'Episode 4', 'Seeded episode', '2005-09-13', 34, 126);
INSERT INTO episode (episode_id, title, description, releasedate, duration, season_season_id) VALUES (1255, 'Episode 5', 'Seeded episode', '2005-09-13', 35, 126);
INSERT INTO episode (episode_id, title, description, releasedate, duration, season_season_id) VALUES (1256, 'Episode 6', 'Seeded episode', '2005-09-13', 36, 126);
INSERT INTO episode (episode_id, title, description, releasedate, duration, season_season_id) VALUES (1257, 'Episode 7', 'Seeded episode', '2005-09-13', 37, 126);
INSERT INTO episode (episode_id, title, description, releasedate, duration, season_season_id) VALUES (1258, 'Episode 8', 'Seeded episode', '2005-09-13', 38, 126);
INSERT INTO episode (episode_id, title, description, releasedate, duration, season_season_id) VALUES (1259, 'Episode 9', 'Seeded episode', '2005-09-13', 39, 126);
INSERT INTO episode (episode_id, title, description, releasedate, duration, season_season_id) VALUES (1260, 'Episode 10', 'Seeded episode', '2005-09-13', 40, 126);

INSERT INTO content (content_id, originaltitle, title, description, rating, releasedate, thumbnail, type) VALUES (164, 'The Big Bang Theory', 'The Big Bang Theory', 'The Big Bang Theory is a comedy about brilliant physicists, Leonard and Sheldon, who are the kind of "beautiful minds" that understand how the universe works. But none of that genius helps them interact with people, especially women. All this begins to change when a free-spirited beauty named Penny moves in next door. Sheldon, Leonard''s roommate, is quite content spending his nights playing Klingon Boggle with their socially dysfunctional friends, fellow Cal Tech scientists Wolowitz and Koothrappali. However, Leonard sees in Penny a whole new universe of possibilities... including love.', 8.0, '2007-09-24', 'https://static.tvmaze.com/uploads/images/original_untouched/173/433868.jpg', 'SHOW');
INSERT INTO shows (shows_id, content_content_id) VALUES (64, 164);
INSERT INTO season (season_id, title, releasedate, shows_shows_id) VALUES (127, 'Season 1', '2007-09-24', 64);
INSERT INTO episode (episode_id, title, description, releasedate, duration, season_season_id) VALUES (1261, 'Episode 1', 'Seeded episode', '2007-09-24', 31, 127);
INSERT INTO episode (episode_id, title, description, releasedate, duration, season_season_id) VALUES (1262, 'Episode 2', 'Seeded episode', '2007-09-24', 32, 127);
INSERT INTO episode (episode_id, title, description, releasedate, duration, season_season_id) VALUES (1263, 'Episode 3', 'Seeded episode', '2007-09-24', 33, 127);
INSERT INTO episode (episode_id, title, description, releasedate, duration, season_season_id) VALUES (1264, 'Episode 4', 'Seeded episode', '2007-09-24', 34, 127);
INSERT INTO episode (episode_id, title, description, releasedate, duration, season_season_id) VALUES (1265, 'Episode 5', 'Seeded episode', '2007-09-24', 35, 127);
INSERT INTO episode (episode_id, title, description, releasedate, duration, season_season_id) VALUES (1266, 'Episode 6', 'Seeded episode', '2007-09-24', 36, 127);
INSERT INTO episode (episode_id, title, description, releasedate, duration, season_season_id) VALUES (1267, 'Episode 7', 'Seeded episode', '2007-09-24', 37, 127);
INSERT INTO episode (episode_id, title, description, releasedate, duration, season_season_id) VALUES (1268, 'Episode 8', 'Seeded episode', '2007-09-24', 38, 127);
INSERT INTO episode (episode_id, title, description, releasedate, duration, season_season_id) VALUES (1269, 'Episode 9', 'Seeded episode', '2007-09-24', 39, 127);
INSERT INTO episode (episode_id, title, description, releasedate, duration, season_season_id) VALUES (1270, 'Episode 10', 'Seeded episode', '2007-09-24', 40, 127);
INSERT INTO season (season_id, title, releasedate, shows_shows_id) VALUES (128, 'Season 2', '2007-09-24', 64);
INSERT INTO episode (episode_id, title, description, releasedate, duration, season_season_id) VALUES (1271, 'Episode 1', 'Seeded episode', '2007-09-24', 31, 128);
INSERT INTO episode (episode_id, title, description, releasedate, duration, season_season_id) VALUES (1272, 'Episode 2', 'Seeded episode', '2007-09-24', 32, 128);
INSERT INTO episode (episode_id, title, description, releasedate, duration, season_season_id) VALUES (1273, 'Episode 3', 'Seeded episode', '2007-09-24', 33, 128);
INSERT INTO episode (episode_id, title, description, releasedate, duration, season_season_id) VALUES (1274, 'Episode 4', 'Seeded episode', '2007-09-24', 34, 128);
INSERT INTO episode (episode_id, title, description, releasedate, duration, season_season_id) VALUES (1275, 'Episode 5', 'Seeded episode', '2007-09-24', 35, 128);
INSERT INTO episode (episode_id, title, description, releasedate, duration, season_season_id) VALUES (1276, 'Episode 6', 'Seeded episode', '2007-09-24', 36, 128);
INSERT INTO episode (episode_id, title, description, releasedate, duration, season_season_id) VALUES (1277, 'Episode 7', 'Seeded episode', '2007-09-24', 37, 128);
INSERT INTO episode (episode_id, title, description, releasedate, duration, season_season_id) VALUES (1278, 'Episode 8', 'Seeded episode', '2007-09-24', 38, 128);
INSERT INTO episode (episode_id, title, description, releasedate, duration, season_season_id) VALUES (1279, 'Episode 9', 'Seeded episode', '2007-09-24', 39, 128);
INSERT INTO episode (episode_id, title, description, releasedate, duration, season_season_id) VALUES (1280, 'Episode 10', 'Seeded episode', '2007-09-24', 40, 128);

INSERT INTO content (content_id, originaltitle, title, description, rating, releasedate, thumbnail, type) VALUES (165, 'Grey''s Anatomy', 'Grey''s Anatomy', 'The doctors of Grey Sloan Memorial Hospital deal with life-or-death consequences on a daily basis -- it''s in one another that they find comfort, friendship and, at times, more than friendship. Together they''re discovering that neither medicine nor relationships can be defined in black and white. Real life only comes in shades of grey.', 7.6, '2005-03-27', 'https://static.tvmaze.com/uploads/images/original_untouched/600/1501061.jpg', 'SHOW');
INSERT INTO shows (shows_id, content_content_id) VALUES (65, 165);
INSERT INTO season (season_id, title, releasedate, shows_shows_id) VALUES (129, 'Season 1', '2005-03-27', 65);
INSERT INTO episode (episode_id, title, description, releasedate, duration, season_season_id) VALUES (1281, 'Episode 1', 'Seeded episode', '2005-03-27', 31, 129);
INSERT INTO episode (episode_id, title, description, releasedate, duration, season_season_id) VALUES (1282, 'Episode 2', 'Seeded episode', '2005-03-27', 32, 129);
INSERT INTO episode (episode_id, title, description, releasedate, duration, season_season_id) VALUES (1283, 'Episode 3', 'Seeded episode', '2005-03-27', 33, 129);
INSERT INTO episode (episode_id, title, description, releasedate, duration, season_season_id) VALUES (1284, 'Episode 4', 'Seeded episode', '2005-03-27', 34, 129);
INSERT INTO episode (episode_id, title, description, releasedate, duration, season_season_id) VALUES (1285, 'Episode 5', 'Seeded episode', '2005-03-27', 35, 129);
INSERT INTO episode (episode_id, title, description, releasedate, duration, season_season_id) VALUES (1286, 'Episode 6', 'Seeded episode', '2005-03-27', 36, 129);
INSERT INTO episode (episode_id, title, description, releasedate, duration, season_season_id) VALUES (1287, 'Episode 7', 'Seeded episode', '2005-03-27', 37, 129);
INSERT INTO episode (episode_id, title, description, releasedate, duration, season_season_id) VALUES (1288, 'Episode 8', 'Seeded episode', '2005-03-27', 38, 129);
INSERT INTO episode (episode_id, title, description, releasedate, duration, season_season_id) VALUES (1289, 'Episode 9', 'Seeded episode', '2005-03-27', 39, 129);
INSERT INTO episode (episode_id, title, description, releasedate, duration, season_season_id) VALUES (1290, 'Episode 10', 'Seeded episode', '2005-03-27', 40, 129);
INSERT INTO season (season_id, title, releasedate, shows_shows_id) VALUES (130, 'Season 2', '2005-03-27', 65);
INSERT INTO episode (episode_id, title, description, releasedate, duration, season_season_id) VALUES (1291, 'Episode 1', 'Seeded episode', '2005-03-27', 31, 130);
INSERT INTO episode (episode_id, title, description, releasedate, duration, season_season_id) VALUES (1292, 'Episode 2', 'Seeded episode', '2005-03-27', 32, 130);
INSERT INTO episode (episode_id, title, description, releasedate, duration, season_season_id) VALUES (1293, 'Episode 3', 'Seeded episode', '2005-03-27', 33, 130);
INSERT INTO episode (episode_id, title, description, releasedate, duration, season_season_id) VALUES (1294, 'Episode 4', 'Seeded episode', '2005-03-27', 34, 130);
INSERT INTO episode (episode_id, title, description, releasedate, duration, season_season_id) VALUES (1295, 'Episode 5', 'Seeded episode', '2005-03-27', 35, 130);
INSERT INTO episode (episode_id, title, description, releasedate, duration, season_season_id) VALUES (1296, 'Episode 6', 'Seeded episode', '2005-03-27', 36, 130);
INSERT INTO episode (episode_id, title, description, releasedate, duration, season_season_id) VALUES (1297, 'Episode 7', 'Seeded episode', '2005-03-27', 37, 130);
INSERT INTO episode (episode_id, title, description, releasedate, duration, season_season_id) VALUES (1298, 'Episode 8', 'Seeded episode', '2005-03-27', 38, 130);
INSERT INTO episode (episode_id, title, description, releasedate, duration, season_season_id) VALUES (1299, 'Episode 9', 'Seeded episode', '2005-03-27', 39, 130);
INSERT INTO episode (episode_id, title, description, releasedate, duration, season_season_id) VALUES (1300, 'Episode 10', 'Seeded episode', '2005-03-27', 40, 130);

INSERT INTO content (content_id, originaltitle, title, description, rating, releasedate, thumbnail, type) VALUES (166, 'Castle', 'Castle', 'Castle follows Rick Castle who is one of the world''s most successful crime authors. But when his rock star lifestyle isn''t enough, this bad boy goes looking for new trouble and finds it working with smart, beautiful Detective Kate Beckett. Inspired by her professional record and intrigued by her buttoned-up personality, Castle''s found the model for his bold new character whether she likes it or not. Now with the mayor''s permission, Castle is helping solve crime with his own twist.', 8.2, '2009-03-09', 'https://static.tvmaze.com/uploads/images/original_untouched/13/34761.jpg', 'SHOW');
INSERT INTO shows (shows_id, content_content_id) VALUES (66, 166);
INSERT INTO season (season_id, title, releasedate, shows_shows_id) VALUES (131, 'Season 1', '2009-03-09', 66);
INSERT INTO episode (episode_id, title, description, releasedate, duration, season_season_id) VALUES (1301, 'Episode 1', 'Seeded episode', '2009-03-09', 31, 131);
INSERT INTO episode (episode_id, title, description, releasedate, duration, season_season_id) VALUES (1302, 'Episode 2', 'Seeded episode', '2009-03-09', 32, 131);
INSERT INTO episode (episode_id, title, description, releasedate, duration, season_season_id) VALUES (1303, 'Episode 3', 'Seeded episode', '2009-03-09', 33, 131);
INSERT INTO episode (episode_id, title, description, releasedate, duration, season_season_id) VALUES (1304, 'Episode 4', 'Seeded episode', '2009-03-09', 34, 131);
INSERT INTO episode (episode_id, title, description, releasedate, duration, season_season_id) VALUES (1305, 'Episode 5', 'Seeded episode', '2009-03-09', 35, 131);
INSERT INTO episode (episode_id, title, description, releasedate, duration, season_season_id) VALUES (1306, 'Episode 6', 'Seeded episode', '2009-03-09', 36, 131);
INSERT INTO episode (episode_id, title, description, releasedate, duration, season_season_id) VALUES (1307, 'Episode 7', 'Seeded episode', '2009-03-09', 37, 131);
INSERT INTO episode (episode_id, title, description, releasedate, duration, season_season_id) VALUES (1308, 'Episode 8', 'Seeded episode', '2009-03-09', 38, 131);
INSERT INTO episode (episode_id, title, description, releasedate, duration, season_season_id) VALUES (1309, 'Episode 9', 'Seeded episode', '2009-03-09', 39, 131);
INSERT INTO episode (episode_id, title, description, releasedate, duration, season_season_id) VALUES (1310, 'Episode 10', 'Seeded episode', '2009-03-09', 40, 131);
INSERT INTO season (season_id, title, releasedate, shows_shows_id) VALUES (132, 'Season 2', '2009-03-09', 66);
INSERT INTO episode (episode_id, title, description, releasedate, duration, season_season_id) VALUES (1311, 'Episode 1', 'Seeded episode', '2009-03-09', 31, 132);
INSERT INTO episode (episode_id, title, description, releasedate, duration, season_season_id) VALUES (1312, 'Episode 2', 'Seeded episode', '2009-03-09', 32, 132);
INSERT INTO episode (episode_id, title, description, releasedate, duration, season_season_id) VALUES (1313, 'Episode 3', 'Seeded episode', '2009-03-09', 33, 132);
INSERT INTO episode (episode_id, title, description, releasedate, duration, season_season_id) VALUES (1314, 'Episode 4', 'Seeded episode', '2009-03-09', 34, 132);
INSERT INTO episode (episode_id, title, description, releasedate, duration, season_season_id) VALUES (1315, 'Episode 5', 'Seeded episode', '2009-03-09', 35, 132);
INSERT INTO episode (episode_id, title, description, releasedate, duration, season_season_id) VALUES (1316, 'Episode 6', 'Seeded episode', '2009-03-09', 36, 132);
INSERT INTO episode (episode_id, title, description, releasedate, duration, season_season_id) VALUES (1317, 'Episode 7', 'Seeded episode', '2009-03-09', 37, 132);
INSERT INTO episode (episode_id, title, description, releasedate, duration, season_season_id) VALUES (1318, 'Episode 8', 'Seeded episode', '2009-03-09', 38, 132);
INSERT INTO episode (episode_id, title, description, releasedate, duration, season_season_id) VALUES (1319, 'Episode 9', 'Seeded episode', '2009-03-09', 39, 132);
INSERT INTO episode (episode_id, title, description, releasedate, duration, season_season_id) VALUES (1320, 'Episode 10', 'Seeded episode', '2009-03-09', 40, 132);

INSERT INTO content (content_id, originaltitle, title, description, rating, releasedate, thumbnail, type) VALUES (167, 'The Blacklist', 'The Blacklist', 'The Blacklist is a crime drama involving a former government agent who turned into a high-profile criminal turning himself in to the FBI offering to help catch criminals.', 8.1, '2013-09-23', 'https://static.tvmaze.com/uploads/images/original_untouched/445/1113538.jpg', 'SHOW');
INSERT INTO shows (shows_id, content_content_id) VALUES (67, 167);
INSERT INTO season (season_id, title, releasedate, shows_shows_id) VALUES (133, 'Season 1', '2013-09-23', 67);
INSERT INTO episode (episode_id, title, description, releasedate, duration, season_season_id) VALUES (1321, 'Episode 1', 'Seeded episode', '2013-09-23', 31, 133);
INSERT INTO episode (episode_id, title, description, releasedate, duration, season_season_id) VALUES (1322, 'Episode 2', 'Seeded episode', '2013-09-23', 32, 133);
INSERT INTO episode (episode_id, title, description, releasedate, duration, season_season_id) VALUES (1323, 'Episode 3', 'Seeded episode', '2013-09-23', 33, 133);
INSERT INTO episode (episode_id, title, description, releasedate, duration, season_season_id) VALUES (1324, 'Episode 4', 'Seeded episode', '2013-09-23', 34, 133);
INSERT INTO episode (episode_id, title, description, releasedate, duration, season_season_id) VALUES (1325, 'Episode 5', 'Seeded episode', '2013-09-23', 35, 133);
INSERT INTO episode (episode_id, title, description, releasedate, duration, season_season_id) VALUES (1326, 'Episode 6', 'Seeded episode', '2013-09-23', 36, 133);
INSERT INTO episode (episode_id, title, description, releasedate, duration, season_season_id) VALUES (1327, 'Episode 7', 'Seeded episode', '2013-09-23', 37, 133);
INSERT INTO episode (episode_id, title, description, releasedate, duration, season_season_id) VALUES (1328, 'Episode 8', 'Seeded episode', '2013-09-23', 38, 133);
INSERT INTO episode (episode_id, title, description, releasedate, duration, season_season_id) VALUES (1329, 'Episode 9', 'Seeded episode', '2013-09-23', 39, 133);
INSERT INTO episode (episode_id, title, description, releasedate, duration, season_season_id) VALUES (1330, 'Episode 10', 'Seeded episode', '2013-09-23', 40, 133);
INSERT INTO season (season_id, title, releasedate, shows_shows_id) VALUES (134, 'Season 2', '2013-09-23', 67);
INSERT INTO episode (episode_id, title, description, releasedate, duration, season_season_id) VALUES (1331, 'Episode 1', 'Seeded episode', '2013-09-23', 31, 134);
INSERT INTO episode (episode_id, title, description, releasedate, duration, season_season_id) VALUES (1332, 'Episode 2', 'Seeded episode', '2013-09-23', 32, 134);
INSERT INTO episode (episode_id, title, description, releasedate, duration, season_season_id) VALUES (1333, 'Episode 3', 'Seeded episode', '2013-09-23', 33, 134);
INSERT INTO episode (episode_id, title, description, releasedate, duration, season_season_id) VALUES (1334, 'Episode 4', 'Seeded episode', '2013-09-23', 34, 134);
INSERT INTO episode (episode_id, title, description, releasedate, duration, season_season_id) VALUES (1335, 'Episode 5', 'Seeded episode', '2013-09-23', 35, 134);
INSERT INTO episode (episode_id, title, description, releasedate, duration, season_season_id) VALUES (1336, 'Episode 6', 'Seeded episode', '2013-09-23', 36, 134);
INSERT INTO episode (episode_id, title, description, releasedate, duration, season_season_id) VALUES (1337, 'Episode 7', 'Seeded episode', '2013-09-23', 37, 134);
INSERT INTO episode (episode_id, title, description, releasedate, duration, season_season_id) VALUES (1338, 'Episode 8', 'Seeded episode', '2013-09-23', 38, 134);
INSERT INTO episode (episode_id, title, description, releasedate, duration, season_season_id) VALUES (1339, 'Episode 9', 'Seeded episode', '2013-09-23', 39, 134);
INSERT INTO episode (episode_id, title, description, releasedate, duration, season_season_id) VALUES (1340, 'Episode 10', 'Seeded episode', '2013-09-23', 40, 134);

INSERT INTO content (content_id, originaltitle, title, description, rating, releasedate, thumbnail, type) VALUES (168, 'The Voice', 'The Voice', 'The Voice is a singing competition where famous musicians serve as coaches to mentor aspiring artists through a series of blind auditions, battles, and live performances, with the ultimate goal of finding and crowning America''s best new vocal talent.', 5.8, '2011-04-26', 'https://static.tvmaze.com/uploads/images/original_untouched/612/1530661.jpg', 'SHOW');
INSERT INTO shows (shows_id, content_content_id) VALUES (68, 168);
INSERT INTO season (season_id, title, releasedate, shows_shows_id) VALUES (135, 'Season 1', '2011-04-26', 68);
INSERT INTO episode (episode_id, title, description, releasedate, duration, season_season_id) VALUES (1341, 'Episode 1', 'Seeded episode', '2011-04-26', 31, 135);
INSERT INTO episode (episode_id, title, description, releasedate, duration, season_season_id) VALUES (1342, 'Episode 2', 'Seeded episode', '2011-04-26', 32, 135);
INSERT INTO episode (episode_id, title, description, releasedate, duration, season_season_id) VALUES (1343, 'Episode 3', 'Seeded episode', '2011-04-26', 33, 135);
INSERT INTO episode (episode_id, title, description, releasedate, duration, season_season_id) VALUES (1344, 'Episode 4', 'Seeded episode', '2011-04-26', 34, 135);
INSERT INTO episode (episode_id, title, description, releasedate, duration, season_season_id) VALUES (1345, 'Episode 5', 'Seeded episode', '2011-04-26', 35, 135);
INSERT INTO episode (episode_id, title, description, releasedate, duration, season_season_id) VALUES (1346, 'Episode 6', 'Seeded episode', '2011-04-26', 36, 135);
INSERT INTO episode (episode_id, title, description, releasedate, duration, season_season_id) VALUES (1347, 'Episode 7', 'Seeded episode', '2011-04-26', 37, 135);
INSERT INTO episode (episode_id, title, description, releasedate, duration, season_season_id) VALUES (1348, 'Episode 8', 'Seeded episode', '2011-04-26', 38, 135);
INSERT INTO episode (episode_id, title, description, releasedate, duration, season_season_id) VALUES (1349, 'Episode 9', 'Seeded episode', '2011-04-26', 39, 135);
INSERT INTO episode (episode_id, title, description, releasedate, duration, season_season_id) VALUES (1350, 'Episode 10', 'Seeded episode', '2011-04-26', 40, 135);
INSERT INTO season (season_id, title, releasedate, shows_shows_id) VALUES (136, 'Season 2', '2011-04-26', 68);
INSERT INTO episode (episode_id, title, description, releasedate, duration, season_season_id) VALUES (1351, 'Episode 1', 'Seeded episode', '2011-04-26', 31, 136);
INSERT INTO episode (episode_id, title, description, releasedate, duration, season_season_id) VALUES (1352, 'Episode 2', 'Seeded episode', '2011-04-26', 32, 136);
INSERT INTO episode (episode_id, title, description, releasedate, duration, season_season_id) VALUES (1353, 'Episode 3', 'Seeded episode', '2011-04-26', 33, 136);
INSERT INTO episode (episode_id, title, description, releasedate, duration, season_season_id) VALUES (1354, 'Episode 4', 'Seeded episode', '2011-04-26', 34, 136);
INSERT INTO episode (episode_id, title, description, releasedate, duration, season_season_id) VALUES (1355, 'Episode 5', 'Seeded episode', '2011-04-26', 35, 136);
INSERT INTO episode (episode_id, title, description, releasedate, duration, season_season_id) VALUES (1356, 'Episode 6', 'Seeded episode', '2011-04-26', 36, 136);
INSERT INTO episode (episode_id, title, description, releasedate, duration, season_season_id) VALUES (1357, 'Episode 7', 'Seeded episode', '2011-04-26', 37, 136);
INSERT INTO episode (episode_id, title, description, releasedate, duration, season_season_id) VALUES (1358, 'Episode 8', 'Seeded episode', '2011-04-26', 38, 136);
INSERT INTO episode (episode_id, title, description, releasedate, duration, season_season_id) VALUES (1359, 'Episode 9', 'Seeded episode', '2011-04-26', 39, 136);
INSERT INTO episode (episode_id, title, description, releasedate, duration, season_season_id) VALUES (1360, 'Episode 10', 'Seeded episode', '2011-04-26', 40, 136);

INSERT INTO content (content_id, originaltitle, title, description, rating, releasedate, thumbnail, type) VALUES (169, 'Dancing with the Stars', 'Dancing with the Stars', 'The hit series in which celebrities perform choreographed dance routines that are judged by a panel of renowned ballroom experts', 6.4, '2005-06-01', 'https://static.tvmaze.com/uploads/images/original_untouched/587/1469154.jpg', 'SHOW');
INSERT INTO shows (shows_id, content_content_id) VALUES (69, 169);
INSERT INTO season (season_id, title, releasedate, shows_shows_id) VALUES (137, 'Season 1', '2005-06-01', 69);
INSERT INTO episode (episode_id, title, description, releasedate, duration, season_season_id) VALUES (1361, 'Episode 1', 'Seeded episode', '2005-06-01', 31, 137);
INSERT INTO episode (episode_id, title, description, releasedate, duration, season_season_id) VALUES (1362, 'Episode 2', 'Seeded episode', '2005-06-01', 32, 137);
INSERT INTO episode (episode_id, title, description, releasedate, duration, season_season_id) VALUES (1363, 'Episode 3', 'Seeded episode', '2005-06-01', 33, 137);
INSERT INTO episode (episode_id, title, description, releasedate, duration, season_season_id) VALUES (1364, 'Episode 4', 'Seeded episode', '2005-06-01', 34, 137);
INSERT INTO episode (episode_id, title, description, releasedate, duration, season_season_id) VALUES (1365, 'Episode 5', 'Seeded episode', '2005-06-01', 35, 137);
INSERT INTO episode (episode_id, title, description, releasedate, duration, season_season_id) VALUES (1366, 'Episode 6', 'Seeded episode', '2005-06-01', 36, 137);
INSERT INTO episode (episode_id, title, description, releasedate, duration, season_season_id) VALUES (1367, 'Episode 7', 'Seeded episode', '2005-06-01', 37, 137);
INSERT INTO episode (episode_id, title, description, releasedate, duration, season_season_id) VALUES (1368, 'Episode 8', 'Seeded episode', '2005-06-01', 38, 137);
INSERT INTO episode (episode_id, title, description, releasedate, duration, season_season_id) VALUES (1369, 'Episode 9', 'Seeded episode', '2005-06-01', 39, 137);
INSERT INTO episode (episode_id, title, description, releasedate, duration, season_season_id) VALUES (1370, 'Episode 10', 'Seeded episode', '2005-06-01', 40, 137);
INSERT INTO season (season_id, title, releasedate, shows_shows_id) VALUES (138, 'Season 2', '2005-06-01', 69);
INSERT INTO episode (episode_id, title, description, releasedate, duration, season_season_id) VALUES (1371, 'Episode 1', 'Seeded episode', '2005-06-01', 31, 138);
INSERT INTO episode (episode_id, title, description, releasedate, duration, season_season_id) VALUES (1372, 'Episode 2', 'Seeded episode', '2005-06-01', 32, 138);
INSERT INTO episode (episode_id, title, description, releasedate, duration, season_season_id) VALUES (1373, 'Episode 3', 'Seeded episode', '2005-06-01', 33, 138);
INSERT INTO episode (episode_id, title, description, releasedate, duration, season_season_id) VALUES (1374, 'Episode 4', 'Seeded episode', '2005-06-01', 34, 138);
INSERT INTO episode (episode_id, title, description, releasedate, duration, season_season_id) VALUES (1375, 'Episode 5', 'Seeded episode', '2005-06-01', 35, 138);
INSERT INTO episode (episode_id, title, description, releasedate, duration, season_season_id) VALUES (1376, 'Episode 6', 'Seeded episode', '2005-06-01', 36, 138);
INSERT INTO episode (episode_id, title, description, releasedate, duration, season_season_id) VALUES (1377, 'Episode 7', 'Seeded episode', '2005-06-01', 37, 138);
INSERT INTO episode (episode_id, title, description, releasedate, duration, season_season_id) VALUES (1378, 'Episode 8', 'Seeded episode', '2005-06-01', 38, 138);
INSERT INTO episode (episode_id, title, description, releasedate, duration, season_season_id) VALUES (1379, 'Episode 9', 'Seeded episode', '2005-06-01', 39, 138);
INSERT INTO episode (episode_id, title, description, releasedate, duration, season_season_id) VALUES (1380, 'Episode 10', 'Seeded episode', '2005-06-01', 40, 138);

INSERT INTO content (content_id, originaltitle, title, description, rating, releasedate, thumbnail, type) VALUES (170, 'NCIS: Los Angeles', 'NCIS: Los Angeles', 'NCIS: Los Angeles is a drama about the high-stakes world of a division of NCIS that is charged with apprehending dangerous and elusive criminals that pose a threat to the nation''s security. By assuming false identities and utilizing the most advanced technology, this team of highly-trained agents goes deep undercover, putting their lives on the line in the field to bring down their targets.', 7.9, '2009-09-22', 'https://static.tvmaze.com/uploads/images/original_untouched/444/1110924.jpg', 'SHOW');
INSERT INTO shows (shows_id, content_content_id) VALUES (70, 170);
INSERT INTO season (season_id, title, releasedate, shows_shows_id) VALUES (139, 'Season 1', '2009-09-22', 70);
INSERT INTO episode (episode_id, title, description, releasedate, duration, season_season_id) VALUES (1381, 'Episode 1', 'Seeded episode', '2009-09-22', 31, 139);
INSERT INTO episode (episode_id, title, description, releasedate, duration, season_season_id) VALUES (1382, 'Episode 2', 'Seeded episode', '2009-09-22', 32, 139);
INSERT INTO episode (episode_id, title, description, releasedate, duration, season_season_id) VALUES (1383, 'Episode 3', 'Seeded episode', '2009-09-22', 33, 139);
INSERT INTO episode (episode_id, title, description, releasedate, duration, season_season_id) VALUES (1384, 'Episode 4', 'Seeded episode', '2009-09-22', 34, 139);
INSERT INTO episode (episode_id, title, description, releasedate, duration, season_season_id) VALUES (1385, 'Episode 5', 'Seeded episode', '2009-09-22', 35, 139);
INSERT INTO episode (episode_id, title, description, releasedate, duration, season_season_id) VALUES (1386, 'Episode 6', 'Seeded episode', '2009-09-22', 36, 139);
INSERT INTO episode (episode_id, title, description, releasedate, duration, season_season_id) VALUES (1387, 'Episode 7', 'Seeded episode', '2009-09-22', 37, 139);
INSERT INTO episode (episode_id, title, description, releasedate, duration, season_season_id) VALUES (1388, 'Episode 8', 'Seeded episode', '2009-09-22', 38, 139);
INSERT INTO episode (episode_id, title, description, releasedate, duration, season_season_id) VALUES (1389, 'Episode 9', 'Seeded episode', '2009-09-22', 39, 139);
INSERT INTO episode (episode_id, title, description, releasedate, duration, season_season_id) VALUES (1390, 'Episode 10', 'Seeded episode', '2009-09-22', 40, 139);
INSERT INTO season (season_id, title, releasedate, shows_shows_id) VALUES (140, 'Season 2', '2009-09-22', 70);
INSERT INTO episode (episode_id, title, description, releasedate, duration, season_season_id) VALUES (1391, 'Episode 1', 'Seeded episode', '2009-09-22', 31, 140);
INSERT INTO episode (episode_id, title, description, releasedate, duration, season_season_id) VALUES (1392, 'Episode 2', 'Seeded episode', '2009-09-22', 32, 140);
INSERT INTO episode (episode_id, title, description, releasedate, duration, season_season_id) VALUES (1393, 'Episode 3', 'Seeded episode', '2009-09-22', 33, 140);
INSERT INTO episode (episode_id, title, description, releasedate, duration, season_season_id) VALUES (1394, 'Episode 4', 'Seeded episode', '2009-09-22', 34, 140);
INSERT INTO episode (episode_id, title, description, releasedate, duration, season_season_id) VALUES (1395, 'Episode 5', 'Seeded episode', '2009-09-22', 35, 140);
INSERT INTO episode (episode_id, title, description, releasedate, duration, season_season_id) VALUES (1396, 'Episode 6', 'Seeded episode', '2009-09-22', 36, 140);
INSERT INTO episode (episode_id, title, description, releasedate, duration, season_season_id) VALUES (1397, 'Episode 7', 'Seeded episode', '2009-09-22', 37, 140);
INSERT INTO episode (episode_id, title, description, releasedate, duration, season_season_id) VALUES (1398, 'Episode 8', 'Seeded episode', '2009-09-22', 38, 140);
INSERT INTO episode (episode_id, title, description, releasedate, duration, season_season_id) VALUES (1399, 'Episode 9', 'Seeded episode', '2009-09-22', 39, 140);
INSERT INTO episode (episode_id, title, description, releasedate, duration, season_season_id) VALUES (1400, 'Episode 10', 'Seeded episode', '2009-09-22', 40, 140);

INSERT INTO content (content_id, originaltitle, title, description, rating, releasedate, thumbnail, type) VALUES (171, 'The Walking Dead', 'The Walking Dead', 'The Walking Dead tells the story of the months and years that follow after a zombie apocalypse. It follows a group of survivors, led by former police officer Rick Grimes, who travel in search of a safe and secure home. As the world overrun by the dead takes its toll on the survivors, their interpersonal conflicts present a greater danger to their continuing survival than the walkers that roam the country. Over time, the characters are changed by the constant exposure to death and some grow willing to do anything to survive.Based on the comic book series of the same name by Robert Kirkman, Tony Moore, and Charlie Adlard.', 8.0, '2010-10-31', 'https://static.tvmaze.com/uploads/images/original_untouched/424/1061900.jpg', 'SHOW');
INSERT INTO shows (shows_id, content_content_id) VALUES (71, 171);
INSERT INTO season (season_id, title, releasedate, shows_shows_id) VALUES (141, 'Season 1', '2010-10-31', 71);
INSERT INTO episode (episode_id, title, description, releasedate, duration, season_season_id) VALUES (1401, 'Episode 1', 'Seeded episode', '2010-10-31', 31, 141);
INSERT INTO episode (episode_id, title, description, releasedate, duration, season_season_id) VALUES (1402, 'Episode 2', 'Seeded episode', '2010-10-31', 32, 141);
INSERT INTO episode (episode_id, title, description, releasedate, duration, season_season_id) VALUES (1403, 'Episode 3', 'Seeded episode', '2010-10-31', 33, 141);
INSERT INTO episode (episode_id, title, description, releasedate, duration, season_season_id) VALUES (1404, 'Episode 4', 'Seeded episode', '2010-10-31', 34, 141);
INSERT INTO episode (episode_id, title, description, releasedate, duration, season_season_id) VALUES (1405, 'Episode 5', 'Seeded episode', '2010-10-31', 35, 141);
INSERT INTO episode (episode_id, title, description, releasedate, duration, season_season_id) VALUES (1406, 'Episode 6', 'Seeded episode', '2010-10-31', 36, 141);
INSERT INTO episode (episode_id, title, description, releasedate, duration, season_season_id) VALUES (1407, 'Episode 7', 'Seeded episode', '2010-10-31', 37, 141);
INSERT INTO episode (episode_id, title, description, releasedate, duration, season_season_id) VALUES (1408, 'Episode 8', 'Seeded episode', '2010-10-31', 38, 141);
INSERT INTO episode (episode_id, title, description, releasedate, duration, season_season_id) VALUES (1409, 'Episode 9', 'Seeded episode', '2010-10-31', 39, 141);
INSERT INTO episode (episode_id, title, description, releasedate, duration, season_season_id) VALUES (1410, 'Episode 10', 'Seeded episode', '2010-10-31', 40, 141);
INSERT INTO season (season_id, title, releasedate, shows_shows_id) VALUES (142, 'Season 2', '2010-10-31', 71);
INSERT INTO episode (episode_id, title, description, releasedate, duration, season_season_id) VALUES (1411, 'Episode 1', 'Seeded episode', '2010-10-31', 31, 142);
INSERT INTO episode (episode_id, title, description, releasedate, duration, season_season_id) VALUES (1412, 'Episode 2', 'Seeded episode', '2010-10-31', 32, 142);
INSERT INTO episode (episode_id, title, description, releasedate, duration, season_season_id) VALUES (1413, 'Episode 3', 'Seeded episode', '2010-10-31', 33, 142);
INSERT INTO episode (episode_id, title, description, releasedate, duration, season_season_id) VALUES (1414, 'Episode 4', 'Seeded episode', '2010-10-31', 34, 142);
INSERT INTO episode (episode_id, title, description, releasedate, duration, season_season_id) VALUES (1415, 'Episode 5', 'Seeded episode', '2010-10-31', 35, 142);
INSERT INTO episode (episode_id, title, description, releasedate, duration, season_season_id) VALUES (1416, 'Episode 6', 'Seeded episode', '2010-10-31', 36, 142);
INSERT INTO episode (episode_id, title, description, releasedate, duration, season_season_id) VALUES (1417, 'Episode 7', 'Seeded episode', '2010-10-31', 37, 142);
INSERT INTO episode (episode_id, title, description, releasedate, duration, season_season_id) VALUES (1418, 'Episode 8', 'Seeded episode', '2010-10-31', 38, 142);
INSERT INTO episode (episode_id, title, description, releasedate, duration, season_season_id) VALUES (1419, 'Episode 9', 'Seeded episode', '2010-10-31', 39, 142);
INSERT INTO episode (episode_id, title, description, releasedate, duration, season_season_id) VALUES (1420, 'Episode 10', 'Seeded episode', '2010-10-31', 40, 142);

INSERT INTO content (content_id, originaltitle, title, description, rating, releasedate, thumbnail, type) VALUES (172, 'Hell on Wheels', 'Hell on Wheels', 'Hell on Wheels is an American Western television series about the construction of the First Transcontinental Railroad across the United States. The series follows the Union Pacific Railroad and its surveyors, laborers, prostitutes, mercenaries, and others who lived, worked and died in the mobile encampment called "Hell on Wheels" that followed the railhead west across the Great Plains. In particular, the story focuses on Cullen Bohannon, a former Confederate soldier who, while working as foreman and chief engineer on the railroad, initially attempts to track down the Union soldiers who murdered his wife and young son during the American Civil War.', 8.2, '2011-11-06', 'https://static.tvmaze.com/uploads/images/original_untouched/0/526.jpg', 'SHOW');
INSERT INTO shows (shows_id, content_content_id) VALUES (72, 172);
INSERT INTO season (season_id, title, releasedate, shows_shows_id) VALUES (143, 'Season 1', '2011-11-06', 72);
INSERT INTO episode (episode_id, title, description, releasedate, duration, season_season_id) VALUES (1421, 'Episode 1', 'Seeded episode', '2011-11-06', 31, 143);
INSERT INTO episode (episode_id, title, description, releasedate, duration, season_season_id) VALUES (1422, 'Episode 2', 'Seeded episode', '2011-11-06', 32, 143);
INSERT INTO episode (episode_id, title, description, releasedate, duration, season_season_id) VALUES (1423, 'Episode 3', 'Seeded episode', '2011-11-06', 33, 143);
INSERT INTO episode (episode_id, title, description, releasedate, duration, season_season_id) VALUES (1424, 'Episode 4', 'Seeded episode', '2011-11-06', 34, 143);
INSERT INTO episode (episode_id, title, description, releasedate, duration, season_season_id) VALUES (1425, 'Episode 5', 'Seeded episode', '2011-11-06', 35, 143);
INSERT INTO episode (episode_id, title, description, releasedate, duration, season_season_id) VALUES (1426, 'Episode 6', 'Seeded episode', '2011-11-06', 36, 143);
INSERT INTO episode (episode_id, title, description, releasedate, duration, season_season_id) VALUES (1427, 'Episode 7', 'Seeded episode', '2011-11-06', 37, 143);
INSERT INTO episode (episode_id, title, description, releasedate, duration, season_season_id) VALUES (1428, 'Episode 8', 'Seeded episode', '2011-11-06', 38, 143);
INSERT INTO episode (episode_id, title, description, releasedate, duration, season_season_id) VALUES (1429, 'Episode 9', 'Seeded episode', '2011-11-06', 39, 143);
INSERT INTO episode (episode_id, title, description, releasedate, duration, season_season_id) VALUES (1430, 'Episode 10', 'Seeded episode', '2011-11-06', 40, 143);
INSERT INTO season (season_id, title, releasedate, shows_shows_id) VALUES (144, 'Season 2', '2011-11-06', 72);
INSERT INTO episode (episode_id, title, description, releasedate, duration, season_season_id) VALUES (1431, 'Episode 1', 'Seeded episode', '2011-11-06', 31, 144);
INSERT INTO episode (episode_id, title, description, releasedate, duration, season_season_id) VALUES (1432, 'Episode 2', 'Seeded episode', '2011-11-06', 32, 144);
INSERT INTO episode (episode_id, title, description, releasedate, duration, season_season_id) VALUES (1433, 'Episode 3', 'Seeded episode', '2011-11-06', 33, 144);
INSERT INTO episode (episode_id, title, description, releasedate, duration, season_season_id) VALUES (1434, 'Episode 4', 'Seeded episode', '2011-11-06', 34, 144);
INSERT INTO episode (episode_id, title, description, releasedate, duration, season_season_id) VALUES (1435, 'Episode 5', 'Seeded episode', '2011-11-06', 35, 144);
INSERT INTO episode (episode_id, title, description, releasedate, duration, season_season_id) VALUES (1436, 'Episode 6', 'Seeded episode', '2011-11-06', 36, 144);
INSERT INTO episode (episode_id, title, description, releasedate, duration, season_season_id) VALUES (1437, 'Episode 7', 'Seeded episode', '2011-11-06', 37, 144);
INSERT INTO episode (episode_id, title, description, releasedate, duration, season_season_id) VALUES (1438, 'Episode 8', 'Seeded episode', '2011-11-06', 38, 144);
INSERT INTO episode (episode_id, title, description, releasedate, duration, season_season_id) VALUES (1439, 'Episode 9', 'Seeded episode', '2011-11-06', 39, 144);
INSERT INTO episode (episode_id, title, description, releasedate, duration, season_season_id) VALUES (1440, 'Episode 10', 'Seeded episode', '2011-11-06', 40, 144);

INSERT INTO content (content_id, originaltitle, title, description, rating, releasedate, thumbnail, type) VALUES (173, 'The Mindy Project', 'The Mindy Project', 'The Mindy Project is a single-camera comedy series which follows a skilled OB/GYN navigating the tricky waters of both her personal and professional life.', 7.0, '2012-09-25', 'https://static.tvmaze.com/uploads/images/original_untouched/485/1213297.jpg', 'SHOW');
INSERT INTO shows (shows_id, content_content_id) VALUES (73, 173);
INSERT INTO season (season_id, title, releasedate, shows_shows_id) VALUES (145, 'Season 1', '2012-09-25', 73);
INSERT INTO episode (episode_id, title, description, releasedate, duration, season_season_id) VALUES (1441, 'Episode 1', 'Seeded episode', '2012-09-25', 31, 145);
INSERT INTO episode (episode_id, title, description, releasedate, duration, season_season_id) VALUES (1442, 'Episode 2', 'Seeded episode', '2012-09-25', 32, 145);
INSERT INTO episode (episode_id, title, description, releasedate, duration, season_season_id) VALUES (1443, 'Episode 3', 'Seeded episode', '2012-09-25', 33, 145);
INSERT INTO episode (episode_id, title, description, releasedate, duration, season_season_id) VALUES (1444, 'Episode 4', 'Seeded episode', '2012-09-25', 34, 145);
INSERT INTO episode (episode_id, title, description, releasedate, duration, season_season_id) VALUES (1445, 'Episode 5', 'Seeded episode', '2012-09-25', 35, 145);
INSERT INTO episode (episode_id, title, description, releasedate, duration, season_season_id) VALUES (1446, 'Episode 6', 'Seeded episode', '2012-09-25', 36, 145);
INSERT INTO episode (episode_id, title, description, releasedate, duration, season_season_id) VALUES (1447, 'Episode 7', 'Seeded episode', '2012-09-25', 37, 145);
INSERT INTO episode (episode_id, title, description, releasedate, duration, season_season_id) VALUES (1448, 'Episode 8', 'Seeded episode', '2012-09-25', 38, 145);
INSERT INTO episode (episode_id, title, description, releasedate, duration, season_season_id) VALUES (1449, 'Episode 9', 'Seeded episode', '2012-09-25', 39, 145);
INSERT INTO episode (episode_id, title, description, releasedate, duration, season_season_id) VALUES (1450, 'Episode 10', 'Seeded episode', '2012-09-25', 40, 145);
INSERT INTO season (season_id, title, releasedate, shows_shows_id) VALUES (146, 'Season 2', '2012-09-25', 73);
INSERT INTO episode (episode_id, title, description, releasedate, duration, season_season_id) VALUES (1451, 'Episode 1', 'Seeded episode', '2012-09-25', 31, 146);
INSERT INTO episode (episode_id, title, description, releasedate, duration, season_season_id) VALUES (1452, 'Episode 2', 'Seeded episode', '2012-09-25', 32, 146);
INSERT INTO episode (episode_id, title, description, releasedate, duration, season_season_id) VALUES (1453, 'Episode 3', 'Seeded episode', '2012-09-25', 33, 146);
INSERT INTO episode (episode_id, title, description, releasedate, duration, season_season_id) VALUES (1454, 'Episode 4', 'Seeded episode', '2012-09-25', 34, 146);
INSERT INTO episode (episode_id, title, description, releasedate, duration, season_season_id) VALUES (1455, 'Episode 5', 'Seeded episode', '2012-09-25', 35, 146);
INSERT INTO episode (episode_id, title, description, releasedate, duration, season_season_id) VALUES (1456, 'Episode 6', 'Seeded episode', '2012-09-25', 36, 146);
INSERT INTO episode (episode_id, title, description, releasedate, duration, season_season_id) VALUES (1457, 'Episode 7', 'Seeded episode', '2012-09-25', 37, 146);
INSERT INTO episode (episode_id, title, description, releasedate, duration, season_season_id) VALUES (1458, 'Episode 8', 'Seeded episode', '2012-09-25', 38, 146);
INSERT INTO episode (episode_id, title, description, releasedate, duration, season_season_id) VALUES (1459, 'Episode 9', 'Seeded episode', '2012-09-25', 39, 146);
INSERT INTO episode (episode_id, title, description, releasedate, duration, season_season_id) VALUES (1460, 'Episode 10', 'Seeded episode', '2012-09-25', 40, 146);

INSERT INTO content (content_id, originaltitle, title, description, rating, releasedate, thumbnail, type) VALUES (174, 'Sons of Anarchy', 'Sons of Anarchy', 'Sons of Anarchy is an American television drama series created by Kurt Sutter, about the lives of a close-knit outlaw motorcycle club operating in Charming, a fictional town in California''s Central Valley. The show centers on protagonist Jackson "Jax" Teller (Charlie Hunnam), initially the vice president of the club, who begins questioning the club and himself.', 8.3, '2008-09-03', 'https://static.tvmaze.com/uploads/images/original_untouched/495/1239905.jpg', 'SHOW');
INSERT INTO shows (shows_id, content_content_id) VALUES (74, 174);
INSERT INTO season (season_id, title, releasedate, shows_shows_id) VALUES (147, 'Season 1', '2008-09-03', 74);
INSERT INTO episode (episode_id, title, description, releasedate, duration, season_season_id) VALUES (1461, 'Episode 1', 'Seeded episode', '2008-09-03', 31, 147);
INSERT INTO episode (episode_id, title, description, releasedate, duration, season_season_id) VALUES (1462, 'Episode 2', 'Seeded episode', '2008-09-03', 32, 147);
INSERT INTO episode (episode_id, title, description, releasedate, duration, season_season_id) VALUES (1463, 'Episode 3', 'Seeded episode', '2008-09-03', 33, 147);
INSERT INTO episode (episode_id, title, description, releasedate, duration, season_season_id) VALUES (1464, 'Episode 4', 'Seeded episode', '2008-09-03', 34, 147);
INSERT INTO episode (episode_id, title, description, releasedate, duration, season_season_id) VALUES (1465, 'Episode 5', 'Seeded episode', '2008-09-03', 35, 147);
INSERT INTO episode (episode_id, title, description, releasedate, duration, season_season_id) VALUES (1466, 'Episode 6', 'Seeded episode', '2008-09-03', 36, 147);
INSERT INTO episode (episode_id, title, description, releasedate, duration, season_season_id) VALUES (1467, 'Episode 7', 'Seeded episode', '2008-09-03', 37, 147);
INSERT INTO episode (episode_id, title, description, releasedate, duration, season_season_id) VALUES (1468, 'Episode 8', 'Seeded episode', '2008-09-03', 38, 147);
INSERT INTO episode (episode_id, title, description, releasedate, duration, season_season_id) VALUES (1469, 'Episode 9', 'Seeded episode', '2008-09-03', 39, 147);
INSERT INTO episode (episode_id, title, description, releasedate, duration, season_season_id) VALUES (1470, 'Episode 10', 'Seeded episode', '2008-09-03', 40, 147);
INSERT INTO season (season_id, title, releasedate, shows_shows_id) VALUES (148, 'Season 2', '2008-09-03', 74);
INSERT INTO episode (episode_id, title, description, releasedate, duration, season_season_id) VALUES (1471, 'Episode 1', 'Seeded episode', '2008-09-03', 31, 148);
INSERT INTO episode (episode_id, title, description, releasedate, duration, season_season_id) VALUES (1472, 'Episode 2', 'Seeded episode', '2008-09-03', 32, 148);
INSERT INTO episode (episode_id, title, description, releasedate, duration, season_season_id) VALUES (1473, 'Episode 3', 'Seeded episode', '2008-09-03', 33, 148);
INSERT INTO episode (episode_id, title, description, releasedate, duration, season_season_id) VALUES (1474, 'Episode 4', 'Seeded episode', '2008-09-03', 34, 148);
INSERT INTO episode (episode_id, title, description, releasedate, duration, season_season_id) VALUES (1475, 'Episode 5', 'Seeded episode', '2008-09-03', 35, 148);
INSERT INTO episode (episode_id, title, description, releasedate, duration, season_season_id) VALUES (1476, 'Episode 6', 'Seeded episode', '2008-09-03', 36, 148);
INSERT INTO episode (episode_id, title, description, releasedate, duration, season_season_id) VALUES (1477, 'Episode 7', 'Seeded episode', '2008-09-03', 37, 148);
INSERT INTO episode (episode_id, title, description, releasedate, duration, season_season_id) VALUES (1478, 'Episode 8', 'Seeded episode', '2008-09-03', 38, 148);
INSERT INTO episode (episode_id, title, description, releasedate, duration, season_season_id) VALUES (1479, 'Episode 9', 'Seeded episode', '2008-09-03', 39, 148);
INSERT INTO episode (episode_id, title, description, releasedate, duration, season_season_id) VALUES (1480, 'Episode 10', 'Seeded episode', '2008-09-03', 40, 148);

INSERT INTO content (content_id, originaltitle, title, description, rating, releasedate, thumbnail, type) VALUES (175, 'The Middle', 'The Middle', 'Forget about athletes, movie stars and politicians. Parents are the real heroes - but we think Frankie Heck, must be some kind of superhero. A loving wife and mother of three, she''s middle class in the middle of the country and is rapidly approaching middle age.Frankie and her husband, Mike, have lived in Orson, Indiana, their whole lives. A man of few words (every one a zinger), Mike is a manager at the town quarry and Frankie is the third-best used car salesman (out of the three) at the local dealership. She may not be a high-powered career woman, but when it comes to her family, she''ll go to just about any length. And with kids like these, she had better. There''s Axl, her semi-nudist teenage son conceived while under the influence of Guns N'' Roses; Sue, the awkward teenage daughter who fails at everything... but with the utmost of gusto; and their seven-year-old son Brick, whose best friend is his backpack.Sometimes it seems like everyone is trying to get to the top, or struggling not to hit bottom, but we think Frankie and her family will find a lot of love, and a lot of laughs, somewhere in The Middle.', 8.0, '2009-09-30', 'https://static.tvmaze.com/uploads/images/original_untouched/605/1514143.jpg', 'SHOW');
INSERT INTO shows (shows_id, content_content_id) VALUES (75, 175);
INSERT INTO season (season_id, title, releasedate, shows_shows_id) VALUES (149, 'Season 1', '2009-09-30', 75);
INSERT INTO episode (episode_id, title, description, releasedate, duration, season_season_id) VALUES (1481, 'Episode 1', 'Seeded episode', '2009-09-30', 31, 149);
INSERT INTO episode (episode_id, title, description, releasedate, duration, season_season_id) VALUES (1482, 'Episode 2', 'Seeded episode', '2009-09-30', 32, 149);
INSERT INTO episode (episode_id, title, description, releasedate, duration, season_season_id) VALUES (1483, 'Episode 3', 'Seeded episode', '2009-09-30', 33, 149);
INSERT INTO episode (episode_id, title, description, releasedate, duration, season_season_id) VALUES (1484, 'Episode 4', 'Seeded episode', '2009-09-30', 34, 149);
INSERT INTO episode (episode_id, title, description, releasedate, duration, season_season_id) VALUES (1485, 'Episode 5', 'Seeded episode', '2009-09-30', 35, 149);
INSERT INTO episode (episode_id, title, description, releasedate, duration, season_season_id) VALUES (1486, 'Episode 6', 'Seeded episode', '2009-09-30', 36, 149);
INSERT INTO episode (episode_id, title, description, releasedate, duration, season_season_id) VALUES (1487, 'Episode 7', 'Seeded episode', '2009-09-30', 37, 149);
INSERT INTO episode (episode_id, title, description, releasedate, duration, season_season_id) VALUES (1488, 'Episode 8', 'Seeded episode', '2009-09-30', 38, 149);
INSERT INTO episode (episode_id, title, description, releasedate, duration, season_season_id) VALUES (1489, 'Episode 9', 'Seeded episode', '2009-09-30', 39, 149);
INSERT INTO episode (episode_id, title, description, releasedate, duration, season_season_id) VALUES (1490, 'Episode 10', 'Seeded episode', '2009-09-30', 40, 149);
INSERT INTO season (season_id, title, releasedate, shows_shows_id) VALUES (150, 'Season 2', '2009-09-30', 75);
INSERT INTO episode (episode_id, title, description, releasedate, duration, season_season_id) VALUES (1491, 'Episode 1', 'Seeded episode', '2009-09-30', 31, 150);
INSERT INTO episode (episode_id, title, description, releasedate, duration, season_season_id) VALUES (1492, 'Episode 2', 'Seeded episode', '2009-09-30', 32, 150);
INSERT INTO episode (episode_id, title, description, releasedate, duration, season_season_id) VALUES (1493, 'Episode 3', 'Seeded episode', '2009-09-30', 33, 150);
INSERT INTO episode (episode_id, title, description, releasedate, duration, season_season_id) VALUES (1494, 'Episode 4', 'Seeded episode', '2009-09-30', 34, 150);
INSERT INTO episode (episode_id, title, description, releasedate, duration, season_season_id) VALUES (1495, 'Episode 5', 'Seeded episode', '2009-09-30', 35, 150);
INSERT INTO episode (episode_id, title, description, releasedate, duration, season_season_id) VALUES (1496, 'Episode 6', 'Seeded episode', '2009-09-30', 36, 150);
INSERT INTO episode (episode_id, title, description, releasedate, duration, season_season_id) VALUES (1497, 'Episode 7', 'Seeded episode', '2009-09-30', 37, 150);
INSERT INTO episode (episode_id, title, description, releasedate, duration, season_season_id) VALUES (1498, 'Episode 8', 'Seeded episode', '2009-09-30', 38, 150);
INSERT INTO episode (episode_id, title, description, releasedate, duration, season_season_id) VALUES (1499, 'Episode 9', 'Seeded episode', '2009-09-30', 39, 150);
INSERT INTO episode (episode_id, title, description, releasedate, duration, season_season_id) VALUES (1500, 'Episode 10', 'Seeded episode', '2009-09-30', 40, 150);

INSERT INTO content (content_id, originaltitle, title, description, rating, releasedate, thumbnail, type) VALUES (176, 'The Mysteries of Laura', 'The Mysteries of Laura', 'Laura Diamond is a brilliant NYPD homicide detective who balances her "Columbo" day job with a crazy family life that includes two unruly twin boys and a soon-to-be ex-husband - also a cop - who just can''t seem to sign the divorce papers. Between cleaning up after her boys and cleaning up the streets, she''d be the first to admit she has her "hot mess" moments in this hilariously authentic look at what it really means to be a working mom today. Somehow, she makes it all work with the help of her sexy and understanding partner, and things becomes even more complicated when her husband becomes her boss at the precinct. For Laura, every day is a high-wire balancing act.', 7.3, '2014-09-17', 'https://static.tvmaze.com/uploads/images/original_untouched/0/568.jpg', 'SHOW');
INSERT INTO shows (shows_id, content_content_id) VALUES (76, 176);
INSERT INTO season (season_id, title, releasedate, shows_shows_id) VALUES (151, 'Season 1', '2014-09-17', 76);
INSERT INTO episode (episode_id, title, description, releasedate, duration, season_season_id) VALUES (1501, 'Episode 1', 'Seeded episode', '2014-09-17', 31, 151);
INSERT INTO episode (episode_id, title, description, releasedate, duration, season_season_id) VALUES (1502, 'Episode 2', 'Seeded episode', '2014-09-17', 32, 151);
INSERT INTO episode (episode_id, title, description, releasedate, duration, season_season_id) VALUES (1503, 'Episode 3', 'Seeded episode', '2014-09-17', 33, 151);
INSERT INTO episode (episode_id, title, description, releasedate, duration, season_season_id) VALUES (1504, 'Episode 4', 'Seeded episode', '2014-09-17', 34, 151);
INSERT INTO episode (episode_id, title, description, releasedate, duration, season_season_id) VALUES (1505, 'Episode 5', 'Seeded episode', '2014-09-17', 35, 151);
INSERT INTO episode (episode_id, title, description, releasedate, duration, season_season_id) VALUES (1506, 'Episode 6', 'Seeded episode', '2014-09-17', 36, 151);
INSERT INTO episode (episode_id, title, description, releasedate, duration, season_season_id) VALUES (1507, 'Episode 7', 'Seeded episode', '2014-09-17', 37, 151);
INSERT INTO episode (episode_id, title, description, releasedate, duration, season_season_id) VALUES (1508, 'Episode 8', 'Seeded episode', '2014-09-17', 38, 151);
INSERT INTO episode (episode_id, title, description, releasedate, duration, season_season_id) VALUES (1509, 'Episode 9', 'Seeded episode', '2014-09-17', 39, 151);
INSERT INTO episode (episode_id, title, description, releasedate, duration, season_season_id) VALUES (1510, 'Episode 10', 'Seeded episode', '2014-09-17', 40, 151);
INSERT INTO season (season_id, title, releasedate, shows_shows_id) VALUES (152, 'Season 2', '2014-09-17', 76);
INSERT INTO episode (episode_id, title, description, releasedate, duration, season_season_id) VALUES (1511, 'Episode 1', 'Seeded episode', '2014-09-17', 31, 152);
INSERT INTO episode (episode_id, title, description, releasedate, duration, season_season_id) VALUES (1512, 'Episode 2', 'Seeded episode', '2014-09-17', 32, 152);
INSERT INTO episode (episode_id, title, description, releasedate, duration, season_season_id) VALUES (1513, 'Episode 3', 'Seeded episode', '2014-09-17', 33, 152);
INSERT INTO episode (episode_id, title, description, releasedate, duration, season_season_id) VALUES (1514, 'Episode 4', 'Seeded episode', '2014-09-17', 34, 152);
INSERT INTO episode (episode_id, title, description, releasedate, duration, season_season_id) VALUES (1515, 'Episode 5', 'Seeded episode', '2014-09-17', 35, 152);
INSERT INTO episode (episode_id, title, description, releasedate, duration, season_season_id) VALUES (1516, 'Episode 6', 'Seeded episode', '2014-09-17', 36, 152);
INSERT INTO episode (episode_id, title, description, releasedate, duration, season_season_id) VALUES (1517, 'Episode 7', 'Seeded episode', '2014-09-17', 37, 152);
INSERT INTO episode (episode_id, title, description, releasedate, duration, season_season_id) VALUES (1518, 'Episode 8', 'Seeded episode', '2014-09-17', 38, 152);
INSERT INTO episode (episode_id, title, description, releasedate, duration, season_season_id) VALUES (1519, 'Episode 9', 'Seeded episode', '2014-09-17', 39, 152);
INSERT INTO episode (episode_id, title, description, releasedate, duration, season_season_id) VALUES (1520, 'Episode 10', 'Seeded episode', '2014-09-17', 40, 152);

INSERT INTO content (content_id, originaltitle, title, description, rating, releasedate, thumbnail, type) VALUES (177, 'The Goldbergs', 'The Goldbergs', 'Before there were parenting blogs, trophies for showing up and peanut allergies, there was a simpler time called the ''80s. For geeky and movie obsessed youngest child Adam, these were his wonder years, and he faced them armed with a video camera to capture all the crazy. The Goldbergs are a loving family like any other -- just with a lot more yelling. Mom Beverly is a classic "smother," an overbearing, overprotective matriarch who loves her delicious kids, but still rules this brood with 100% authority and zero sense of boundaries. Dad Murray is gruff and sometimes oblivious, parenting with half his attention span but all his heart. Sister Erica is popular and terrifying, doing her best to cover up that she''s the smartest of the clan. Barry is a passionate dreamer, who maybe dreams a little too big and who always gets the short end of the stick. Adam is the youngest, a camera-wielding future director who''s navigating first love, and growing up with his family. Rounding out the family is beloved grandfather Al "Pops" Solomon, the wild man of the clan, a shameless Don Juan who''s learning as much from his family as he teaches them.', 7.5, '2013-09-24', 'https://static.tvmaze.com/uploads/images/original_untouched/442/1105185.jpg', 'SHOW');
INSERT INTO shows (shows_id, content_content_id) VALUES (77, 177);
INSERT INTO season (season_id, title, releasedate, shows_shows_id) VALUES (153, 'Season 1', '2013-09-24', 77);
INSERT INTO episode (episode_id, title, description, releasedate, duration, season_season_id) VALUES (1521, 'Episode 1', 'Seeded episode', '2013-09-24', 31, 153);
INSERT INTO episode (episode_id, title, description, releasedate, duration, season_season_id) VALUES (1522, 'Episode 2', 'Seeded episode', '2013-09-24', 32, 153);
INSERT INTO episode (episode_id, title, description, releasedate, duration, season_season_id) VALUES (1523, 'Episode 3', 'Seeded episode', '2013-09-24', 33, 153);
INSERT INTO episode (episode_id, title, description, releasedate, duration, season_season_id) VALUES (1524, 'Episode 4', 'Seeded episode', '2013-09-24', 34, 153);
INSERT INTO episode (episode_id, title, description, releasedate, duration, season_season_id) VALUES (1525, 'Episode 5', 'Seeded episode', '2013-09-24', 35, 153);
INSERT INTO episode (episode_id, title, description, releasedate, duration, season_season_id) VALUES (1526, 'Episode 6', 'Seeded episode', '2013-09-24', 36, 153);
INSERT INTO episode (episode_id, title, description, releasedate, duration, season_season_id) VALUES (1527, 'Episode 7', 'Seeded episode', '2013-09-24', 37, 153);
INSERT INTO episode (episode_id, title, description, releasedate, duration, season_season_id) VALUES (1528, 'Episode 8', 'Seeded episode', '2013-09-24', 38, 153);
INSERT INTO episode (episode_id, title, description, releasedate, duration, season_season_id) VALUES (1529, 'Episode 9', 'Seeded episode', '2013-09-24', 39, 153);
INSERT INTO episode (episode_id, title, description, releasedate, duration, season_season_id) VALUES (1530, 'Episode 10', 'Seeded episode', '2013-09-24', 40, 153);
INSERT INTO season (season_id, title, releasedate, shows_shows_id) VALUES (154, 'Season 2', '2013-09-24', 77);
INSERT INTO episode (episode_id, title, description, releasedate, duration, season_season_id) VALUES (1531, 'Episode 1', 'Seeded episode', '2013-09-24', 31, 154);
INSERT INTO episode (episode_id, title, description, releasedate, duration, season_season_id) VALUES (1532, 'Episode 2', 'Seeded episode', '2013-09-24', 32, 154);
INSERT INTO episode (episode_id, title, description, releasedate, duration, season_season_id) VALUES (1533, 'Episode 3', 'Seeded episode', '2013-09-24', 33, 154);
INSERT INTO episode (episode_id, title, description, releasedate, duration, season_season_id) VALUES (1534, 'Episode 4', 'Seeded episode', '2013-09-24', 34, 154);
INSERT INTO episode (episode_id, title, description, releasedate, duration, season_season_id) VALUES (1535, 'Episode 5', 'Seeded episode', '2013-09-24', 35, 154);
INSERT INTO episode (episode_id, title, description, releasedate, duration, season_season_id) VALUES (1536, 'Episode 6', 'Seeded episode', '2013-09-24', 36, 154);
INSERT INTO episode (episode_id, title, description, releasedate, duration, season_season_id) VALUES (1537, 'Episode 7', 'Seeded episode', '2013-09-24', 37, 154);
INSERT INTO episode (episode_id, title, description, releasedate, duration, season_season_id) VALUES (1538, 'Episode 8', 'Seeded episode', '2013-09-24', 38, 154);
INSERT INTO episode (episode_id, title, description, releasedate, duration, season_season_id) VALUES (1539, 'Episode 9', 'Seeded episode', '2013-09-24', 39, 154);
INSERT INTO episode (episode_id, title, description, releasedate, duration, season_season_id) VALUES (1540, 'Episode 10', 'Seeded episode', '2013-09-24', 40, 154);

INSERT INTO content (content_id, originaltitle, title, description, rating, releasedate, thumbnail, type) VALUES (178, 'Modern Family', 'Modern Family', 'Modern Family revolves around three different types of families (nuclear, step- and same-sex) living in the Los Angeles area, who are interrelated through Jay Pritchett and his children, Claire Dunphy (née Pritchett) and Mitchell Pritchett. Patriarch Jay is remarried to a much younger woman, Gloria Delgado Pritchett (née Ramirez), a passionate Colombian with whom he has an infant son, Fulgencio (Joe) Pritchett, and a son from Gloria''s previous marriage, Manny Delgado.Jay''s daughter Claire was a homemaker, but has returned to the business world. She is now the chief executive of her father''s previous business, Pritchett''s Closets and Blinds. She is married to Phil Dunphy, a realtor and self-professed "cool dad". They have three children: Haley Dunphy, a stereotypical ditzy teenage girl; Alex Dunphy, a nerdy, smart middle child; and Luke Dunphy, the off-beat only son.Jay''s lawyer son Mitchell and his husband Cameron Tucker have one daughter, Lily Tucker-Pritchett. As the name suggests, this family represents a modern-day family, and episodes are comically based on situations which many families encounter in real life.', 7.7, '2009-09-23', 'https://static.tvmaze.com/uploads/images/original_untouched/359/898320.jpg', 'SHOW');
INSERT INTO shows (shows_id, content_content_id) VALUES (78, 178);
INSERT INTO season (season_id, title, releasedate, shows_shows_id) VALUES (155, 'Season 1', '2009-09-23', 78);
INSERT INTO episode (episode_id, title, description, releasedate, duration, season_season_id) VALUES (1541, 'Episode 1', 'Seeded episode', '2009-09-23', 31, 155);
INSERT INTO episode (episode_id, title, description, releasedate, duration, season_season_id) VALUES (1542, 'Episode 2', 'Seeded episode', '2009-09-23', 32, 155);
INSERT INTO episode (episode_id, title, description, releasedate, duration, season_season_id) VALUES (1543, 'Episode 3', 'Seeded episode', '2009-09-23', 33, 155);
INSERT INTO episode (episode_id, title, description, releasedate, duration, season_season_id) VALUES (1544, 'Episode 4', 'Seeded episode', '2009-09-23', 34, 155);
INSERT INTO episode (episode_id, title, description, releasedate, duration, season_season_id) VALUES (1545, 'Episode 5', 'Seeded episode', '2009-09-23', 35, 155);
INSERT INTO episode (episode_id, title, description, releasedate, duration, season_season_id) VALUES (1546, 'Episode 6', 'Seeded episode', '2009-09-23', 36, 155);
INSERT INTO episode (episode_id, title, description, releasedate, duration, season_season_id) VALUES (1547, 'Episode 7', 'Seeded episode', '2009-09-23', 37, 155);
INSERT INTO episode (episode_id, title, description, releasedate, duration, season_season_id) VALUES (1548, 'Episode 8', 'Seeded episode', '2009-09-23', 38, 155);
INSERT INTO episode (episode_id, title, description, releasedate, duration, season_season_id) VALUES (1549, 'Episode 9', 'Seeded episode', '2009-09-23', 39, 155);
INSERT INTO episode (episode_id, title, description, releasedate, duration, season_season_id) VALUES (1550, 'Episode 10', 'Seeded episode', '2009-09-23', 40, 155);
INSERT INTO season (season_id, title, releasedate, shows_shows_id) VALUES (156, 'Season 2', '2009-09-23', 78);
INSERT INTO episode (episode_id, title, description, releasedate, duration, season_season_id) VALUES (1551, 'Episode 1', 'Seeded episode', '2009-09-23', 31, 156);
INSERT INTO episode (episode_id, title, description, releasedate, duration, season_season_id) VALUES (1552, 'Episode 2', 'Seeded episode', '2009-09-23', 32, 156);
INSERT INTO episode (episode_id, title, description, releasedate, duration, season_season_id) VALUES (1553, 'Episode 3', 'Seeded episode', '2009-09-23', 33, 156);
INSERT INTO episode (episode_id, title, description, releasedate, duration, season_season_id) VALUES (1554, 'Episode 4', 'Seeded episode', '2009-09-23', 34, 156);
INSERT INTO episode (episode_id, title, description, releasedate, duration, season_season_id) VALUES (1555, 'Episode 5', 'Seeded episode', '2009-09-23', 35, 156);
INSERT INTO episode (episode_id, title, description, releasedate, duration, season_season_id) VALUES (1556, 'Episode 6', 'Seeded episode', '2009-09-23', 36, 156);
INSERT INTO episode (episode_id, title, description, releasedate, duration, season_season_id) VALUES (1557, 'Episode 7', 'Seeded episode', '2009-09-23', 37, 156);
INSERT INTO episode (episode_id, title, description, releasedate, duration, season_season_id) VALUES (1558, 'Episode 8', 'Seeded episode', '2009-09-23', 38, 156);
INSERT INTO episode (episode_id, title, description, releasedate, duration, season_season_id) VALUES (1559, 'Episode 9', 'Seeded episode', '2009-09-23', 39, 156);
INSERT INTO episode (episode_id, title, description, releasedate, duration, season_season_id) VALUES (1560, 'Episode 10', 'Seeded episode', '2009-09-23', 40, 156);

INSERT INTO content (content_id, originaltitle, title, description, rating, releasedate, thumbnail, type) VALUES (179, 'Criminal Minds', 'Criminal Minds', 'Criminal Minds revolves around an elite team of FBI profilers who analyze the country''s most twisted criminal minds, anticipating their next moves before they strike again.', 8.1, '2005-09-22', 'https://static.tvmaze.com/uploads/images/original_untouched/0/571.jpg', 'SHOW');
INSERT INTO shows (shows_id, content_content_id) VALUES (79, 179);
INSERT INTO season (season_id, title, releasedate, shows_shows_id) VALUES (157, 'Season 1', '2005-09-22', 79);
INSERT INTO episode (episode_id, title, description, releasedate, duration, season_season_id) VALUES (1561, 'Episode 1', 'Seeded episode', '2005-09-22', 31, 157);
INSERT INTO episode (episode_id, title, description, releasedate, duration, season_season_id) VALUES (1562, 'Episode 2', 'Seeded episode', '2005-09-22', 32, 157);
INSERT INTO episode (episode_id, title, description, releasedate, duration, season_season_id) VALUES (1563, 'Episode 3', 'Seeded episode', '2005-09-22', 33, 157);
INSERT INTO episode (episode_id, title, description, releasedate, duration, season_season_id) VALUES (1564, 'Episode 4', 'Seeded episode', '2005-09-22', 34, 157);
INSERT INTO episode (episode_id, title, description, releasedate, duration, season_season_id) VALUES (1565, 'Episode 5', 'Seeded episode', '2005-09-22', 35, 157);
INSERT INTO episode (episode_id, title, description, releasedate, duration, season_season_id) VALUES (1566, 'Episode 6', 'Seeded episode', '2005-09-22', 36, 157);
INSERT INTO episode (episode_id, title, description, releasedate, duration, season_season_id) VALUES (1567, 'Episode 7', 'Seeded episode', '2005-09-22', 37, 157);
INSERT INTO episode (episode_id, title, description, releasedate, duration, season_season_id) VALUES (1568, 'Episode 8', 'Seeded episode', '2005-09-22', 38, 157);
INSERT INTO episode (episode_id, title, description, releasedate, duration, season_season_id) VALUES (1569, 'Episode 9', 'Seeded episode', '2005-09-22', 39, 157);
INSERT INTO episode (episode_id, title, description, releasedate, duration, season_season_id) VALUES (1570, 'Episode 10', 'Seeded episode', '2005-09-22', 40, 157);
INSERT INTO season (season_id, title, releasedate, shows_shows_id) VALUES (158, 'Season 2', '2005-09-22', 79);
INSERT INTO episode (episode_id, title, description, releasedate, duration, season_season_id) VALUES (1571, 'Episode 1', 'Seeded episode', '2005-09-22', 31, 158);
INSERT INTO episode (episode_id, title, description, releasedate, duration, season_season_id) VALUES (1572, 'Episode 2', 'Seeded episode', '2005-09-22', 32, 158);
INSERT INTO episode (episode_id, title, description, releasedate, duration, season_season_id) VALUES (1573, 'Episode 3', 'Seeded episode', '2005-09-22', 33, 158);
INSERT INTO episode (episode_id, title, description, releasedate, duration, season_season_id) VALUES (1574, 'Episode 4', 'Seeded episode', '2005-09-22', 34, 158);
INSERT INTO episode (episode_id, title, description, releasedate, duration, season_season_id) VALUES (1575, 'Episode 5', 'Seeded episode', '2005-09-22', 35, 158);
INSERT INTO episode (episode_id, title, description, releasedate, duration, season_season_id) VALUES (1576, 'Episode 6', 'Seeded episode', '2005-09-22', 36, 158);
INSERT INTO episode (episode_id, title, description, releasedate, duration, season_season_id) VALUES (1577, 'Episode 7', 'Seeded episode', '2005-09-22', 37, 158);
INSERT INTO episode (episode_id, title, description, releasedate, duration, season_season_id) VALUES (1578, 'Episode 8', 'Seeded episode', '2005-09-22', 38, 158);
INSERT INTO episode (episode_id, title, description, releasedate, duration, season_season_id) VALUES (1579, 'Episode 9', 'Seeded episode', '2005-09-22', 39, 158);
INSERT INTO episode (episode_id, title, description, releasedate, duration, season_season_id) VALUES (1580, 'Episode 10', 'Seeded episode', '2005-09-22', 40, 158);

INSERT INTO content (content_id, originaltitle, title, description, rating, releasedate, thumbnail, type) VALUES (180, 'Game of Thrones', 'Game of Thrones', 'Based on the bestselling book series A Song of Ice and Fire by George R.R. Martin, this sprawling new HBO drama is set in a world where summers span decades and winters can last a lifetime. From the scheming south and the savage eastern lands, to the frozen north and ancient Wall that protects the realm from the mysterious darkness beyond, the powerful families of the Seven Kingdoms are locked in a battle for the Iron Throne. This is a story of duplicity and treachery, nobility and honor, conquest and triumph. In the Game of Thrones, you either win or you die.', 8.9, '2011-04-17', 'https://static.tvmaze.com/uploads/images/original_untouched/498/1245274.jpg', 'SHOW');
INSERT INTO shows (shows_id, content_content_id) VALUES (80, 180);
INSERT INTO season (season_id, title, releasedate, shows_shows_id) VALUES (159, 'Season 1', '2011-04-17', 80);
INSERT INTO episode (episode_id, title, description, releasedate, duration, season_season_id) VALUES (1581, 'Episode 1', 'Seeded episode', '2011-04-17', 31, 159);
INSERT INTO episode (episode_id, title, description, releasedate, duration, season_season_id) VALUES (1582, 'Episode 2', 'Seeded episode', '2011-04-17', 32, 159);
INSERT INTO episode (episode_id, title, description, releasedate, duration, season_season_id) VALUES (1583, 'Episode 3', 'Seeded episode', '2011-04-17', 33, 159);
INSERT INTO episode (episode_id, title, description, releasedate, duration, season_season_id) VALUES (1584, 'Episode 4', 'Seeded episode', '2011-04-17', 34, 159);
INSERT INTO episode (episode_id, title, description, releasedate, duration, season_season_id) VALUES (1585, 'Episode 5', 'Seeded episode', '2011-04-17', 35, 159);
INSERT INTO episode (episode_id, title, description, releasedate, duration, season_season_id) VALUES (1586, 'Episode 6', 'Seeded episode', '2011-04-17', 36, 159);
INSERT INTO episode (episode_id, title, description, releasedate, duration, season_season_id) VALUES (1587, 'Episode 7', 'Seeded episode', '2011-04-17', 37, 159);
INSERT INTO episode (episode_id, title, description, releasedate, duration, season_season_id) VALUES (1588, 'Episode 8', 'Seeded episode', '2011-04-17', 38, 159);
INSERT INTO episode (episode_id, title, description, releasedate, duration, season_season_id) VALUES (1589, 'Episode 9', 'Seeded episode', '2011-04-17', 39, 159);
INSERT INTO episode (episode_id, title, description, releasedate, duration, season_season_id) VALUES (1590, 'Episode 10', 'Seeded episode', '2011-04-17', 40, 159);
INSERT INTO season (season_id, title, releasedate, shows_shows_id) VALUES (160, 'Season 2', '2011-04-17', 80);
INSERT INTO episode (episode_id, title, description, releasedate, duration, season_season_id) VALUES (1591, 'Episode 1', 'Seeded episode', '2011-04-17', 31, 160);
INSERT INTO episode (episode_id, title, description, releasedate, duration, season_season_id) VALUES (1592, 'Episode 2', 'Seeded episode', '2011-04-17', 32, 160);
INSERT INTO episode (episode_id, title, description, releasedate, duration, season_season_id) VALUES (1593, 'Episode 3', 'Seeded episode', '2011-04-17', 33, 160);
INSERT INTO episode (episode_id, title, description, releasedate, duration, season_season_id) VALUES (1594, 'Episode 4', 'Seeded episode', '2011-04-17', 34, 160);
INSERT INTO episode (episode_id, title, description, releasedate, duration, season_season_id) VALUES (1595, 'Episode 5', 'Seeded episode', '2011-04-17', 35, 160);
INSERT INTO episode (episode_id, title, description, releasedate, duration, season_season_id) VALUES (1596, 'Episode 6', 'Seeded episode', '2011-04-17', 36, 160);
INSERT INTO episode (episode_id, title, description, releasedate, duration, season_season_id) VALUES (1597, 'Episode 7', 'Seeded episode', '2011-04-17', 37, 160);
INSERT INTO episode (episode_id, title, description, releasedate, duration, season_season_id) VALUES (1598, 'Episode 8', 'Seeded episode', '2011-04-17', 38, 160);
INSERT INTO episode (episode_id, title, description, releasedate, duration, season_season_id) VALUES (1599, 'Episode 9', 'Seeded episode', '2011-04-17', 39, 160);
INSERT INTO episode (episode_id, title, description, releasedate, duration, season_season_id) VALUES (1600, 'Episode 10', 'Seeded episode', '2011-04-17', 40, 160);

INSERT INTO content (content_id, originaltitle, title, description, rating, releasedate, thumbnail, type) VALUES (181, 'The Simpsons', 'The Simpsons', 'The Simpsons is the longest running scripted show in US television history. It captures the adventures of Homer, Marge, Maggie, Bart and Lisa who are living in a fictional town called Springfield.', 8.1, '1989-12-17', 'https://static.tvmaze.com/uploads/images/original_untouched/588/1471731.jpg', 'SHOW');
INSERT INTO shows (shows_id, content_content_id) VALUES (81, 181);
INSERT INTO season (season_id, title, releasedate, shows_shows_id) VALUES (161, 'Season 1', '1989-12-17', 81);
INSERT INTO episode (episode_id, title, description, releasedate, duration, season_season_id) VALUES (1601, 'Episode 1', 'Seeded episode', '1989-12-17', 31, 161);
INSERT INTO episode (episode_id, title, description, releasedate, duration, season_season_id) VALUES (1602, 'Episode 2', 'Seeded episode', '1989-12-17', 32, 161);
INSERT INTO episode (episode_id, title, description, releasedate, duration, season_season_id) VALUES (1603, 'Episode 3', 'Seeded episode', '1989-12-17', 33, 161);
INSERT INTO episode (episode_id, title, description, releasedate, duration, season_season_id) VALUES (1604, 'Episode 4', 'Seeded episode', '1989-12-17', 34, 161);
INSERT INTO episode (episode_id, title, description, releasedate, duration, season_season_id) VALUES (1605, 'Episode 5', 'Seeded episode', '1989-12-17', 35, 161);
INSERT INTO episode (episode_id, title, description, releasedate, duration, season_season_id) VALUES (1606, 'Episode 6', 'Seeded episode', '1989-12-17', 36, 161);
INSERT INTO episode (episode_id, title, description, releasedate, duration, season_season_id) VALUES (1607, 'Episode 7', 'Seeded episode', '1989-12-17', 37, 161);
INSERT INTO episode (episode_id, title, description, releasedate, duration, season_season_id) VALUES (1608, 'Episode 8', 'Seeded episode', '1989-12-17', 38, 161);
INSERT INTO episode (episode_id, title, description, releasedate, duration, season_season_id) VALUES (1609, 'Episode 9', 'Seeded episode', '1989-12-17', 39, 161);
INSERT INTO episode (episode_id, title, description, releasedate, duration, season_season_id) VALUES (1610, 'Episode 10', 'Seeded episode', '1989-12-17', 40, 161);
INSERT INTO season (season_id, title, releasedate, shows_shows_id) VALUES (162, 'Season 2', '1989-12-17', 81);
INSERT INTO episode (episode_id, title, description, releasedate, duration, season_season_id) VALUES (1611, 'Episode 1', 'Seeded episode', '1989-12-17', 31, 162);
INSERT INTO episode (episode_id, title, description, releasedate, duration, season_season_id) VALUES (1612, 'Episode 2', 'Seeded episode', '1989-12-17', 32, 162);
INSERT INTO episode (episode_id, title, description, releasedate, duration, season_season_id) VALUES (1613, 'Episode 3', 'Seeded episode', '1989-12-17', 33, 162);
INSERT INTO episode (episode_id, title, description, releasedate, duration, season_season_id) VALUES (1614, 'Episode 4', 'Seeded episode', '1989-12-17', 34, 162);
INSERT INTO episode (episode_id, title, description, releasedate, duration, season_season_id) VALUES (1615, 'Episode 5', 'Seeded episode', '1989-12-17', 35, 162);
INSERT INTO episode (episode_id, title, description, releasedate, duration, season_season_id) VALUES (1616, 'Episode 6', 'Seeded episode', '1989-12-17', 36, 162);
INSERT INTO episode (episode_id, title, description, releasedate, duration, season_season_id) VALUES (1617, 'Episode 7', 'Seeded episode', '1989-12-17', 37, 162);
INSERT INTO episode (episode_id, title, description, releasedate, duration, season_season_id) VALUES (1618, 'Episode 8', 'Seeded episode', '1989-12-17', 38, 162);
INSERT INTO episode (episode_id, title, description, releasedate, duration, season_season_id) VALUES (1619, 'Episode 9', 'Seeded episode', '1989-12-17', 39, 162);
INSERT INTO episode (episode_id, title, description, releasedate, duration, season_season_id) VALUES (1620, 'Episode 10', 'Seeded episode', '1989-12-17', 40, 162);

INSERT INTO content (content_id, originaltitle, title, description, rating, releasedate, thumbnail, type) VALUES (182, 'Family Guy', 'Family Guy', 'Family Guy follows Peter Griffin the endearingly ignorant dad, and his hilariously offbeat family of middle-class New Englanders in Quahog, RI. Lois is Peter''s wife, a stay-at-home mom with no patience for her family''s antics. Then there are their kids: 18-year-old Meg is an outcast at school and the Griffin family punching bag; 13-year-old Chris is a socially awkward teen who doesn''t have a clue about the opposite sex; and one-year-old Stewie is a diabolically clever baby whose burgeoning sexuality is very much a work in progress. Rounding out the Griffin household is Brian the family dog and a ladies'' man who is one step away from AA.', 7.5, '1999-01-31', 'https://static.tvmaze.com/uploads/images/original_untouched/609/1523259.jpg', 'SHOW');
INSERT INTO shows (shows_id, content_content_id) VALUES (82, 182);
INSERT INTO season (season_id, title, releasedate, shows_shows_id) VALUES (163, 'Season 1', '1999-01-31', 82);
INSERT INTO episode (episode_id, title, description, releasedate, duration, season_season_id) VALUES (1621, 'Episode 1', 'Seeded episode', '1999-01-31', 31, 163);
INSERT INTO episode (episode_id, title, description, releasedate, duration, season_season_id) VALUES (1622, 'Episode 2', 'Seeded episode', '1999-01-31', 32, 163);
INSERT INTO episode (episode_id, title, description, releasedate, duration, season_season_id) VALUES (1623, 'Episode 3', 'Seeded episode', '1999-01-31', 33, 163);
INSERT INTO episode (episode_id, title, description, releasedate, duration, season_season_id) VALUES (1624, 'Episode 4', 'Seeded episode', '1999-01-31', 34, 163);
INSERT INTO episode (episode_id, title, description, releasedate, duration, season_season_id) VALUES (1625, 'Episode 5', 'Seeded episode', '1999-01-31', 35, 163);
INSERT INTO episode (episode_id, title, description, releasedate, duration, season_season_id) VALUES (1626, 'Episode 6', 'Seeded episode', '1999-01-31', 36, 163);
INSERT INTO episode (episode_id, title, description, releasedate, duration, season_season_id) VALUES (1627, 'Episode 7', 'Seeded episode', '1999-01-31', 37, 163);
INSERT INTO episode (episode_id, title, description, releasedate, duration, season_season_id) VALUES (1628, 'Episode 8', 'Seeded episode', '1999-01-31', 38, 163);
INSERT INTO episode (episode_id, title, description, releasedate, duration, season_season_id) VALUES (1629, 'Episode 9', 'Seeded episode', '1999-01-31', 39, 163);
INSERT INTO episode (episode_id, title, description, releasedate, duration, season_season_id) VALUES (1630, 'Episode 10', 'Seeded episode', '1999-01-31', 40, 163);
INSERT INTO season (season_id, title, releasedate, shows_shows_id) VALUES (164, 'Season 2', '1999-01-31', 82);
INSERT INTO episode (episode_id, title, description, releasedate, duration, season_season_id) VALUES (1631, 'Episode 1', 'Seeded episode', '1999-01-31', 31, 164);
INSERT INTO episode (episode_id, title, description, releasedate, duration, season_season_id) VALUES (1632, 'Episode 2', 'Seeded episode', '1999-01-31', 32, 164);
INSERT INTO episode (episode_id, title, description, releasedate, duration, season_season_id) VALUES (1633, 'Episode 3', 'Seeded episode', '1999-01-31', 33, 164);
INSERT INTO episode (episode_id, title, description, releasedate, duration, season_season_id) VALUES (1634, 'Episode 4', 'Seeded episode', '1999-01-31', 34, 164);
INSERT INTO episode (episode_id, title, description, releasedate, duration, season_season_id) VALUES (1635, 'Episode 5', 'Seeded episode', '1999-01-31', 35, 164);
INSERT INTO episode (episode_id, title, description, releasedate, duration, season_season_id) VALUES (1636, 'Episode 6', 'Seeded episode', '1999-01-31', 36, 164);
INSERT INTO episode (episode_id, title, description, releasedate, duration, season_season_id) VALUES (1637, 'Episode 7', 'Seeded episode', '1999-01-31', 37, 164);
INSERT INTO episode (episode_id, title, description, releasedate, duration, season_season_id) VALUES (1638, 'Episode 8', 'Seeded episode', '1999-01-31', 38, 164);
INSERT INTO episode (episode_id, title, description, releasedate, duration, season_season_id) VALUES (1639, 'Episode 9', 'Seeded episode', '1999-01-31', 39, 164);
INSERT INTO episode (episode_id, title, description, releasedate, duration, season_season_id) VALUES (1640, 'Episode 10', 'Seeded episode', '1999-01-31', 40, 164);

INSERT INTO content (content_id, originaltitle, title, description, rating, releasedate, thumbnail, type) VALUES (183, 'Stalker', 'Stalker', 'Stalker is a psychological thriller about detectives who investigate stalking incidents - including voyeurism, cyber harassment and romantic fixation - for the Threat Assessment Unit of the LAPD. Det. Jack Larsen is a recent transfer to the Unit from New York City''s homicide division, whose confidence, strong personality and questionable behavior has landed him in trouble before - but whose past behavior may also prove valuable in his new job. His boss, Lt. Beth Davis, is strong, focused and an expert in the field, driven by her traumatic personal experience as a victim. With the rest of their team, young but eager Det. Ben Caldwell and deceptively smart Det. Janice Lawrence Larsen and Davis assess the threat level of cases and respond before the stalking and intimidation spirals out of control, all while trying to keep their personal obsessions at bay.', 7.5, '2014-10-01', 'https://static.tvmaze.com/uploads/images/original_untouched/0/647.jpg', 'SHOW');
INSERT INTO shows (shows_id, content_content_id) VALUES (83, 183);
INSERT INTO season (season_id, title, releasedate, shows_shows_id) VALUES (165, 'Season 1', '2014-10-01', 83);
INSERT INTO episode (episode_id, title, description, releasedate, duration, season_season_id) VALUES (1641, 'Episode 1', 'Seeded episode', '2014-10-01', 31, 165);
INSERT INTO episode (episode_id, title, description, releasedate, duration, season_season_id) VALUES (1642, 'Episode 2', 'Seeded episode', '2014-10-01', 32, 165);
INSERT INTO episode (episode_id, title, description, releasedate, duration, season_season_id) VALUES (1643, 'Episode 3', 'Seeded episode', '2014-10-01', 33, 165);
INSERT INTO episode (episode_id, title, description, releasedate, duration, season_season_id) VALUES (1644, 'Episode 4', 'Seeded episode', '2014-10-01', 34, 165);
INSERT INTO episode (episode_id, title, description, releasedate, duration, season_season_id) VALUES (1645, 'Episode 5', 'Seeded episode', '2014-10-01', 35, 165);
INSERT INTO episode (episode_id, title, description, releasedate, duration, season_season_id) VALUES (1646, 'Episode 6', 'Seeded episode', '2014-10-01', 36, 165);
INSERT INTO episode (episode_id, title, description, releasedate, duration, season_season_id) VALUES (1647, 'Episode 7', 'Seeded episode', '2014-10-01', 37, 165);
INSERT INTO episode (episode_id, title, description, releasedate, duration, season_season_id) VALUES (1648, 'Episode 8', 'Seeded episode', '2014-10-01', 38, 165);
INSERT INTO episode (episode_id, title, description, releasedate, duration, season_season_id) VALUES (1649, 'Episode 9', 'Seeded episode', '2014-10-01', 39, 165);
INSERT INTO episode (episode_id, title, description, releasedate, duration, season_season_id) VALUES (1650, 'Episode 10', 'Seeded episode', '2014-10-01', 40, 165);
INSERT INTO season (season_id, title, releasedate, shows_shows_id) VALUES (166, 'Season 2', '2014-10-01', 83);
INSERT INTO episode (episode_id, title, description, releasedate, duration, season_season_id) VALUES (1651, 'Episode 1', 'Seeded episode', '2014-10-01', 31, 166);
INSERT INTO episode (episode_id, title, description, releasedate, duration, season_season_id) VALUES (1652, 'Episode 2', 'Seeded episode', '2014-10-01', 32, 166);
INSERT INTO episode (episode_id, title, description, releasedate, duration, season_season_id) VALUES (1653, 'Episode 3', 'Seeded episode', '2014-10-01', 33, 166);
INSERT INTO episode (episode_id, title, description, releasedate, duration, season_season_id) VALUES (1654, 'Episode 4', 'Seeded episode', '2014-10-01', 34, 166);
INSERT INTO episode (episode_id, title, description, releasedate, duration, season_season_id) VALUES (1655, 'Episode 5', 'Seeded episode', '2014-10-01', 35, 166);
INSERT INTO episode (episode_id, title, description, releasedate, duration, season_season_id) VALUES (1656, 'Episode 6', 'Seeded episode', '2014-10-01', 36, 166);
INSERT INTO episode (episode_id, title, description, releasedate, duration, season_season_id) VALUES (1657, 'Episode 7', 'Seeded episode', '2014-10-01', 37, 166);
INSERT INTO episode (episode_id, title, description, releasedate, duration, season_season_id) VALUES (1658, 'Episode 8', 'Seeded episode', '2014-10-01', 38, 166);
INSERT INTO episode (episode_id, title, description, releasedate, duration, season_season_id) VALUES (1659, 'Episode 9', 'Seeded episode', '2014-10-01', 39, 166);
INSERT INTO episode (episode_id, title, description, releasedate, duration, season_season_id) VALUES (1660, 'Episode 10', 'Seeded episode', '2014-10-01', 40, 166);

INSERT INTO content (content_id, originaltitle, title, description, rating, releasedate, thumbnail, type) VALUES (184, 'The Bridge', 'The Bridge', 'When the body of a cartel member is found on US soil, Sonya Cross from El Paso PD and her Mexican counterpart, Marco Ruiz must work together to solve the case.A present-day crime thriller exploring the tensions on the US-Mexico border. When an American judge known for her anti-immigration views is found dead on the bridge connecting El Paso and Juarez, Sonya Cross from El Paso PD must work with her Mexican counterpart from Chihuahua State Police, Marco Ruiz, to catch a serial killer operating on both sides of the border. Marco understands the slippery politics of Mexican law enforcement, and while his police force slowly succumbs to the pressures and demands of the cartel, he''s one of the last good men in the department. He''s charming but will do whatever it takes to get what he needs -- which doesn''t sit well with Sonya, who has Asperger''s and strictly follows rules and protocol. The case quickly pulls them into a string of murders on the border, a scene already consumed by illegal immigration, drug trafficking, violence, and prostitution.', 7.5, '2013-07-10', 'https://static.tvmaze.com/uploads/images/original_untouched/0/649.jpg', 'SHOW');
INSERT INTO shows (shows_id, content_content_id) VALUES (84, 184);
INSERT INTO season (season_id, title, releasedate, shows_shows_id) VALUES (167, 'Season 1', '2013-07-10', 84);
INSERT INTO episode (episode_id, title, description, releasedate, duration, season_season_id) VALUES (1661, 'Episode 1', 'Seeded episode', '2013-07-10', 31, 167);
INSERT INTO episode (episode_id, title, description, releasedate, duration, season_season_id) VALUES (1662, 'Episode 2', 'Seeded episode', '2013-07-10', 32, 167);
INSERT INTO episode (episode_id, title, description, releasedate, duration, season_season_id) VALUES (1663, 'Episode 3', 'Seeded episode', '2013-07-10', 33, 167);
INSERT INTO episode (episode_id, title, description, releasedate, duration, season_season_id) VALUES (1664, 'Episode 4', 'Seeded episode', '2013-07-10', 34, 167);
INSERT INTO episode (episode_id, title, description, releasedate, duration, season_season_id) VALUES (1665, 'Episode 5', 'Seeded episode', '2013-07-10', 35, 167);
INSERT INTO episode (episode_id, title, description, releasedate, duration, season_season_id) VALUES (1666, 'Episode 6', 'Seeded episode', '2013-07-10', 36, 167);
INSERT INTO episode (episode_id, title, description, releasedate, duration, season_season_id) VALUES (1667, 'Episode 7', 'Seeded episode', '2013-07-10', 37, 167);
INSERT INTO episode (episode_id, title, description, releasedate, duration, season_season_id) VALUES (1668, 'Episode 8', 'Seeded episode', '2013-07-10', 38, 167);
INSERT INTO episode (episode_id, title, description, releasedate, duration, season_season_id) VALUES (1669, 'Episode 9', 'Seeded episode', '2013-07-10', 39, 167);
INSERT INTO episode (episode_id, title, description, releasedate, duration, season_season_id) VALUES (1670, 'Episode 10', 'Seeded episode', '2013-07-10', 40, 167);
INSERT INTO season (season_id, title, releasedate, shows_shows_id) VALUES (168, 'Season 2', '2013-07-10', 84);
INSERT INTO episode (episode_id, title, description, releasedate, duration, season_season_id) VALUES (1671, 'Episode 1', 'Seeded episode', '2013-07-10', 31, 168);
INSERT INTO episode (episode_id, title, description, releasedate, duration, season_season_id) VALUES (1672, 'Episode 2', 'Seeded episode', '2013-07-10', 32, 168);
INSERT INTO episode (episode_id, title, description, releasedate, duration, season_season_id) VALUES (1673, 'Episode 3', 'Seeded episode', '2013-07-10', 33, 168);
INSERT INTO episode (episode_id, title, description, releasedate, duration, season_season_id) VALUES (1674, 'Episode 4', 'Seeded episode', '2013-07-10', 34, 168);
INSERT INTO episode (episode_id, title, description, releasedate, duration, season_season_id) VALUES (1675, 'Episode 5', 'Seeded episode', '2013-07-10', 35, 168);
INSERT INTO episode (episode_id, title, description, releasedate, duration, season_season_id) VALUES (1676, 'Episode 6', 'Seeded episode', '2013-07-10', 36, 168);
INSERT INTO episode (episode_id, title, description, releasedate, duration, season_season_id) VALUES (1677, 'Episode 7', 'Seeded episode', '2013-07-10', 37, 168);
INSERT INTO episode (episode_id, title, description, releasedate, duration, season_season_id) VALUES (1678, 'Episode 8', 'Seeded episode', '2013-07-10', 38, 168);
INSERT INTO episode (episode_id, title, description, releasedate, duration, season_season_id) VALUES (1679, 'Episode 9', 'Seeded episode', '2013-07-10', 39, 168);
INSERT INTO episode (episode_id, title, description, releasedate, duration, season_season_id) VALUES (1680, 'Episode 10', 'Seeded episode', '2013-07-10', 40, 168);

INSERT INTO content (content_id, originaltitle, title, description, rating, releasedate, thumbnail, type) VALUES (185, 'Reign', 'Reign', 'Hidden between the lines of the history books is the story of Mary Stuart, the young woman the world would come to know as Mary, Queen of Scots. Queen of Scotland since she was six days old, the teenage Mary is already a headstrong monarch - beautiful, passionate, and poised at the very beginning of her tumultuous rise to power. Arriving in France with four close friends as her ladies-in-waiting, Mary has been sent to secure Scotland''s strategic alliance by formalizing her arranged engagement to the French king''s dashing son, Prince Francis. But the match isn''t signed and sealed, it depends more on politics, religion and secret agendas than affairs of the heart. With danger and sexual intrigue around every dark castle corner, Mary rallies her ladies-in-waiting and steels herself, ready to rule the new land and balance the demands of her country and her heart.', 7.6, '2013-10-17', 'https://static.tvmaze.com/uploads/images/original_untouched/81/204119.jpg', 'SHOW');
INSERT INTO shows (shows_id, content_content_id) VALUES (85, 185);
INSERT INTO season (season_id, title, releasedate, shows_shows_id) VALUES (169, 'Season 1', '2013-10-17', 85);
INSERT INTO episode (episode_id, title, description, releasedate, duration, season_season_id) VALUES (1681, 'Episode 1', 'Seeded episode', '2013-10-17', 31, 169);
INSERT INTO episode (episode_id, title, description, releasedate, duration, season_season_id) VALUES (1682, 'Episode 2', 'Seeded episode', '2013-10-17', 32, 169);
INSERT INTO episode (episode_id, title, description, releasedate, duration, season_season_id) VALUES (1683, 'Episode 3', 'Seeded episode', '2013-10-17', 33, 169);
INSERT INTO episode (episode_id, title, description, releasedate, duration, season_season_id) VALUES (1684, 'Episode 4', 'Seeded episode', '2013-10-17', 34, 169);
INSERT INTO episode (episode_id, title, description, releasedate, duration, season_season_id) VALUES (1685, 'Episode 5', 'Seeded episode', '2013-10-17', 35, 169);
INSERT INTO episode (episode_id, title, description, releasedate, duration, season_season_id) VALUES (1686, 'Episode 6', 'Seeded episode', '2013-10-17', 36, 169);
INSERT INTO episode (episode_id, title, description, releasedate, duration, season_season_id) VALUES (1687, 'Episode 7', 'Seeded episode', '2013-10-17', 37, 169);
INSERT INTO episode (episode_id, title, description, releasedate, duration, season_season_id) VALUES (1688, 'Episode 8', 'Seeded episode', '2013-10-17', 38, 169);
INSERT INTO episode (episode_id, title, description, releasedate, duration, season_season_id) VALUES (1689, 'Episode 9', 'Seeded episode', '2013-10-17', 39, 169);
INSERT INTO episode (episode_id, title, description, releasedate, duration, season_season_id) VALUES (1690, 'Episode 10', 'Seeded episode', '2013-10-17', 40, 169);
INSERT INTO season (season_id, title, releasedate, shows_shows_id) VALUES (170, 'Season 2', '2013-10-17', 85);
INSERT INTO episode (episode_id, title, description, releasedate, duration, season_season_id) VALUES (1691, 'Episode 1', 'Seeded episode', '2013-10-17', 31, 170);
INSERT INTO episode (episode_id, title, description, releasedate, duration, season_season_id) VALUES (1692, 'Episode 2', 'Seeded episode', '2013-10-17', 32, 170);
INSERT INTO episode (episode_id, title, description, releasedate, duration, season_season_id) VALUES (1693, 'Episode 3', 'Seeded episode', '2013-10-17', 33, 170);
INSERT INTO episode (episode_id, title, description, releasedate, duration, season_season_id) VALUES (1694, 'Episode 4', 'Seeded episode', '2013-10-17', 34, 170);
INSERT INTO episode (episode_id, title, description, releasedate, duration, season_season_id) VALUES (1695, 'Episode 5', 'Seeded episode', '2013-10-17', 35, 170);
INSERT INTO episode (episode_id, title, description, releasedate, duration, season_season_id) VALUES (1696, 'Episode 6', 'Seeded episode', '2013-10-17', 36, 170);
INSERT INTO episode (episode_id, title, description, releasedate, duration, season_season_id) VALUES (1697, 'Episode 7', 'Seeded episode', '2013-10-17', 37, 170);
INSERT INTO episode (episode_id, title, description, releasedate, duration, season_season_id) VALUES (1698, 'Episode 8', 'Seeded episode', '2013-10-17', 38, 170);
INSERT INTO episode (episode_id, title, description, releasedate, duration, season_season_id) VALUES (1699, 'Episode 9', 'Seeded episode', '2013-10-17', 39, 170);
INSERT INTO episode (episode_id, title, description, releasedate, duration, season_season_id) VALUES (1700, 'Episode 10', 'Seeded episode', '2013-10-17', 40, 170);

INSERT INTO content (content_id, originaltitle, title, description, rating, releasedate, thumbnail, type) VALUES (186, 'Unforgettable', 'Unforgettable', 'Unforgettable follows Carrie Wells, an enigmatic former police detective with a rare condition that makes her memory so flawless that every place, every conversation, every moment of joy and every heartbreak is forever embedded in her mind. It''s not just that she doesn''t forget anything - she can''t; except for one thing: the details that would help solve her sister''s long-ago murder. Carrie has tried to put her past behind her, but she''s unexpectedly reunited with her ex-boyfriend and partner, NYPD Detective Al Burns when she consults on a homicide case.', 7.5, '2011-09-20', 'https://static.tvmaze.com/uploads/images/original_untouched/0/663.jpg', 'SHOW');
INSERT INTO shows (shows_id, content_content_id) VALUES (86, 186);
INSERT INTO season (season_id, title, releasedate, shows_shows_id) VALUES (171, 'Season 1', '2011-09-20', 86);
INSERT INTO episode (episode_id, title, description, releasedate, duration, season_season_id) VALUES (1701, 'Episode 1', 'Seeded episode', '2011-09-20', 31, 171);
INSERT INTO episode (episode_id, title, description, releasedate, duration, season_season_id) VALUES (1702, 'Episode 2', 'Seeded episode', '2011-09-20', 32, 171);
INSERT INTO episode (episode_id, title, description, releasedate, duration, season_season_id) VALUES (1703, 'Episode 3', 'Seeded episode', '2011-09-20', 33, 171);
INSERT INTO episode (episode_id, title, description, releasedate, duration, season_season_id) VALUES (1704, 'Episode 4', 'Seeded episode', '2011-09-20', 34, 171);
INSERT INTO episode (episode_id, title, description, releasedate, duration, season_season_id) VALUES (1705, 'Episode 5', 'Seeded episode', '2011-09-20', 35, 171);
INSERT INTO episode (episode_id, title, description, releasedate, duration, season_season_id) VALUES (1706, 'Episode 6', 'Seeded episode', '2011-09-20', 36, 171);
INSERT INTO episode (episode_id, title, description, releasedate, duration, season_season_id) VALUES (1707, 'Episode 7', 'Seeded episode', '2011-09-20', 37, 171);
INSERT INTO episode (episode_id, title, description, releasedate, duration, season_season_id) VALUES (1708, 'Episode 8', 'Seeded episode', '2011-09-20', 38, 171);
INSERT INTO episode (episode_id, title, description, releasedate, duration, season_season_id) VALUES (1709, 'Episode 9', 'Seeded episode', '2011-09-20', 39, 171);
INSERT INTO episode (episode_id, title, description, releasedate, duration, season_season_id) VALUES (1710, 'Episode 10', 'Seeded episode', '2011-09-20', 40, 171);
INSERT INTO season (season_id, title, releasedate, shows_shows_id) VALUES (172, 'Season 2', '2011-09-20', 86);
INSERT INTO episode (episode_id, title, description, releasedate, duration, season_season_id) VALUES (1711, 'Episode 1', 'Seeded episode', '2011-09-20', 31, 172);
INSERT INTO episode (episode_id, title, description, releasedate, duration, season_season_id) VALUES (1712, 'Episode 2', 'Seeded episode', '2011-09-20', 32, 172);
INSERT INTO episode (episode_id, title, description, releasedate, duration, season_season_id) VALUES (1713, 'Episode 3', 'Seeded episode', '2011-09-20', 33, 172);
INSERT INTO episode (episode_id, title, description, releasedate, duration, season_season_id) VALUES (1714, 'Episode 4', 'Seeded episode', '2011-09-20', 34, 172);
INSERT INTO episode (episode_id, title, description, releasedate, duration, season_season_id) VALUES (1715, 'Episode 5', 'Seeded episode', '2011-09-20', 35, 172);
INSERT INTO episode (episode_id, title, description, releasedate, duration, season_season_id) VALUES (1716, 'Episode 6', 'Seeded episode', '2011-09-20', 36, 172);
INSERT INTO episode (episode_id, title, description, releasedate, duration, season_season_id) VALUES (1717, 'Episode 7', 'Seeded episode', '2011-09-20', 37, 172);
INSERT INTO episode (episode_id, title, description, releasedate, duration, season_season_id) VALUES (1718, 'Episode 8', 'Seeded episode', '2011-09-20', 38, 172);
INSERT INTO episode (episode_id, title, description, releasedate, duration, season_season_id) VALUES (1719, 'Episode 9', 'Seeded episode', '2011-09-20', 39, 172);
INSERT INTO episode (episode_id, title, description, releasedate, duration, season_season_id) VALUES (1720, 'Episode 10', 'Seeded episode', '2011-09-20', 40, 172);

INSERT INTO content (content_id, originaltitle, title, description, rating, releasedate, thumbnail, type) VALUES (187, 'Haven', 'Haven', 'When FBI Special Agent Audrey Parker is dispatched to the small town of Haven, Maine, on a routine case, she soon finds herself increasingly involved in the return of "The Troubles", a plague of supernatural afflictions that have occurred in the town at least twice before. With an openness to the possibility of the paranormal, she also finds a more personal link in Haven that may lead her to the mother she has never known.She and her partner, police detective Nathan Wuornos, find themselves frequently facing problems caused by both the effects of the Troubles, as well as the activities of town folk who take more drastic measures against those who are Troubled.', 8.0, '2010-07-09', 'https://static.tvmaze.com/uploads/images/original_untouched/0/672.jpg', 'SHOW');
INSERT INTO shows (shows_id, content_content_id) VALUES (87, 187);
INSERT INTO season (season_id, title, releasedate, shows_shows_id) VALUES (173, 'Season 1', '2010-07-09', 87);
INSERT INTO episode (episode_id, title, description, releasedate, duration, season_season_id) VALUES (1721, 'Episode 1', 'Seeded episode', '2010-07-09', 31, 173);
INSERT INTO episode (episode_id, title, description, releasedate, duration, season_season_id) VALUES (1722, 'Episode 2', 'Seeded episode', '2010-07-09', 32, 173);
INSERT INTO episode (episode_id, title, description, releasedate, duration, season_season_id) VALUES (1723, 'Episode 3', 'Seeded episode', '2010-07-09', 33, 173);
INSERT INTO episode (episode_id, title, description, releasedate, duration, season_season_id) VALUES (1724, 'Episode 4', 'Seeded episode', '2010-07-09', 34, 173);
INSERT INTO episode (episode_id, title, description, releasedate, duration, season_season_id) VALUES (1725, 'Episode 5', 'Seeded episode', '2010-07-09', 35, 173);
INSERT INTO episode (episode_id, title, description, releasedate, duration, season_season_id) VALUES (1726, 'Episode 6', 'Seeded episode', '2010-07-09', 36, 173);
INSERT INTO episode (episode_id, title, description, releasedate, duration, season_season_id) VALUES (1727, 'Episode 7', 'Seeded episode', '2010-07-09', 37, 173);
INSERT INTO episode (episode_id, title, description, releasedate, duration, season_season_id) VALUES (1728, 'Episode 8', 'Seeded episode', '2010-07-09', 38, 173);
INSERT INTO episode (episode_id, title, description, releasedate, duration, season_season_id) VALUES (1729, 'Episode 9', 'Seeded episode', '2010-07-09', 39, 173);
INSERT INTO episode (episode_id, title, description, releasedate, duration, season_season_id) VALUES (1730, 'Episode 10', 'Seeded episode', '2010-07-09', 40, 173);
INSERT INTO season (season_id, title, releasedate, shows_shows_id) VALUES (174, 'Season 2', '2010-07-09', 87);
INSERT INTO episode (episode_id, title, description, releasedate, duration, season_season_id) VALUES (1731, 'Episode 1', 'Seeded episode', '2010-07-09', 31, 174);
INSERT INTO episode (episode_id, title, description, releasedate, duration, season_season_id) VALUES (1732, 'Episode 2', 'Seeded episode', '2010-07-09', 32, 174);
INSERT INTO episode (episode_id, title, description, releasedate, duration, season_season_id) VALUES (1733, 'Episode 3', 'Seeded episode', '2010-07-09', 33, 174);
INSERT INTO episode (episode_id, title, description, releasedate, duration, season_season_id) VALUES (1734, 'Episode 4', 'Seeded episode', '2010-07-09', 34, 174);
INSERT INTO episode (episode_id, title, description, releasedate, duration, season_season_id) VALUES (1735, 'Episode 5', 'Seeded episode', '2010-07-09', 35, 174);
INSERT INTO episode (episode_id, title, description, releasedate, duration, season_season_id) VALUES (1736, 'Episode 6', 'Seeded episode', '2010-07-09', 36, 174);
INSERT INTO episode (episode_id, title, description, releasedate, duration, season_season_id) VALUES (1737, 'Episode 7', 'Seeded episode', '2010-07-09', 37, 174);
INSERT INTO episode (episode_id, title, description, releasedate, duration, season_season_id) VALUES (1738, 'Episode 8', 'Seeded episode', '2010-07-09', 38, 174);
INSERT INTO episode (episode_id, title, description, releasedate, duration, season_season_id) VALUES (1739, 'Episode 9', 'Seeded episode', '2010-07-09', 39, 174);
INSERT INTO episode (episode_id, title, description, releasedate, duration, season_season_id) VALUES (1740, 'Episode 10', 'Seeded episode', '2010-07-09', 40, 174);

INSERT INTO content (content_id, originaltitle, title, description, rating, releasedate, thumbnail, type) VALUES (188, 'Bad Judge', 'Bad Judge', 'No excuses, no apologies, no compromises. Wild child Rebecca Wright knows how to have a good time, but she also happens to be one of L.A.''s toughest and most respected criminal court judges. She has a reputation for unorthodox behavior in the courtroom, including creative rulings and saying exactly what''s on her mind. Her private life, on the other hand, is anything but innocent. She parties too much and rocks out on the drums in a band with her best friend, Jenny. While there''s no shortage of male admirers who would love to spend time with her, she''s not ready to settle down... except when an 8-year-old boy - whose parents were put in jail by Rebecca - needs her help. He may, in fact, be the one thing that starts to tame this Bad Judge.', 7.4, '2014-10-02', 'https://static.tvmaze.com/uploads/images/original_untouched/0/678.jpg', 'SHOW');
INSERT INTO shows (shows_id, content_content_id) VALUES (88, 188);
INSERT INTO season (season_id, title, releasedate, shows_shows_id) VALUES (175, 'Season 1', '2014-10-02', 88);
INSERT INTO episode (episode_id, title, description, releasedate, duration, season_season_id) VALUES (1741, 'Episode 1', 'Seeded episode', '2014-10-02', 31, 175);
INSERT INTO episode (episode_id, title, description, releasedate, duration, season_season_id) VALUES (1742, 'Episode 2', 'Seeded episode', '2014-10-02', 32, 175);
INSERT INTO episode (episode_id, title, description, releasedate, duration, season_season_id) VALUES (1743, 'Episode 3', 'Seeded episode', '2014-10-02', 33, 175);
INSERT INTO episode (episode_id, title, description, releasedate, duration, season_season_id) VALUES (1744, 'Episode 4', 'Seeded episode', '2014-10-02', 34, 175);
INSERT INTO episode (episode_id, title, description, releasedate, duration, season_season_id) VALUES (1745, 'Episode 5', 'Seeded episode', '2014-10-02', 35, 175);
INSERT INTO episode (episode_id, title, description, releasedate, duration, season_season_id) VALUES (1746, 'Episode 6', 'Seeded episode', '2014-10-02', 36, 175);
INSERT INTO episode (episode_id, title, description, releasedate, duration, season_season_id) VALUES (1747, 'Episode 7', 'Seeded episode', '2014-10-02', 37, 175);
INSERT INTO episode (episode_id, title, description, releasedate, duration, season_season_id) VALUES (1748, 'Episode 8', 'Seeded episode', '2014-10-02', 38, 175);
INSERT INTO episode (episode_id, title, description, releasedate, duration, season_season_id) VALUES (1749, 'Episode 9', 'Seeded episode', '2014-10-02', 39, 175);
INSERT INTO episode (episode_id, title, description, releasedate, duration, season_season_id) VALUES (1750, 'Episode 10', 'Seeded episode', '2014-10-02', 40, 175);
INSERT INTO season (season_id, title, releasedate, shows_shows_id) VALUES (176, 'Season 2', '2014-10-02', 88);
INSERT INTO episode (episode_id, title, description, releasedate, duration, season_season_id) VALUES (1751, 'Episode 1', 'Seeded episode', '2014-10-02', 31, 176);
INSERT INTO episode (episode_id, title, description, releasedate, duration, season_season_id) VALUES (1752, 'Episode 2', 'Seeded episode', '2014-10-02', 32, 176);
INSERT INTO episode (episode_id, title, description, releasedate, duration, season_season_id) VALUES (1753, 'Episode 3', 'Seeded episode', '2014-10-02', 33, 176);
INSERT INTO episode (episode_id, title, description, releasedate, duration, season_season_id) VALUES (1754, 'Episode 4', 'Seeded episode', '2014-10-02', 34, 176);
INSERT INTO episode (episode_id, title, description, releasedate, duration, season_season_id) VALUES (1755, 'Episode 5', 'Seeded episode', '2014-10-02', 35, 176);
INSERT INTO episode (episode_id, title, description, releasedate, duration, season_season_id) VALUES (1756, 'Episode 6', 'Seeded episode', '2014-10-02', 36, 176);
INSERT INTO episode (episode_id, title, description, releasedate, duration, season_season_id) VALUES (1757, 'Episode 7', 'Seeded episode', '2014-10-02', 37, 176);
INSERT INTO episode (episode_id, title, description, releasedate, duration, season_season_id) VALUES (1758, 'Episode 8', 'Seeded episode', '2014-10-02', 38, 176);
INSERT INTO episode (episode_id, title, description, releasedate, duration, season_season_id) VALUES (1759, 'Episode 9', 'Seeded episode', '2014-10-02', 39, 176);
INSERT INTO episode (episode_id, title, description, releasedate, duration, season_season_id) VALUES (1760, 'Episode 10', 'Seeded episode', '2014-10-02', 40, 176);

INSERT INTO content (content_id, originaltitle, title, description, rating, releasedate, thumbnail, type) VALUES (189, 'A to Z', 'A to Z', 'This is the A to Z story of Andrew and Zelda - a pair that almost wasn''t - and all that happened from the day they met. Andrew has always been a secret romantic... not above crooning to Celine Dion while driving to work, with dreams of finding "the one." He imagines her to be just like that shimmering beauty he spotted that night in that silver dress at that concert two years ago. Zelda, having grown up with a hippie mom who believed the universe would provide for everything, rebelled into a no-nonsense practical lawyer who prefers the control of online dating. But when a computer glitch sends her a total mismatch, she''s asked to come in for an interview at the Internet dating site where Andrew works, and this is where it all begins. Andrew and Zelda meet for the first time and despite their differences, sparks fly. She thinks it''s chance. He thinks it''s fate. After all, he''s convinced she''s the shimmering girl in the silver dress. Is it true love forever or just a detour in destiny?', 6.7, '2014-10-02', 'https://static.tvmaze.com/uploads/images/original_untouched/0/679.jpg', 'SHOW');
INSERT INTO shows (shows_id, content_content_id) VALUES (89, 189);
INSERT INTO season (season_id, title, releasedate, shows_shows_id) VALUES (177, 'Season 1', '2014-10-02', 89);
INSERT INTO episode (episode_id, title, description, releasedate, duration, season_season_id) VALUES (1761, 'Episode 1', 'Seeded episode', '2014-10-02', 31, 177);
INSERT INTO episode (episode_id, title, description, releasedate, duration, season_season_id) VALUES (1762, 'Episode 2', 'Seeded episode', '2014-10-02', 32, 177);
INSERT INTO episode (episode_id, title, description, releasedate, duration, season_season_id) VALUES (1763, 'Episode 3', 'Seeded episode', '2014-10-02', 33, 177);
INSERT INTO episode (episode_id, title, description, releasedate, duration, season_season_id) VALUES (1764, 'Episode 4', 'Seeded episode', '2014-10-02', 34, 177);
INSERT INTO episode (episode_id, title, description, releasedate, duration, season_season_id) VALUES (1765, 'Episode 5', 'Seeded episode', '2014-10-02', 35, 177);
INSERT INTO episode (episode_id, title, description, releasedate, duration, season_season_id) VALUES (1766, 'Episode 6', 'Seeded episode', '2014-10-02', 36, 177);
INSERT INTO episode (episode_id, title, description, releasedate, duration, season_season_id) VALUES (1767, 'Episode 7', 'Seeded episode', '2014-10-02', 37, 177);
INSERT INTO episode (episode_id, title, description, releasedate, duration, season_season_id) VALUES (1768, 'Episode 8', 'Seeded episode', '2014-10-02', 38, 177);
INSERT INTO episode (episode_id, title, description, releasedate, duration, season_season_id) VALUES (1769, 'Episode 9', 'Seeded episode', '2014-10-02', 39, 177);
INSERT INTO episode (episode_id, title, description, releasedate, duration, season_season_id) VALUES (1770, 'Episode 10', 'Seeded episode', '2014-10-02', 40, 177);
INSERT INTO season (season_id, title, releasedate, shows_shows_id) VALUES (178, 'Season 2', '2014-10-02', 89);
INSERT INTO episode (episode_id, title, description, releasedate, duration, season_season_id) VALUES (1771, 'Episode 1', 'Seeded episode', '2014-10-02', 31, 178);
INSERT INTO episode (episode_id, title, description, releasedate, duration, season_season_id) VALUES (1772, 'Episode 2', 'Seeded episode', '2014-10-02', 32, 178);
INSERT INTO episode (episode_id, title, description, releasedate, duration, season_season_id) VALUES (1773, 'Episode 3', 'Seeded episode', '2014-10-02', 33, 178);
INSERT INTO episode (episode_id, title, description, releasedate, duration, season_season_id) VALUES (1774, 'Episode 4', 'Seeded episode', '2014-10-02', 34, 178);
INSERT INTO episode (episode_id, title, description, releasedate, duration, season_season_id) VALUES (1775, 'Episode 5', 'Seeded episode', '2014-10-02', 35, 178);
INSERT INTO episode (episode_id, title, description, releasedate, duration, season_season_id) VALUES (1776, 'Episode 6', 'Seeded episode', '2014-10-02', 36, 178);
INSERT INTO episode (episode_id, title, description, releasedate, duration, season_season_id) VALUES (1777, 'Episode 7', 'Seeded episode', '2014-10-02', 37, 178);
INSERT INTO episode (episode_id, title, description, releasedate, duration, season_season_id) VALUES (1778, 'Episode 8', 'Seeded episode', '2014-10-02', 38, 178);
INSERT INTO episode (episode_id, title, description, releasedate, duration, season_season_id) VALUES (1779, 'Episode 9', 'Seeded episode', '2014-10-02', 39, 178);
INSERT INTO episode (episode_id, title, description, releasedate, duration, season_season_id) VALUES (1780, 'Episode 10', 'Seeded episode', '2014-10-02', 40, 178);

INSERT INTO content (content_id, originaltitle, title, description, rating, releasedate, thumbnail, type) VALUES (190, 'Parenthood', 'Parenthood', 'Parenthood is the critically acclaimed one-hour drama inspired by the box office hit of the same name. This reimagined and updated Universal Television/Imagine Entertainment production follows the trials and tribulations of the very large, colorful and imperfect Braverman family. Sarah Braverman is a single mother with two kids - the bright but rebellious Amber who is living on her own, and sullen and sensitive Drew who returns to Berkeley this year.', 8.0, '2010-03-02', 'https://static.tvmaze.com/uploads/images/original_untouched/0/685.jpg', 'SHOW');
INSERT INTO shows (shows_id, content_content_id) VALUES (90, 190);
INSERT INTO season (season_id, title, releasedate, shows_shows_id) VALUES (179, 'Season 1', '2010-03-02', 90);
INSERT INTO episode (episode_id, title, description, releasedate, duration, season_season_id) VALUES (1781, 'Episode 1', 'Seeded episode', '2010-03-02', 31, 179);
INSERT INTO episode (episode_id, title, description, releasedate, duration, season_season_id) VALUES (1782, 'Episode 2', 'Seeded episode', '2010-03-02', 32, 179);
INSERT INTO episode (episode_id, title, description, releasedate, duration, season_season_id) VALUES (1783, 'Episode 3', 'Seeded episode', '2010-03-02', 33, 179);
INSERT INTO episode (episode_id, title, description, releasedate, duration, season_season_id) VALUES (1784, 'Episode 4', 'Seeded episode', '2010-03-02', 34, 179);
INSERT INTO episode (episode_id, title, description, releasedate, duration, season_season_id) VALUES (1785, 'Episode 5', 'Seeded episode', '2010-03-02', 35, 179);
INSERT INTO episode (episode_id, title, description, releasedate, duration, season_season_id) VALUES (1786, 'Episode 6', 'Seeded episode', '2010-03-02', 36, 179);
INSERT INTO episode (episode_id, title, description, releasedate, duration, season_season_id) VALUES (1787, 'Episode 7', 'Seeded episode', '2010-03-02', 37, 179);
INSERT INTO episode (episode_id, title, description, releasedate, duration, season_season_id) VALUES (1788, 'Episode 8', 'Seeded episode', '2010-03-02', 38, 179);
INSERT INTO episode (episode_id, title, description, releasedate, duration, season_season_id) VALUES (1789, 'Episode 9', 'Seeded episode', '2010-03-02', 39, 179);
INSERT INTO episode (episode_id, title, description, releasedate, duration, season_season_id) VALUES (1790, 'Episode 10', 'Seeded episode', '2010-03-02', 40, 179);
INSERT INTO season (season_id, title, releasedate, shows_shows_id) VALUES (180, 'Season 2', '2010-03-02', 90);
INSERT INTO episode (episode_id, title, description, releasedate, duration, season_season_id) VALUES (1791, 'Episode 1', 'Seeded episode', '2010-03-02', 31, 180);
INSERT INTO episode (episode_id, title, description, releasedate, duration, season_season_id) VALUES (1792, 'Episode 2', 'Seeded episode', '2010-03-02', 32, 180);
INSERT INTO episode (episode_id, title, description, releasedate, duration, season_season_id) VALUES (1793, 'Episode 3', 'Seeded episode', '2010-03-02', 33, 180);
INSERT INTO episode (episode_id, title, description, releasedate, duration, season_season_id) VALUES (1794, 'Episode 4', 'Seeded episode', '2010-03-02', 34, 180);
INSERT INTO episode (episode_id, title, description, releasedate, duration, season_season_id) VALUES (1795, 'Episode 5', 'Seeded episode', '2010-03-02', 35, 180);
INSERT INTO episode (episode_id, title, description, releasedate, duration, season_season_id) VALUES (1796, 'Episode 6', 'Seeded episode', '2010-03-02', 36, 180);
INSERT INTO episode (episode_id, title, description, releasedate, duration, season_season_id) VALUES (1797, 'Episode 7', 'Seeded episode', '2010-03-02', 37, 180);
INSERT INTO episode (episode_id, title, description, releasedate, duration, season_season_id) VALUES (1798, 'Episode 8', 'Seeded episode', '2010-03-02', 38, 180);
INSERT INTO episode (episode_id, title, description, releasedate, duration, season_season_id) VALUES (1799, 'Episode 9', 'Seeded episode', '2010-03-02', 39, 180);
INSERT INTO episode (episode_id, title, description, releasedate, duration, season_season_id) VALUES (1800, 'Episode 10', 'Seeded episode', '2010-03-02', 40, 180);

INSERT INTO content (content_id, originaltitle, title, description, rating, releasedate, thumbnail, type) VALUES (191, 'Defiance', 'Defiance', 'Set on a future Earth, Defiance introduces players and viewers to a world where humans and aliens live together on a planet ravaged by decades of war and transformed by alien terra-forming machines. It centers on Jeb Nolan, the law-keeper in a bustling frontier boomtown that is one of the new world''s few oasis of civility and inclusion. Nolan is a former Marine who fought in the alien conflict and suffered the loss of his wife and child in the war. The trauma transformed him into a lone wanderer in the wilds of this new and dangerous world.', 7.8, '2013-04-15', 'https://static.tvmaze.com/uploads/images/original_untouched/0/700.jpg', 'SHOW');
INSERT INTO shows (shows_id, content_content_id) VALUES (91, 191);
INSERT INTO season (season_id, title, releasedate, shows_shows_id) VALUES (181, 'Season 1', '2013-04-15', 91);
INSERT INTO episode (episode_id, title, description, releasedate, duration, season_season_id) VALUES (1801, 'Episode 1', 'Seeded episode', '2013-04-15', 31, 181);
INSERT INTO episode (episode_id, title, description, releasedate, duration, season_season_id) VALUES (1802, 'Episode 2', 'Seeded episode', '2013-04-15', 32, 181);
INSERT INTO episode (episode_id, title, description, releasedate, duration, season_season_id) VALUES (1803, 'Episode 3', 'Seeded episode', '2013-04-15', 33, 181);
INSERT INTO episode (episode_id, title, description, releasedate, duration, season_season_id) VALUES (1804, 'Episode 4', 'Seeded episode', '2013-04-15', 34, 181);
INSERT INTO episode (episode_id, title, description, releasedate, duration, season_season_id) VALUES (1805, 'Episode 5', 'Seeded episode', '2013-04-15', 35, 181);
INSERT INTO episode (episode_id, title, description, releasedate, duration, season_season_id) VALUES (1806, 'Episode 6', 'Seeded episode', '2013-04-15', 36, 181);
INSERT INTO episode (episode_id, title, description, releasedate, duration, season_season_id) VALUES (1807, 'Episode 7', 'Seeded episode', '2013-04-15', 37, 181);
INSERT INTO episode (episode_id, title, description, releasedate, duration, season_season_id) VALUES (1808, 'Episode 8', 'Seeded episode', '2013-04-15', 38, 181);
INSERT INTO episode (episode_id, title, description, releasedate, duration, season_season_id) VALUES (1809, 'Episode 9', 'Seeded episode', '2013-04-15', 39, 181);
INSERT INTO episode (episode_id, title, description, releasedate, duration, season_season_id) VALUES (1810, 'Episode 10', 'Seeded episode', '2013-04-15', 40, 181);
INSERT INTO season (season_id, title, releasedate, shows_shows_id) VALUES (182, 'Season 2', '2013-04-15', 91);
INSERT INTO episode (episode_id, title, description, releasedate, duration, season_season_id) VALUES (1811, 'Episode 1', 'Seeded episode', '2013-04-15', 31, 182);
INSERT INTO episode (episode_id, title, description, releasedate, duration, season_season_id) VALUES (1812, 'Episode 2', 'Seeded episode', '2013-04-15', 32, 182);
INSERT INTO episode (episode_id, title, description, releasedate, duration, season_season_id) VALUES (1813, 'Episode 3', 'Seeded episode', '2013-04-15', 33, 182);
INSERT INTO episode (episode_id, title, description, releasedate, duration, season_season_id) VALUES (1814, 'Episode 4', 'Seeded episode', '2013-04-15', 34, 182);
INSERT INTO episode (episode_id, title, description, releasedate, duration, season_season_id) VALUES (1815, 'Episode 5', 'Seeded episode', '2013-04-15', 35, 182);
INSERT INTO episode (episode_id, title, description, releasedate, duration, season_season_id) VALUES (1816, 'Episode 6', 'Seeded episode', '2013-04-15', 36, 182);
INSERT INTO episode (episode_id, title, description, releasedate, duration, season_season_id) VALUES (1817, 'Episode 7', 'Seeded episode', '2013-04-15', 37, 182);
INSERT INTO episode (episode_id, title, description, releasedate, duration, season_season_id) VALUES (1818, 'Episode 8', 'Seeded episode', '2013-04-15', 38, 182);
INSERT INTO episode (episode_id, title, description, releasedate, duration, season_season_id) VALUES (1819, 'Episode 9', 'Seeded episode', '2013-04-15', 39, 182);
INSERT INTO episode (episode_id, title, description, releasedate, duration, season_season_id) VALUES (1820, 'Episode 10', 'Seeded episode', '2013-04-15', 40, 182);

INSERT INTO content (content_id, originaltitle, title, description, rating, releasedate, thumbnail, type) VALUES (192, 'Falling Skies', 'Falling Skies', 'The series tells the story of the aftermath of a global invasion by several races of extraterrestrials that neutralizes the world''s power grid and technology, quickly destroys the combined militaries of all the world''s countries, and apparently kills over 90% of the human population within a few days.', 7.7, '2011-06-19', 'https://static.tvmaze.com/uploads/images/original_untouched/498/1246070.jpg', 'SHOW');
INSERT INTO shows (shows_id, content_content_id) VALUES (92, 192);
INSERT INTO season (season_id, title, releasedate, shows_shows_id) VALUES (183, 'Season 1', '2011-06-19', 92);
INSERT INTO episode (episode_id, title, description, releasedate, duration, season_season_id) VALUES (1821, 'Episode 1', 'Seeded episode', '2011-06-19', 31, 183);
INSERT INTO episode (episode_id, title, description, releasedate, duration, season_season_id) VALUES (1822, 'Episode 2', 'Seeded episode', '2011-06-19', 32, 183);
INSERT INTO episode (episode_id, title, description, releasedate, duration, season_season_id) VALUES (1823, 'Episode 3', 'Seeded episode', '2011-06-19', 33, 183);
INSERT INTO episode (episode_id, title, description, releasedate, duration, season_season_id) VALUES (1824, 'Episode 4', 'Seeded episode', '2011-06-19', 34, 183);
INSERT INTO episode (episode_id, title, description, releasedate, duration, season_season_id) VALUES (1825, 'Episode 5', 'Seeded episode', '2011-06-19', 35, 183);
INSERT INTO episode (episode_id, title, description, releasedate, duration, season_season_id) VALUES (1826, 'Episode 6', 'Seeded episode', '2011-06-19', 36, 183);
INSERT INTO episode (episode_id, title, description, releasedate, duration, season_season_id) VALUES (1827, 'Episode 7', 'Seeded episode', '2011-06-19', 37, 183);
INSERT INTO episode (episode_id, title, description, releasedate, duration, season_season_id) VALUES (1828, 'Episode 8', 'Seeded episode', '2011-06-19', 38, 183);
INSERT INTO episode (episode_id, title, description, releasedate, duration, season_season_id) VALUES (1829, 'Episode 9', 'Seeded episode', '2011-06-19', 39, 183);
INSERT INTO episode (episode_id, title, description, releasedate, duration, season_season_id) VALUES (1830, 'Episode 10', 'Seeded episode', '2011-06-19', 40, 183);
INSERT INTO season (season_id, title, releasedate, shows_shows_id) VALUES (184, 'Season 2', '2011-06-19', 92);
INSERT INTO episode (episode_id, title, description, releasedate, duration, season_season_id) VALUES (1831, 'Episode 1', 'Seeded episode', '2011-06-19', 31, 184);
INSERT INTO episode (episode_id, title, description, releasedate, duration, season_season_id) VALUES (1832, 'Episode 2', 'Seeded episode', '2011-06-19', 32, 184);
INSERT INTO episode (episode_id, title, description, releasedate, duration, season_season_id) VALUES (1833, 'Episode 3', 'Seeded episode', '2011-06-19', 33, 184);
INSERT INTO episode (episode_id, title, description, releasedate, duration, season_season_id) VALUES (1834, 'Episode 4', 'Seeded episode', '2011-06-19', 34, 184);
INSERT INTO episode (episode_id, title, description, releasedate, duration, season_season_id) VALUES (1835, 'Episode 5', 'Seeded episode', '2011-06-19', 35, 184);
INSERT INTO episode (episode_id, title, description, releasedate, duration, season_season_id) VALUES (1836, 'Episode 6', 'Seeded episode', '2011-06-19', 36, 184);
INSERT INTO episode (episode_id, title, description, releasedate, duration, season_season_id) VALUES (1837, 'Episode 7', 'Seeded episode', '2011-06-19', 37, 184);
INSERT INTO episode (episode_id, title, description, releasedate, duration, season_season_id) VALUES (1838, 'Episode 8', 'Seeded episode', '2011-06-19', 38, 184);
INSERT INTO episode (episode_id, title, description, releasedate, duration, season_season_id) VALUES (1839, 'Episode 9', 'Seeded episode', '2011-06-19', 39, 184);
INSERT INTO episode (episode_id, title, description, releasedate, duration, season_season_id) VALUES (1840, 'Episode 10', 'Seeded episode', '2011-06-19', 40, 184);

INSERT INTO content (content_id, originaltitle, title, description, rating, releasedate, thumbnail, type) VALUES (193, 'Manhattan Love Story', 'Manhattan Love Story', 'Have you ever wondered what your date was thinking? This romantic comedy exposes the differences between men and women through the unfiltered thoughts, and often contradictory actions, of a new couple who have just begun dating.', 5.4, '2014-09-30', 'https://static.tvmaze.com/uploads/images/original_untouched/0/729.jpg', 'SHOW');
INSERT INTO shows (shows_id, content_content_id) VALUES (93, 193);
INSERT INTO season (season_id, title, releasedate, shows_shows_id) VALUES (185, 'Season 1', '2014-09-30', 93);
INSERT INTO episode (episode_id, title, description, releasedate, duration, season_season_id) VALUES (1841, 'Episode 1', 'Seeded episode', '2014-09-30', 31, 185);
INSERT INTO episode (episode_id, title, description, releasedate, duration, season_season_id) VALUES (1842, 'Episode 2', 'Seeded episode', '2014-09-30', 32, 185);
INSERT INTO episode (episode_id, title, description, releasedate, duration, season_season_id) VALUES (1843, 'Episode 3', 'Seeded episode', '2014-09-30', 33, 185);
INSERT INTO episode (episode_id, title, description, releasedate, duration, season_season_id) VALUES (1844, 'Episode 4', 'Seeded episode', '2014-09-30', 34, 185);
INSERT INTO episode (episode_id, title, description, releasedate, duration, season_season_id) VALUES (1845, 'Episode 5', 'Seeded episode', '2014-09-30', 35, 185);
INSERT INTO episode (episode_id, title, description, releasedate, duration, season_season_id) VALUES (1846, 'Episode 6', 'Seeded episode', '2014-09-30', 36, 185);
INSERT INTO episode (episode_id, title, description, releasedate, duration, season_season_id) VALUES (1847, 'Episode 7', 'Seeded episode', '2014-09-30', 37, 185);
INSERT INTO episode (episode_id, title, description, releasedate, duration, season_season_id) VALUES (1848, 'Episode 8', 'Seeded episode', '2014-09-30', 38, 185);
INSERT INTO episode (episode_id, title, description, releasedate, duration, season_season_id) VALUES (1849, 'Episode 9', 'Seeded episode', '2014-09-30', 39, 185);
INSERT INTO episode (episode_id, title, description, releasedate, duration, season_season_id) VALUES (1850, 'Episode 10', 'Seeded episode', '2014-09-30', 40, 185);
INSERT INTO season (season_id, title, releasedate, shows_shows_id) VALUES (186, 'Season 2', '2014-09-30', 93);
INSERT INTO episode (episode_id, title, description, releasedate, duration, season_season_id) VALUES (1851, 'Episode 1', 'Seeded episode', '2014-09-30', 31, 186);
INSERT INTO episode (episode_id, title, description, releasedate, duration, season_season_id) VALUES (1852, 'Episode 2', 'Seeded episode', '2014-09-30', 32, 186);
INSERT INTO episode (episode_id, title, description, releasedate, duration, season_season_id) VALUES (1853, 'Episode 3', 'Seeded episode', '2014-09-30', 33, 186);
INSERT INTO episode (episode_id, title, description, releasedate, duration, season_season_id) VALUES (1854, 'Episode 4', 'Seeded episode', '2014-09-30', 34, 186);
INSERT INTO episode (episode_id, title, description, releasedate, duration, season_season_id) VALUES (1855, 'Episode 5', 'Seeded episode', '2014-09-30', 35, 186);
INSERT INTO episode (episode_id, title, description, releasedate, duration, season_season_id) VALUES (1856, 'Episode 6', 'Seeded episode', '2014-09-30', 36, 186);
INSERT INTO episode (episode_id, title, description, releasedate, duration, season_season_id) VALUES (1857, 'Episode 7', 'Seeded episode', '2014-09-30', 37, 186);
INSERT INTO episode (episode_id, title, description, releasedate, duration, season_season_id) VALUES (1858, 'Episode 8', 'Seeded episode', '2014-09-30', 38, 186);
INSERT INTO episode (episode_id, title, description, releasedate, duration, season_season_id) VALUES (1859, 'Episode 9', 'Seeded episode', '2014-09-30', 39, 186);
INSERT INTO episode (episode_id, title, description, releasedate, duration, season_season_id) VALUES (1860, 'Episode 10', 'Seeded episode', '2014-09-30', 40, 186);

INSERT INTO content (content_id, originaltitle, title, description, rating, releasedate, thumbnail, type) VALUES (194, 'The Biggest Loser', 'The Biggest Loser', 'NBC''s The Biggest Loser, a show known for its incredible weight loss makeovers, will reveal an exciting makeover of its own when the popular series returns on Monday, January 4 (9-11 p.m. ET) with new host Bob Harper, a new "Temptation" theme, an updated state-of-the-art gym, a new logo, fun format changes and a return to the popular team vs. team competition. Dolvett Quince and Jen Widerstrom return to train eight contestant teams of two, all with compelling stories. Seven teams (spouses, parent/adult child, siblings, relatives, best friends) will know each other, but one team will be two strangers - former "Celebrity Apprentice" contestant and the original "Survivor" winner, Richard Hatch, and ''The Voice'' season two semi-finalist Erin Willett. Having both been in the NBC family previously, the two share the same goal as the other 14 contestants - to change their lives and get healthy. The renovated "Biggest Loser" gym, featuring a new interior and exterior branded with the new logo, has modernized equipment to help contestants better achieve their fitness goals, including eight high-tech monitors on the walls of each side of the gym that will track contestants'' calorie burns as well as heart rates. Half of the gym will be dedicated to Team Dolvett and the other half dedicated to Team Jen. The weigh-in will be very different this season with a new look and double scales, so contestants on opposing teams can weigh-in side by side, making the weigh-in even more compelling to watch. The contestant house is also getting a whole new look for season 17.', 6.0, '2004-10-19', 'https://static.tvmaze.com/uploads/images/original_untouched/0/730.jpg', 'SHOW');
INSERT INTO shows (shows_id, content_content_id) VALUES (94, 194);
INSERT INTO season (season_id, title, releasedate, shows_shows_id) VALUES (187, 'Season 1', '2004-10-19', 94);
INSERT INTO episode (episode_id, title, description, releasedate, duration, season_season_id) VALUES (1861, 'Episode 1', 'Seeded episode', '2004-10-19', 31, 187);
INSERT INTO episode (episode_id, title, description, releasedate, duration, season_season_id) VALUES (1862, 'Episode 2', 'Seeded episode', '2004-10-19', 32, 187);
INSERT INTO episode (episode_id, title, description, releasedate, duration, season_season_id) VALUES (1863, 'Episode 3', 'Seeded episode', '2004-10-19', 33, 187);
INSERT INTO episode (episode_id, title, description, releasedate, duration, season_season_id) VALUES (1864, 'Episode 4', 'Seeded episode', '2004-10-19', 34, 187);
INSERT INTO episode (episode_id, title, description, releasedate, duration, season_season_id) VALUES (1865, 'Episode 5', 'Seeded episode', '2004-10-19', 35, 187);
INSERT INTO episode (episode_id, title, description, releasedate, duration, season_season_id) VALUES (1866, 'Episode 6', 'Seeded episode', '2004-10-19', 36, 187);
INSERT INTO episode (episode_id, title, description, releasedate, duration, season_season_id) VALUES (1867, 'Episode 7', 'Seeded episode', '2004-10-19', 37, 187);
INSERT INTO episode (episode_id, title, description, releasedate, duration, season_season_id) VALUES (1868, 'Episode 8', 'Seeded episode', '2004-10-19', 38, 187);
INSERT INTO episode (episode_id, title, description, releasedate, duration, season_season_id) VALUES (1869, 'Episode 9', 'Seeded episode', '2004-10-19', 39, 187);
INSERT INTO episode (episode_id, title, description, releasedate, duration, season_season_id) VALUES (1870, 'Episode 10', 'Seeded episode', '2004-10-19', 40, 187);
INSERT INTO season (season_id, title, releasedate, shows_shows_id) VALUES (188, 'Season 2', '2004-10-19', 94);
INSERT INTO episode (episode_id, title, description, releasedate, duration, season_season_id) VALUES (1871, 'Episode 1', 'Seeded episode', '2004-10-19', 31, 188);
INSERT INTO episode (episode_id, title, description, releasedate, duration, season_season_id) VALUES (1872, 'Episode 2', 'Seeded episode', '2004-10-19', 32, 188);
INSERT INTO episode (episode_id, title, description, releasedate, duration, season_season_id) VALUES (1873, 'Episode 3', 'Seeded episode', '2004-10-19', 33, 188);
INSERT INTO episode (episode_id, title, description, releasedate, duration, season_season_id) VALUES (1874, 'Episode 4', 'Seeded episode', '2004-10-19', 34, 188);
INSERT INTO episode (episode_id, title, description, releasedate, duration, season_season_id) VALUES (1875, 'Episode 5', 'Seeded episode', '2004-10-19', 35, 188);
INSERT INTO episode (episode_id, title, description, releasedate, duration, season_season_id) VALUES (1876, 'Episode 6', 'Seeded episode', '2004-10-19', 36, 188);
INSERT INTO episode (episode_id, title, description, releasedate, duration, season_season_id) VALUES (1877, 'Episode 7', 'Seeded episode', '2004-10-19', 37, 188);
INSERT INTO episode (episode_id, title, description, releasedate, duration, season_season_id) VALUES (1878, 'Episode 8', 'Seeded episode', '2004-10-19', 38, 188);
INSERT INTO episode (episode_id, title, description, releasedate, duration, season_season_id) VALUES (1879, 'Episode 9', 'Seeded episode', '2004-10-19', 39, 188);
INSERT INTO episode (episode_id, title, description, releasedate, duration, season_season_id) VALUES (1880, 'Episode 10', 'Seeded episode', '2004-10-19', 40, 188);

INSERT INTO content (content_id, originaltitle, title, description, rating, releasedate, thumbnail, type) VALUES (195, 'Scandal', 'Scandal', 'Everyone has secrets… and Olivia Pope has dedicated her life to protecting and defending the public images of the nation''s elite by keeping those secrets under wraps. Pope''s team are at the top of their game when it comes to getting the job done for their clients, but it becomes apparent that these "gladiators in suits", who specialize in fixing the lives of other people, have trouble fixing those closest at hand -- their own.', 7.8, '2012-04-05', 'https://static.tvmaze.com/uploads/images/original_untouched/303/758518.jpg', 'SHOW');
INSERT INTO shows (shows_id, content_content_id) VALUES (95, 195);
INSERT INTO season (season_id, title, releasedate, shows_shows_id) VALUES (189, 'Season 1', '2012-04-05', 95);
INSERT INTO episode (episode_id, title, description, releasedate, duration, season_season_id) VALUES (1881, 'Episode 1', 'Seeded episode', '2012-04-05', 31, 189);
INSERT INTO episode (episode_id, title, description, releasedate, duration, season_season_id) VALUES (1882, 'Episode 2', 'Seeded episode', '2012-04-05', 32, 189);
INSERT INTO episode (episode_id, title, description, releasedate, duration, season_season_id) VALUES (1883, 'Episode 3', 'Seeded episode', '2012-04-05', 33, 189);
INSERT INTO episode (episode_id, title, description, releasedate, duration, season_season_id) VALUES (1884, 'Episode 4', 'Seeded episode', '2012-04-05', 34, 189);
INSERT INTO episode (episode_id, title, description, releasedate, duration, season_season_id) VALUES (1885, 'Episode 5', 'Seeded episode', '2012-04-05', 35, 189);
INSERT INTO episode (episode_id, title, description, releasedate, duration, season_season_id) VALUES (1886, 'Episode 6', 'Seeded episode', '2012-04-05', 36, 189);
INSERT INTO episode (episode_id, title, description, releasedate, duration, season_season_id) VALUES (1887, 'Episode 7', 'Seeded episode', '2012-04-05', 37, 189);
INSERT INTO episode (episode_id, title, description, releasedate, duration, season_season_id) VALUES (1888, 'Episode 8', 'Seeded episode', '2012-04-05', 38, 189);
INSERT INTO episode (episode_id, title, description, releasedate, duration, season_season_id) VALUES (1889, 'Episode 9', 'Seeded episode', '2012-04-05', 39, 189);
INSERT INTO episode (episode_id, title, description, releasedate, duration, season_season_id) VALUES (1890, 'Episode 10', 'Seeded episode', '2012-04-05', 40, 189);
INSERT INTO season (season_id, title, releasedate, shows_shows_id) VALUES (190, 'Season 2', '2012-04-05', 95);
INSERT INTO episode (episode_id, title, description, releasedate, duration, season_season_id) VALUES (1891, 'Episode 1', 'Seeded episode', '2012-04-05', 31, 190);
INSERT INTO episode (episode_id, title, description, releasedate, duration, season_season_id) VALUES (1892, 'Episode 2', 'Seeded episode', '2012-04-05', 32, 190);
INSERT INTO episode (episode_id, title, description, releasedate, duration, season_season_id) VALUES (1893, 'Episode 3', 'Seeded episode', '2012-04-05', 33, 190);
INSERT INTO episode (episode_id, title, description, releasedate, duration, season_season_id) VALUES (1894, 'Episode 4', 'Seeded episode', '2012-04-05', 34, 190);
INSERT INTO episode (episode_id, title, description, releasedate, duration, season_season_id) VALUES (1895, 'Episode 5', 'Seeded episode', '2012-04-05', 35, 190);
INSERT INTO episode (episode_id, title, description, releasedate, duration, season_season_id) VALUES (1896, 'Episode 6', 'Seeded episode', '2012-04-05', 36, 190);
INSERT INTO episode (episode_id, title, description, releasedate, duration, season_season_id) VALUES (1897, 'Episode 7', 'Seeded episode', '2012-04-05', 37, 190);
INSERT INTO episode (episode_id, title, description, releasedate, duration, season_season_id) VALUES (1898, 'Episode 8', 'Seeded episode', '2012-04-05', 38, 190);
INSERT INTO episode (episode_id, title, description, releasedate, duration, season_season_id) VALUES (1899, 'Episode 9', 'Seeded episode', '2012-04-05', 39, 190);
INSERT INTO episode (episode_id, title, description, releasedate, duration, season_season_id) VALUES (1900, 'Episode 10', 'Seeded episode', '2012-04-05', 40, 190);

INSERT INTO content (content_id, originaltitle, title, description, rating, releasedate, thumbnail, type) VALUES (196, 'America''s Next Top Model', 'America''s Next Top Model', 'Created by supermodel Tyra Banks, America''s Next Top Model follows a group of young women of various backgrounds, shapes and sizes who live together in a loft and vie for a modeling contract. The show exposes the transformation of everyday young women into potentially fierce supermodels, with participants facing weekly tests that determine who can make the cut. With mentoring by supermodel Tyra Banks and exposure to high-profile fashion-industry gurus, the finalists compete in a highly accelerated modeling boot camp--a crash course to supermodel fame.', 5.5, '2003-05-20', 'https://static.tvmaze.com/uploads/images/original_untouched/147/369365.jpg', 'SHOW');
INSERT INTO shows (shows_id, content_content_id) VALUES (96, 196);
INSERT INTO season (season_id, title, releasedate, shows_shows_id) VALUES (191, 'Season 1', '2003-05-20', 96);
INSERT INTO episode (episode_id, title, description, releasedate, duration, season_season_id) VALUES (1901, 'Episode 1', 'Seeded episode', '2003-05-20', 31, 191);
INSERT INTO episode (episode_id, title, description, releasedate, duration, season_season_id) VALUES (1902, 'Episode 2', 'Seeded episode', '2003-05-20', 32, 191);
INSERT INTO episode (episode_id, title, description, releasedate, duration, season_season_id) VALUES (1903, 'Episode 3', 'Seeded episode', '2003-05-20', 33, 191);
INSERT INTO episode (episode_id, title, description, releasedate, duration, season_season_id) VALUES (1904, 'Episode 4', 'Seeded episode', '2003-05-20', 34, 191);
INSERT INTO episode (episode_id, title, description, releasedate, duration, season_season_id) VALUES (1905, 'Episode 5', 'Seeded episode', '2003-05-20', 35, 191);
INSERT INTO episode (episode_id, title, description, releasedate, duration, season_season_id) VALUES (1906, 'Episode 6', 'Seeded episode', '2003-05-20', 36, 191);
INSERT INTO episode (episode_id, title, description, releasedate, duration, season_season_id) VALUES (1907, 'Episode 7', 'Seeded episode', '2003-05-20', 37, 191);
INSERT INTO episode (episode_id, title, description, releasedate, duration, season_season_id) VALUES (1908, 'Episode 8', 'Seeded episode', '2003-05-20', 38, 191);
INSERT INTO episode (episode_id, title, description, releasedate, duration, season_season_id) VALUES (1909, 'Episode 9', 'Seeded episode', '2003-05-20', 39, 191);
INSERT INTO episode (episode_id, title, description, releasedate, duration, season_season_id) VALUES (1910, 'Episode 10', 'Seeded episode', '2003-05-20', 40, 191);
INSERT INTO season (season_id, title, releasedate, shows_shows_id) VALUES (192, 'Season 2', '2003-05-20', 96);
INSERT INTO episode (episode_id, title, description, releasedate, duration, season_season_id) VALUES (1911, 'Episode 1', 'Seeded episode', '2003-05-20', 31, 192);
INSERT INTO episode (episode_id, title, description, releasedate, duration, season_season_id) VALUES (1912, 'Episode 2', 'Seeded episode', '2003-05-20', 32, 192);
INSERT INTO episode (episode_id, title, description, releasedate, duration, season_season_id) VALUES (1913, 'Episode 3', 'Seeded episode', '2003-05-20', 33, 192);
INSERT INTO episode (episode_id, title, description, releasedate, duration, season_season_id) VALUES (1914, 'Episode 4', 'Seeded episode', '2003-05-20', 34, 192);
INSERT INTO episode (episode_id, title, description, releasedate, duration, season_season_id) VALUES (1915, 'Episode 5', 'Seeded episode', '2003-05-20', 35, 192);
INSERT INTO episode (episode_id, title, description, releasedate, duration, season_season_id) VALUES (1916, 'Episode 6', 'Seeded episode', '2003-05-20', 36, 192);
INSERT INTO episode (episode_id, title, description, releasedate, duration, season_season_id) VALUES (1917, 'Episode 7', 'Seeded episode', '2003-05-20', 37, 192);
INSERT INTO episode (episode_id, title, description, releasedate, duration, season_season_id) VALUES (1918, 'Episode 8', 'Seeded episode', '2003-05-20', 38, 192);
INSERT INTO episode (episode_id, title, description, releasedate, duration, season_season_id) VALUES (1919, 'Episode 9', 'Seeded episode', '2003-05-20', 39, 192);
INSERT INTO episode (episode_id, title, description, releasedate, duration, season_season_id) VALUES (1920, 'Episode 10', 'Seeded episode', '2003-05-20', 40, 192);

INSERT INTO content (content_id, originaltitle, title, description, rating, releasedate, thumbnail, type) VALUES (197, 'Blue Bloods', 'Blue Bloods', 'Blue Bloods is a drama about a multi-generational family of cops dedicated to New York City law enforcement. Frank Reagan is the New York Police Commissioner and heads both the police force and the Reagan brood. He runs his department as diplomatically as he runs his family, even when dealing with the politics that plagued his unapologetically bold father, Henry, during his stint as Chief. A source of pride and concern for Frank is his eldest son Danny, a seasoned detective, family man and Iraq War vet who on occasion uses dubious tactics to solve cases with his loyal and tough partner, Detective Jackie Curatola. The Reagan women in the family include Erin, a N.Y. Assistant D.A., who also serves as the legal compass for her siblings and father, and single parent to her teenage daughter Nicky; and Linda, Danny''s supportive wife. Jamie is the youngest Reagan, a recent grad of Harvard Law and the family''s "golden boy." Unable to deny the family tradition, Jamie has decided to give up a lucrative future in law and follow in the family footsteps as a cop.', 8.1, '2010-09-24', 'https://static.tvmaze.com/uploads/images/original_untouched/593/1482537.jpg', 'SHOW');
INSERT INTO shows (shows_id, content_content_id) VALUES (97, 197);
INSERT INTO season (season_id, title, releasedate, shows_shows_id) VALUES (193, 'Season 1', '2010-09-24', 97);
INSERT INTO episode (episode_id, title, description, releasedate, duration, season_season_id) VALUES (1921, 'Episode 1', 'Seeded episode', '2010-09-24', 31, 193);
INSERT INTO episode (episode_id, title, description, releasedate, duration, season_season_id) VALUES (1922, 'Episode 2', 'Seeded episode', '2010-09-24', 32, 193);
INSERT INTO episode (episode_id, title, description, releasedate, duration, season_season_id) VALUES (1923, 'Episode 3', 'Seeded episode', '2010-09-24', 33, 193);
INSERT INTO episode (episode_id, title, description, releasedate, duration, season_season_id) VALUES (1924, 'Episode 4', 'Seeded episode', '2010-09-24', 34, 193);
INSERT INTO episode (episode_id, title, description, releasedate, duration, season_season_id) VALUES (1925, 'Episode 5', 'Seeded episode', '2010-09-24', 35, 193);
INSERT INTO episode (episode_id, title, description, releasedate, duration, season_season_id) VALUES (1926, 'Episode 6', 'Seeded episode', '2010-09-24', 36, 193);
INSERT INTO episode (episode_id, title, description, releasedate, duration, season_season_id) VALUES (1927, 'Episode 7', 'Seeded episode', '2010-09-24', 37, 193);
INSERT INTO episode (episode_id, title, description, releasedate, duration, season_season_id) VALUES (1928, 'Episode 8', 'Seeded episode', '2010-09-24', 38, 193);
INSERT INTO episode (episode_id, title, description, releasedate, duration, season_season_id) VALUES (1929, 'Episode 9', 'Seeded episode', '2010-09-24', 39, 193);
INSERT INTO episode (episode_id, title, description, releasedate, duration, season_season_id) VALUES (1930, 'Episode 10', 'Seeded episode', '2010-09-24', 40, 193);
INSERT INTO season (season_id, title, releasedate, shows_shows_id) VALUES (194, 'Season 2', '2010-09-24', 97);
INSERT INTO episode (episode_id, title, description, releasedate, duration, season_season_id) VALUES (1931, 'Episode 1', 'Seeded episode', '2010-09-24', 31, 194);
INSERT INTO episode (episode_id, title, description, releasedate, duration, season_season_id) VALUES (1932, 'Episode 2', 'Seeded episode', '2010-09-24', 32, 194);
INSERT INTO episode (episode_id, title, description, releasedate, duration, season_season_id) VALUES (1933, 'Episode 3', 'Seeded episode', '2010-09-24', 33, 194);
INSERT INTO episode (episode_id, title, description, releasedate, duration, season_season_id) VALUES (1934, 'Episode 4', 'Seeded episode', '2010-09-24', 34, 194);
INSERT INTO episode (episode_id, title, description, releasedate, duration, season_season_id) VALUES (1935, 'Episode 5', 'Seeded episode', '2010-09-24', 35, 194);
INSERT INTO episode (episode_id, title, description, releasedate, duration, season_season_id) VALUES (1936, 'Episode 6', 'Seeded episode', '2010-09-24', 36, 194);
INSERT INTO episode (episode_id, title, description, releasedate, duration, season_season_id) VALUES (1937, 'Episode 7', 'Seeded episode', '2010-09-24', 37, 194);
INSERT INTO episode (episode_id, title, description, releasedate, duration, season_season_id) VALUES (1938, 'Episode 8', 'Seeded episode', '2010-09-24', 38, 194);
INSERT INTO episode (episode_id, title, description, releasedate, duration, season_season_id) VALUES (1939, 'Episode 9', 'Seeded episode', '2010-09-24', 39, 194);
INSERT INTO episode (episode_id, title, description, releasedate, duration, season_season_id) VALUES (1940, 'Episode 10', 'Seeded episode', '2010-09-24', 40, 194);

INSERT INTO content (content_id, originaltitle, title, description, rating, releasedate, thumbnail, type) VALUES (198, 'The Good Wife', 'The Good Wife', 'The Good Wife follows Alicia Florrick, a wife and mother who boldly assumes full responsibility for her family and re-enters the workforce after her husband''s very public sex and political corruption scandal lands him in jail. Pushing aside the betrayal and crushing public humiliation caused by her husband Peter, Alicia starts over by pursuing her original career as a defense attorney.', 8.1, '2009-09-22', 'https://static.tvmaze.com/uploads/images/original_untouched/59/148162.jpg', 'SHOW');
INSERT INTO shows (shows_id, content_content_id) VALUES (98, 198);
INSERT INTO season (season_id, title, releasedate, shows_shows_id) VALUES (195, 'Season 1', '2009-09-22', 98);
INSERT INTO episode (episode_id, title, description, releasedate, duration, season_season_id) VALUES (1941, 'Episode 1', 'Seeded episode', '2009-09-22', 31, 195);
INSERT INTO episode (episode_id, title, description, releasedate, duration, season_season_id) VALUES (1942, 'Episode 2', 'Seeded episode', '2009-09-22', 32, 195);
INSERT INTO episode (episode_id, title, description, releasedate, duration, season_season_id) VALUES (1943, 'Episode 3', 'Seeded episode', '2009-09-22', 33, 195);
INSERT INTO episode (episode_id, title, description, releasedate, duration, season_season_id) VALUES (1944, 'Episode 4', 'Seeded episode', '2009-09-22', 34, 195);
INSERT INTO episode (episode_id, title, description, releasedate, duration, season_season_id) VALUES (1945, 'Episode 5', 'Seeded episode', '2009-09-22', 35, 195);
INSERT INTO episode (episode_id, title, description, releasedate, duration, season_season_id) VALUES (1946, 'Episode 6', 'Seeded episode', '2009-09-22', 36, 195);
INSERT INTO episode (episode_id, title, description, releasedate, duration, season_season_id) VALUES (1947, 'Episode 7', 'Seeded episode', '2009-09-22', 37, 195);
INSERT INTO episode (episode_id, title, description, releasedate, duration, season_season_id) VALUES (1948, 'Episode 8', 'Seeded episode', '2009-09-22', 38, 195);
INSERT INTO episode (episode_id, title, description, releasedate, duration, season_season_id) VALUES (1949, 'Episode 9', 'Seeded episode', '2009-09-22', 39, 195);
INSERT INTO episode (episode_id, title, description, releasedate, duration, season_season_id) VALUES (1950, 'Episode 10', 'Seeded episode', '2009-09-22', 40, 195);
INSERT INTO season (season_id, title, releasedate, shows_shows_id) VALUES (196, 'Season 2', '2009-09-22', 98);
INSERT INTO episode (episode_id, title, description, releasedate, duration, season_season_id) VALUES (1951, 'Episode 1', 'Seeded episode', '2009-09-22', 31, 196);
INSERT INTO episode (episode_id, title, description, releasedate, duration, season_season_id) VALUES (1952, 'Episode 2', 'Seeded episode', '2009-09-22', 32, 196);
INSERT INTO episode (episode_id, title, description, releasedate, duration, season_season_id) VALUES (1953, 'Episode 3', 'Seeded episode', '2009-09-22', 33, 196);
INSERT INTO episode (episode_id, title, description, releasedate, duration, season_season_id) VALUES (1954, 'Episode 4', 'Seeded episode', '2009-09-22', 34, 196);
INSERT INTO episode (episode_id, title, description, releasedate, duration, season_season_id) VALUES (1955, 'Episode 5', 'Seeded episode', '2009-09-22', 35, 196);
INSERT INTO episode (episode_id, title, description, releasedate, duration, season_season_id) VALUES (1956, 'Episode 6', 'Seeded episode', '2009-09-22', 36, 196);
INSERT INTO episode (episode_id, title, description, releasedate, duration, season_season_id) VALUES (1957, 'Episode 7', 'Seeded episode', '2009-09-22', 37, 196);
INSERT INTO episode (episode_id, title, description, releasedate, duration, season_season_id) VALUES (1958, 'Episode 8', 'Seeded episode', '2009-09-22', 38, 196);
INSERT INTO episode (episode_id, title, description, releasedate, duration, season_season_id) VALUES (1959, 'Episode 9', 'Seeded episode', '2009-09-22', 39, 196);
INSERT INTO episode (episode_id, title, description, releasedate, duration, season_season_id) VALUES (1960, 'Episode 10', 'Seeded episode', '2009-09-22', 40, 196);

INSERT INTO content (content_id, originaltitle, title, description, rating, releasedate, thumbnail, type) VALUES (199, 'Boardwalk Empire', 'Boardwalk Empire', 'As the country struggles to cope with the Great Depression and the end of Prohibition looms, Nucky Thompson looks to legitimize himself through alliances with liquor producers, while rivals Lucky Luciano and Meyer Lansky seek to consolidate their power in the wake of Arnold Rothstein''s death and eliminate all competition - by any means necessary on Boardwalk Empire.', 8.4, '2010-09-19', 'https://static.tvmaze.com/uploads/images/original_untouched/405/1012589.jpg', 'SHOW');
INSERT INTO shows (shows_id, content_content_id) VALUES (99, 199);
INSERT INTO season (season_id, title, releasedate, shows_shows_id) VALUES (197, 'Season 1', '2010-09-19', 99);
INSERT INTO episode (episode_id, title, description, releasedate, duration, season_season_id) VALUES (1961, 'Episode 1', 'Seeded episode', '2010-09-19', 31, 197);
INSERT INTO episode (episode_id, title, description, releasedate, duration, season_season_id) VALUES (1962, 'Episode 2', 'Seeded episode', '2010-09-19', 32, 197);
INSERT INTO episode (episode_id, title, description, releasedate, duration, season_season_id) VALUES (1963, 'Episode 3', 'Seeded episode', '2010-09-19', 33, 197);
INSERT INTO episode (episode_id, title, description, releasedate, duration, season_season_id) VALUES (1964, 'Episode 4', 'Seeded episode', '2010-09-19', 34, 197);
INSERT INTO episode (episode_id, title, description, releasedate, duration, season_season_id) VALUES (1965, 'Episode 5', 'Seeded episode', '2010-09-19', 35, 197);
INSERT INTO episode (episode_id, title, description, releasedate, duration, season_season_id) VALUES (1966, 'Episode 6', 'Seeded episode', '2010-09-19', 36, 197);
INSERT INTO episode (episode_id, title, description, releasedate, duration, season_season_id) VALUES (1967, 'Episode 7', 'Seeded episode', '2010-09-19', 37, 197);
INSERT INTO episode (episode_id, title, description, releasedate, duration, season_season_id) VALUES (1968, 'Episode 8', 'Seeded episode', '2010-09-19', 38, 197);
INSERT INTO episode (episode_id, title, description, releasedate, duration, season_season_id) VALUES (1969, 'Episode 9', 'Seeded episode', '2010-09-19', 39, 197);
INSERT INTO episode (episode_id, title, description, releasedate, duration, season_season_id) VALUES (1970, 'Episode 10', 'Seeded episode', '2010-09-19', 40, 197);
INSERT INTO season (season_id, title, releasedate, shows_shows_id) VALUES (198, 'Season 2', '2010-09-19', 99);
INSERT INTO episode (episode_id, title, description, releasedate, duration, season_season_id) VALUES (1971, 'Episode 1', 'Seeded episode', '2010-09-19', 31, 198);
INSERT INTO episode (episode_id, title, description, releasedate, duration, season_season_id) VALUES (1972, 'Episode 2', 'Seeded episode', '2010-09-19', 32, 198);
INSERT INTO episode (episode_id, title, description, releasedate, duration, season_season_id) VALUES (1973, 'Episode 3', 'Seeded episode', '2010-09-19', 33, 198);
INSERT INTO episode (episode_id, title, description, releasedate, duration, season_season_id) VALUES (1974, 'Episode 4', 'Seeded episode', '2010-09-19', 34, 198);
INSERT INTO episode (episode_id, title, description, releasedate, duration, season_season_id) VALUES (1975, 'Episode 5', 'Seeded episode', '2010-09-19', 35, 198);
INSERT INTO episode (episode_id, title, description, releasedate, duration, season_season_id) VALUES (1976, 'Episode 6', 'Seeded episode', '2010-09-19', 36, 198);
INSERT INTO episode (episode_id, title, description, releasedate, duration, season_season_id) VALUES (1977, 'Episode 7', 'Seeded episode', '2010-09-19', 37, 198);
INSERT INTO episode (episode_id, title, description, releasedate, duration, season_season_id) VALUES (1978, 'Episode 8', 'Seeded episode', '2010-09-19', 38, 198);
INSERT INTO episode (episode_id, title, description, releasedate, duration, season_season_id) VALUES (1979, 'Episode 9', 'Seeded episode', '2010-09-19', 39, 198);
INSERT INTO episode (episode_id, title, description, releasedate, duration, season_season_id) VALUES (1980, 'Episode 10', 'Seeded episode', '2010-09-19', 40, 198);

INSERT INTO content (content_id, originaltitle, title, description, rating, releasedate, thumbnail, type) VALUES (200, 'Law & Order: Special Victims Unit', 'Law & Order: Special Victims Unit', 'In the criminal justice system, sexually-based offenses are considered especially heinous. In New York City, the dedicated detectives who investigate these vicious felonies are members of an elite squad known as the Special Victims Unit. These are their stories.', 8.0, '1999-09-20', 'https://static.tvmaze.com/uploads/images/original_untouched/589/1472924.jpg', 'SHOW');
INSERT INTO shows (shows_id, content_content_id) VALUES (100, 200);
INSERT INTO season (season_id, title, releasedate, shows_shows_id) VALUES (199, 'Season 1', '1999-09-20', 100);
INSERT INTO episode (episode_id, title, description, releasedate, duration, season_season_id) VALUES (1981, 'Episode 1', 'Seeded episode', '1999-09-20', 31, 199);
INSERT INTO episode (episode_id, title, description, releasedate, duration, season_season_id) VALUES (1982, 'Episode 2', 'Seeded episode', '1999-09-20', 32, 199);
INSERT INTO episode (episode_id, title, description, releasedate, duration, season_season_id) VALUES (1983, 'Episode 3', 'Seeded episode', '1999-09-20', 33, 199);
INSERT INTO episode (episode_id, title, description, releasedate, duration, season_season_id) VALUES (1984, 'Episode 4', 'Seeded episode', '1999-09-20', 34, 199);
INSERT INTO episode (episode_id, title, description, releasedate, duration, season_season_id) VALUES (1985, 'Episode 5', 'Seeded episode', '1999-09-20', 35, 199);
INSERT INTO episode (episode_id, title, description, releasedate, duration, season_season_id) VALUES (1986, 'Episode 6', 'Seeded episode', '1999-09-20', 36, 199);
INSERT INTO episode (episode_id, title, description, releasedate, duration, season_season_id) VALUES (1987, 'Episode 7', 'Seeded episode', '1999-09-20', 37, 199);
INSERT INTO episode (episode_id, title, description, releasedate, duration, season_season_id) VALUES (1988, 'Episode 8', 'Seeded episode', '1999-09-20', 38, 199);
INSERT INTO episode (episode_id, title, description, releasedate, duration, season_season_id) VALUES (1989, 'Episode 9', 'Seeded episode', '1999-09-20', 39, 199);
INSERT INTO episode (episode_id, title, description, releasedate, duration, season_season_id) VALUES (1990, 'Episode 10', 'Seeded episode', '1999-09-20', 40, 199);
INSERT INTO season (season_id, title, releasedate, shows_shows_id) VALUES (200, 'Season 2', '1999-09-20', 100);
INSERT INTO episode (episode_id, title, description, releasedate, duration, season_season_id) VALUES (1991, 'Episode 1', 'Seeded episode', '1999-09-20', 31, 200);
INSERT INTO episode (episode_id, title, description, releasedate, duration, season_season_id) VALUES (1992, 'Episode 2', 'Seeded episode', '1999-09-20', 32, 200);
INSERT INTO episode (episode_id, title, description, releasedate, duration, season_season_id) VALUES (1993, 'Episode 3', 'Seeded episode', '1999-09-20', 33, 200);
INSERT INTO episode (episode_id, title, description, releasedate, duration, season_season_id) VALUES (1994, 'Episode 4', 'Seeded episode', '1999-09-20', 34, 200);
INSERT INTO episode (episode_id, title, description, releasedate, duration, season_season_id) VALUES (1995, 'Episode 5', 'Seeded episode', '1999-09-20', 35, 200);
INSERT INTO episode (episode_id, title, description, releasedate, duration, season_season_id) VALUES (1996, 'Episode 6', 'Seeded episode', '1999-09-20', 36, 200);
INSERT INTO episode (episode_id, title, description, releasedate, duration, season_season_id) VALUES (1997, 'Episode 7', 'Seeded episode', '1999-09-20', 37, 200);
INSERT INTO episode (episode_id, title, description, releasedate, duration, season_season_id) VALUES (1998, 'Episode 8', 'Seeded episode', '1999-09-20', 38, 200);
INSERT INTO episode (episode_id, title, description, releasedate, duration, season_season_id) VALUES (1999, 'Episode 9', 'Seeded episode', '1999-09-20', 39, 200);
INSERT INTO episode (episode_id, title, description, releasedate, duration, season_season_id) VALUES (2000, 'Episode 10', 'Seeded episode', '1999-09-20', 40, 200);

-- =========================================================
-- GENRE + GENRE_HAS_CONTENT
-- =========================================================

INSERT INTO genre (genre_id, genrename) VALUES (1, 'Drama') ON CONFLICT (genrename) DO NOTHING;
INSERT INTO genre (genre_id, genrename) VALUES (2, 'Crime') ON CONFLICT (genrename) DO NOTHING;
INSERT INTO genre (genre_id, genrename) VALUES (3, 'Action') ON CONFLICT (genrename) DO NOTHING;
INSERT INTO genre (genre_id, genrename) VALUES (4, 'Biography') ON CONFLICT (genrename) DO NOTHING;
INSERT INTO genre (genre_id, genrename) VALUES (5, 'History') ON CONFLICT (genrename) DO NOTHING;
INSERT INTO genre (genre_id, genrename) VALUES (6, 'Adventure') ON CONFLICT (genrename) DO NOTHING;
INSERT INTO genre (genre_id, genrename) VALUES (7, 'Western') ON CONFLICT (genrename) DO NOTHING;
INSERT INTO genre (genre_id, genrename) VALUES (8, 'Romance') ON CONFLICT (genrename) DO NOTHING;
INSERT INTO genre (genre_id, genrename) VALUES (9, 'Sci-Fi') ON CONFLICT (genrename) DO NOTHING;
INSERT INTO genre (genre_id, genrename) VALUES (10, 'Fantasy') ON CONFLICT (genrename) DO NOTHING;
INSERT INTO genre (genre_id, genrename) VALUES (11, 'Mystery') ON CONFLICT (genrename) DO NOTHING;
INSERT INTO genre (genre_id, genrename) VALUES (12, 'Family') ON CONFLICT (genrename) DO NOTHING;
INSERT INTO genre (genre_id, genrename) VALUES (13, 'Thriller') ON CONFLICT (genrename) DO NOTHING;
INSERT INTO genre (genre_id, genrename) VALUES (14, 'War') ON CONFLICT (genrename) DO NOTHING;
INSERT INTO genre (genre_id, genrename) VALUES (15, 'Comedy') ON CONFLICT (genrename) DO NOTHING;
INSERT INTO genre (genre_id, genrename) VALUES (16, 'Animation') ON CONFLICT (genrename) DO NOTHING;
INSERT INTO genre (genre_id, genrename) VALUES (17, 'Horror') ON CONFLICT (genrename) DO NOTHING;
INSERT INTO genre (genre_id, genrename) VALUES (18, 'Music') ON CONFLICT (genrename) DO NOTHING;
INSERT INTO genre (genre_id, genrename) VALUES (19, 'Film-Noir') ON CONFLICT (genrename) DO NOTHING;
INSERT INTO genre (genre_id, genrename) VALUES (20, 'Musical') ON CONFLICT (genrename) DO NOTHING;
INSERT INTO genre (genre_id, genrename) VALUES (21, 'Science-Fiction') ON CONFLICT (genrename) DO NOTHING;
INSERT INTO genre (genre_id, genrename) VALUES (22, 'Espionage') ON CONFLICT (genrename) DO NOTHING;
INSERT INTO genre (genre_id, genrename) VALUES (23, 'Supernatural') ON CONFLICT (genrename) DO NOTHING;
INSERT INTO genre (genre_id, genrename) VALUES (24, 'Anime') ON CONFLICT (genrename) DO NOTHING;
INSERT INTO genre (genre_id, genrename) VALUES (25, 'Medical') ON CONFLICT (genrename) DO NOTHING;
INSERT INTO genre (genre_id, genrename) VALUES (26, 'Legal') ON CONFLICT (genrename) DO NOTHING;

INSERT INTO genre_has_content (genre_genre_id, content_content_id) VALUES (1, 1) ON CONFLICT DO NOTHING;
INSERT INTO genre_has_content (genre_genre_id, content_content_id) VALUES (2, 2) ON CONFLICT DO NOTHING;
INSERT INTO genre_has_content (genre_genre_id, content_content_id) VALUES (1, 2) ON CONFLICT DO NOTHING;
INSERT INTO genre_has_content (genre_genre_id, content_content_id) VALUES (3, 3) ON CONFLICT DO NOTHING;
INSERT INTO genre_has_content (genre_genre_id, content_content_id) VALUES (2, 3) ON CONFLICT DO NOTHING;
INSERT INTO genre_has_content (genre_genre_id, content_content_id) VALUES (1, 3) ON CONFLICT DO NOTHING;
INSERT INTO genre_has_content (genre_genre_id, content_content_id) VALUES (2, 4) ON CONFLICT DO NOTHING;
INSERT INTO genre_has_content (genre_genre_id, content_content_id) VALUES (1, 4) ON CONFLICT DO NOTHING;
INSERT INTO genre_has_content (genre_genre_id, content_content_id) VALUES (2, 5) ON CONFLICT DO NOTHING;
INSERT INTO genre_has_content (genre_genre_id, content_content_id) VALUES (1, 5) ON CONFLICT DO NOTHING;
INSERT INTO genre_has_content (genre_genre_id, content_content_id) VALUES (4, 6) ON CONFLICT DO NOTHING;
INSERT INTO genre_has_content (genre_genre_id, content_content_id) VALUES (1, 6) ON CONFLICT DO NOTHING;
INSERT INTO genre_has_content (genre_genre_id, content_content_id) VALUES (5, 6) ON CONFLICT DO NOTHING;
INSERT INTO genre_has_content (genre_genre_id, content_content_id) VALUES (3, 7) ON CONFLICT DO NOTHING;
INSERT INTO genre_has_content (genre_genre_id, content_content_id) VALUES (6, 7) ON CONFLICT DO NOTHING;
INSERT INTO genre_has_content (genre_genre_id, content_content_id) VALUES (1, 7) ON CONFLICT DO NOTHING;
INSERT INTO genre_has_content (genre_genre_id, content_content_id) VALUES (2, 8) ON CONFLICT DO NOTHING;
INSERT INTO genre_has_content (genre_genre_id, content_content_id) VALUES (1, 8) ON CONFLICT DO NOTHING;
INSERT INTO genre_has_content (genre_genre_id, content_content_id) VALUES (3, 9) ON CONFLICT DO NOTHING;
INSERT INTO genre_has_content (genre_genre_id, content_content_id) VALUES (6, 9) ON CONFLICT DO NOTHING;
INSERT INTO genre_has_content (genre_genre_id, content_content_id) VALUES (1, 9) ON CONFLICT DO NOTHING;
INSERT INTO genre_has_content (genre_genre_id, content_content_id) VALUES (6, 10) ON CONFLICT DO NOTHING;
INSERT INTO genre_has_content (genre_genre_id, content_content_id) VALUES (7, 10) ON CONFLICT DO NOTHING;
INSERT INTO genre_has_content (genre_genre_id, content_content_id) VALUES (1, 11) ON CONFLICT DO NOTHING;
INSERT INTO genre_has_content (genre_genre_id, content_content_id) VALUES (8, 11) ON CONFLICT DO NOTHING;
INSERT INTO genre_has_content (genre_genre_id, content_content_id) VALUES (1, 12) ON CONFLICT DO NOTHING;
INSERT INTO genre_has_content (genre_genre_id, content_content_id) VALUES (3, 13) ON CONFLICT DO NOTHING;
INSERT INTO genre_has_content (genre_genre_id, content_content_id) VALUES (6, 13) ON CONFLICT DO NOTHING;
INSERT INTO genre_has_content (genre_genre_id, content_content_id) VALUES (9, 13) ON CONFLICT DO NOTHING;
INSERT INTO genre_has_content (genre_genre_id, content_content_id) VALUES (3, 14) ON CONFLICT DO NOTHING;
INSERT INTO genre_has_content (genre_genre_id, content_content_id) VALUES (6, 14) ON CONFLICT DO NOTHING;
INSERT INTO genre_has_content (genre_genre_id, content_content_id) VALUES (1, 14) ON CONFLICT DO NOTHING;
INSERT INTO genre_has_content (genre_genre_id, content_content_id) VALUES (3, 15) ON CONFLICT DO NOTHING;
INSERT INTO genre_has_content (genre_genre_id, content_content_id) VALUES (6, 15) ON CONFLICT DO NOTHING;
INSERT INTO genre_has_content (genre_genre_id, content_content_id) VALUES (10, 15) ON CONFLICT DO NOTHING;
INSERT INTO genre_has_content (genre_genre_id, content_content_id) VALUES (3, 16) ON CONFLICT DO NOTHING;
INSERT INTO genre_has_content (genre_genre_id, content_content_id) VALUES (9, 16) ON CONFLICT DO NOTHING;
INSERT INTO genre_has_content (genre_genre_id, content_content_id) VALUES (4, 17) ON CONFLICT DO NOTHING;
INSERT INTO genre_has_content (genre_genre_id, content_content_id) VALUES (2, 17) ON CONFLICT DO NOTHING;
INSERT INTO genre_has_content (genre_genre_id, content_content_id) VALUES (1, 17) ON CONFLICT DO NOTHING;
INSERT INTO genre_has_content (genre_genre_id, content_content_id) VALUES (1, 18) ON CONFLICT DO NOTHING;
INSERT INTO genre_has_content (genre_genre_id, content_content_id) VALUES (2, 19) ON CONFLICT DO NOTHING;
INSERT INTO genre_has_content (genre_genre_id, content_content_id) VALUES (1, 19) ON CONFLICT DO NOTHING;
INSERT INTO genre_has_content (genre_genre_id, content_content_id) VALUES (11, 19) ON CONFLICT DO NOTHING;
INSERT INTO genre_has_content (genre_genre_id, content_content_id) VALUES (3, 20) ON CONFLICT DO NOTHING;
INSERT INTO genre_has_content (genre_genre_id, content_content_id) VALUES (1, 20) ON CONFLICT DO NOTHING;
INSERT INTO genre_has_content (genre_genre_id, content_content_id) VALUES (1, 21) ON CONFLICT DO NOTHING;
INSERT INTO genre_has_content (genre_genre_id, content_content_id) VALUES (12, 21) ON CONFLICT DO NOTHING;
INSERT INTO genre_has_content (genre_genre_id, content_content_id) VALUES (10, 21) ON CONFLICT DO NOTHING;
INSERT INTO genre_has_content (genre_genre_id, content_content_id) VALUES (2, 22) ON CONFLICT DO NOTHING;
INSERT INTO genre_has_content (genre_genre_id, content_content_id) VALUES (1, 22) ON CONFLICT DO NOTHING;
INSERT INTO genre_has_content (genre_genre_id, content_content_id) VALUES (13, 22) ON CONFLICT DO NOTHING;
INSERT INTO genre_has_content (genre_genre_id, content_content_id) VALUES (1, 23) ON CONFLICT DO NOTHING;
INSERT INTO genre_has_content (genre_genre_id, content_content_id) VALUES (14, 23) ON CONFLICT DO NOTHING;
INSERT INTO genre_has_content (genre_genre_id, content_content_id) VALUES (2, 24) ON CONFLICT DO NOTHING;
INSERT INTO genre_has_content (genre_genre_id, content_content_id) VALUES (1, 24) ON CONFLICT DO NOTHING;
INSERT INTO genre_has_content (genre_genre_id, content_content_id) VALUES (15, 25) ON CONFLICT DO NOTHING;
INSERT INTO genre_has_content (genre_genre_id, content_content_id) VALUES (1, 25) ON CONFLICT DO NOTHING;
INSERT INTO genre_has_content (genre_genre_id, content_content_id) VALUES (8, 25) ON CONFLICT DO NOTHING;
INSERT INTO genre_has_content (genre_genre_id, content_content_id) VALUES (2, 26) ON CONFLICT DO NOTHING;
INSERT INTO genre_has_content (genre_genre_id, content_content_id) VALUES (1, 26) ON CONFLICT DO NOTHING;
INSERT INTO genre_has_content (genre_genre_id, content_content_id) VALUES (10, 26) ON CONFLICT DO NOTHING;
INSERT INTO genre_has_content (genre_genre_id, content_content_id) VALUES (3, 27) ON CONFLICT DO NOTHING;
INSERT INTO genre_has_content (genre_genre_id, content_content_id) VALUES (6, 27) ON CONFLICT DO NOTHING;
INSERT INTO genre_has_content (genre_genre_id, content_content_id) VALUES (10, 27) ON CONFLICT DO NOTHING;
INSERT INTO genre_has_content (genre_genre_id, content_content_id) VALUES (6, 28) ON CONFLICT DO NOTHING;
INSERT INTO genre_has_content (genre_genre_id, content_content_id) VALUES (1, 28) ON CONFLICT DO NOTHING;
INSERT INTO genre_has_content (genre_genre_id, content_content_id) VALUES (9, 28) ON CONFLICT DO NOTHING;
INSERT INTO genre_has_content (genre_genre_id, content_content_id) VALUES (3, 29) ON CONFLICT DO NOTHING;
INSERT INTO genre_has_content (genre_genre_id, content_content_id) VALUES (9, 29) ON CONFLICT DO NOTHING;
INSERT INTO genre_has_content (genre_genre_id, content_content_id) VALUES (6, 30) ON CONFLICT DO NOTHING;
INSERT INTO genre_has_content (genre_genre_id, content_content_id) VALUES (15, 30) ON CONFLICT DO NOTHING;
INSERT INTO genre_has_content (genre_genre_id, content_content_id) VALUES (9, 30) ON CONFLICT DO NOTHING;
INSERT INTO genre_has_content (genre_genre_id, content_content_id) VALUES (16, 31) ON CONFLICT DO NOTHING;
INSERT INTO genre_has_content (genre_genre_id, content_content_id) VALUES (6, 31) ON CONFLICT DO NOTHING;
INSERT INTO genre_has_content (genre_genre_id, content_content_id) VALUES (12, 31) ON CONFLICT DO NOTHING;
INSERT INTO genre_has_content (genre_genre_id, content_content_id) VALUES (17, 32) ON CONFLICT DO NOTHING;
INSERT INTO genre_has_content (genre_genre_id, content_content_id) VALUES (11, 32) ON CONFLICT DO NOTHING;
INSERT INTO genre_has_content (genre_genre_id, content_content_id) VALUES (13, 32) ON CONFLICT DO NOTHING;
INSERT INTO genre_has_content (genre_genre_id, content_content_id) VALUES (4, 33) ON CONFLICT DO NOTHING;
INSERT INTO genre_has_content (genre_genre_id, content_content_id) VALUES (1, 33) ON CONFLICT DO NOTHING;
INSERT INTO genre_has_content (genre_genre_id, content_content_id) VALUES (18, 33) ON CONFLICT DO NOTHING;
INSERT INTO genre_has_content (genre_genre_id, content_content_id) VALUES (3, 34) ON CONFLICT DO NOTHING;
INSERT INTO genre_has_content (genre_genre_id, content_content_id) VALUES (2, 34) ON CONFLICT DO NOTHING;
INSERT INTO genre_has_content (genre_genre_id, content_content_id) VALUES (1, 34) ON CONFLICT DO NOTHING;
INSERT INTO genre_has_content (genre_genre_id, content_content_id) VALUES (15, 35) ON CONFLICT DO NOTHING;
INSERT INTO genre_has_content (genre_genre_id, content_content_id) VALUES (1, 35) ON CONFLICT DO NOTHING;
INSERT INTO genre_has_content (genre_genre_id, content_content_id) VALUES (13, 35) ON CONFLICT DO NOTHING;
INSERT INTO genre_has_content (genre_genre_id, content_content_id) VALUES (16, 36) ON CONFLICT DO NOTHING;
INSERT INTO genre_has_content (genre_genre_id, content_content_id) VALUES (6, 36) ON CONFLICT DO NOTHING;
INSERT INTO genre_has_content (genre_genre_id, content_content_id) VALUES (1, 36) ON CONFLICT DO NOTHING;
INSERT INTO genre_has_content (genre_genre_id, content_content_id) VALUES (3, 37) ON CONFLICT DO NOTHING;
INSERT INTO genre_has_content (genre_genre_id, content_content_id) VALUES (6, 37) ON CONFLICT DO NOTHING;
INSERT INTO genre_has_content (genre_genre_id, content_content_id) VALUES (1, 37) ON CONFLICT DO NOTHING;
INSERT INTO genre_has_content (genre_genre_id, content_content_id) VALUES (1, 38) ON CONFLICT DO NOTHING;
INSERT INTO genre_has_content (genre_genre_id, content_content_id) VALUES (2, 39) ON CONFLICT DO NOTHING;
INSERT INTO genre_has_content (genre_genre_id, content_content_id) VALUES (1, 39) ON CONFLICT DO NOTHING;
INSERT INTO genre_has_content (genre_genre_id, content_content_id) VALUES (11, 39) ON CONFLICT DO NOTHING;
INSERT INTO genre_has_content (genre_genre_id, content_content_id) VALUES (2, 40) ON CONFLICT DO NOTHING;
INSERT INTO genre_has_content (genre_genre_id, content_content_id) VALUES (1, 40) ON CONFLICT DO NOTHING;
INSERT INTO genre_has_content (genre_genre_id, content_content_id) VALUES (13, 40) ON CONFLICT DO NOTHING;
INSERT INTO genre_has_content (genre_genre_id, content_content_id) VALUES (1, 41) ON CONFLICT DO NOTHING;
INSERT INTO genre_has_content (genre_genre_id, content_content_id) VALUES (11, 41) ON CONFLICT DO NOTHING;
INSERT INTO genre_has_content (genre_genre_id, content_content_id) VALUES (13, 41) ON CONFLICT DO NOTHING;
INSERT INTO genre_has_content (genre_genre_id, content_content_id) VALUES (1, 42) ON CONFLICT DO NOTHING;
INSERT INTO genre_has_content (genre_genre_id, content_content_id) VALUES (8, 42) ON CONFLICT DO NOTHING;
INSERT INTO genre_has_content (genre_genre_id, content_content_id) VALUES (14, 42) ON CONFLICT DO NOTHING;
INSERT INTO genre_has_content (genre_genre_id, content_content_id) VALUES (1, 43) ON CONFLICT DO NOTHING;
INSERT INTO genre_has_content (genre_genre_id, content_content_id) VALUES (18, 43) ON CONFLICT DO NOTHING;
INSERT INTO genre_has_content (genre_genre_id, content_content_id) VALUES (4, 44) ON CONFLICT DO NOTHING;
INSERT INTO genre_has_content (genre_genre_id, content_content_id) VALUES (15, 44) ON CONFLICT DO NOTHING;
INSERT INTO genre_has_content (genre_genre_id, content_content_id) VALUES (1, 44) ON CONFLICT DO NOTHING;
INSERT INTO genre_has_content (genre_genre_id, content_content_id) VALUES (15, 45) ON CONFLICT DO NOTHING;
INSERT INTO genre_has_content (genre_genre_id, content_content_id) VALUES (1, 45) ON CONFLICT DO NOTHING;
INSERT INTO genre_has_content (genre_genre_id, content_content_id) VALUES (8, 45) ON CONFLICT DO NOTHING;
INSERT INTO genre_has_content (genre_genre_id, content_content_id) VALUES (7, 46) ON CONFLICT DO NOTHING;
INSERT INTO genre_has_content (genre_genre_id, content_content_id) VALUES (3, 47) ON CONFLICT DO NOTHING;
INSERT INTO genre_has_content (genre_genre_id, content_content_id) VALUES (1, 47) ON CONFLICT DO NOTHING;
INSERT INTO genre_has_content (genre_genre_id, content_content_id) VALUES (11, 47) ON CONFLICT DO NOTHING;
INSERT INTO genre_has_content (genre_genre_id, content_content_id) VALUES (16, 48) ON CONFLICT DO NOTHING;
INSERT INTO genre_has_content (genre_genre_id, content_content_id) VALUES (1, 48) ON CONFLICT DO NOTHING;
INSERT INTO genre_has_content (genre_genre_id, content_content_id) VALUES (14, 48) ON CONFLICT DO NOTHING;
INSERT INTO genre_has_content (genre_genre_id, content_content_id) VALUES (17, 49) ON CONFLICT DO NOTHING;
INSERT INTO genre_has_content (genre_genre_id, content_content_id) VALUES (9, 49) ON CONFLICT DO NOTHING;
INSERT INTO genre_has_content (genre_genre_id, content_content_id) VALUES (11, 50) ON CONFLICT DO NOTHING;
INSERT INTO genre_has_content (genre_genre_id, content_content_id) VALUES (13, 50) ON CONFLICT DO NOTHING;
INSERT INTO genre_has_content (genre_genre_id, content_content_id) VALUES (15, 51) ON CONFLICT DO NOTHING;
INSERT INTO genre_has_content (genre_genre_id, content_content_id) VALUES (1, 51) ON CONFLICT DO NOTHING;
INSERT INTO genre_has_content (genre_genre_id, content_content_id) VALUES (8, 51) ON CONFLICT DO NOTHING;
INSERT INTO genre_has_content (genre_genre_id, content_content_id) VALUES (11, 52) ON CONFLICT DO NOTHING;
INSERT INTO genre_has_content (genre_genre_id, content_content_id) VALUES (13, 52) ON CONFLICT DO NOTHING;
INSERT INTO genre_has_content (genre_genre_id, content_content_id) VALUES (1, 53) ON CONFLICT DO NOTHING;
INSERT INTO genre_has_content (genre_genre_id, content_content_id) VALUES (8, 53) ON CONFLICT DO NOTHING;
INSERT INTO genre_has_content (genre_genre_id, content_content_id) VALUES (1, 54) ON CONFLICT DO NOTHING;
INSERT INTO genre_has_content (genre_genre_id, content_content_id) VALUES (11, 54) ON CONFLICT DO NOTHING;
INSERT INTO genre_has_content (genre_genre_id, content_content_id) VALUES (14, 54) ON CONFLICT DO NOTHING;
INSERT INTO genre_has_content (genre_genre_id, content_content_id) VALUES (3, 55) ON CONFLICT DO NOTHING;
INSERT INTO genre_has_content (genre_genre_id, content_content_id) VALUES (6, 55) ON CONFLICT DO NOTHING;
INSERT INTO genre_has_content (genre_genre_id, content_content_id) VALUES (1, 56) ON CONFLICT DO NOTHING;
INSERT INTO genre_has_content (genre_genre_id, content_content_id) VALUES (7, 56) ON CONFLICT DO NOTHING;
INSERT INTO genre_has_content (genre_genre_id, content_content_id) VALUES (16, 57) ON CONFLICT DO NOTHING;
INSERT INTO genre_has_content (genre_genre_id, content_content_id) VALUES (6, 57) ON CONFLICT DO NOTHING;
INSERT INTO genre_has_content (genre_genre_id, content_content_id) VALUES (12, 57) ON CONFLICT DO NOTHING;
INSERT INTO genre_has_content (genre_genre_id, content_content_id) VALUES (1, 58) ON CONFLICT DO NOTHING;
INSERT INTO genre_has_content (genre_genre_id, content_content_id) VALUES (11, 58) ON CONFLICT DO NOTHING;
INSERT INTO genre_has_content (genre_genre_id, content_content_id) VALUES (13, 58) ON CONFLICT DO NOTHING;
INSERT INTO genre_has_content (genre_genre_id, content_content_id) VALUES (1, 59) ON CONFLICT DO NOTHING;
INSERT INTO genre_has_content (genre_genre_id, content_content_id) VALUES (19, 59) ON CONFLICT DO NOTHING;
INSERT INTO genre_has_content (genre_genre_id, content_content_id) VALUES (1, 60) ON CONFLICT DO NOTHING;
INSERT INTO genre_has_content (genre_genre_id, content_content_id) VALUES (17, 60) ON CONFLICT DO NOTHING;
INSERT INTO genre_has_content (genre_genre_id, content_content_id) VALUES (1, 61) ON CONFLICT DO NOTHING;
INSERT INTO genre_has_content (genre_genre_id, content_content_id) VALUES (14, 61) ON CONFLICT DO NOTHING;
INSERT INTO genre_has_content (genre_genre_id, content_content_id) VALUES (15, 62) ON CONFLICT DO NOTHING;
INSERT INTO genre_has_content (genre_genre_id, content_content_id) VALUES (1, 62) ON CONFLICT DO NOTHING;
INSERT INTO genre_has_content (genre_genre_id, content_content_id) VALUES (14, 62) ON CONFLICT DO NOTHING;
INSERT INTO genre_has_content (genre_genre_id, content_content_id) VALUES (3, 63) ON CONFLICT DO NOTHING;
INSERT INTO genre_has_content (genre_genre_id, content_content_id) VALUES (6, 63) ON CONFLICT DO NOTHING;
INSERT INTO genre_has_content (genre_genre_id, content_content_id) VALUES (9, 63) ON CONFLICT DO NOTHING;
INSERT INTO genre_has_content (genre_genre_id, content_content_id) VALUES (2, 64) ON CONFLICT DO NOTHING;
INSERT INTO genre_has_content (genre_genre_id, content_content_id) VALUES (1, 64) ON CONFLICT DO NOTHING;
INSERT INTO genre_has_content (genre_genre_id, content_content_id) VALUES (11, 64) ON CONFLICT DO NOTHING;
INSERT INTO genre_has_content (genre_genre_id, content_content_id) VALUES (3, 65) ON CONFLICT DO NOTHING;
INSERT INTO genre_has_content (genre_genre_id, content_content_id) VALUES (6, 65) ON CONFLICT DO NOTHING;
INSERT INTO genre_has_content (genre_genre_id, content_content_id) VALUES (9, 65) ON CONFLICT DO NOTHING;
INSERT INTO genre_has_content (genre_genre_id, content_content_id) VALUES (1, 66) ON CONFLICT DO NOTHING;
INSERT INTO genre_has_content (genre_genre_id, content_content_id) VALUES (3, 67) ON CONFLICT DO NOTHING;
INSERT INTO genre_has_content (genre_genre_id, content_content_id) VALUES (2, 67) ON CONFLICT DO NOTHING;
INSERT INTO genre_has_content (genre_genre_id, content_content_id) VALUES (1, 67) ON CONFLICT DO NOTHING;
INSERT INTO genre_has_content (genre_genre_id, content_content_id) VALUES (15, 68) ON CONFLICT DO NOTHING;
INSERT INTO genre_has_content (genre_genre_id, content_content_id) VALUES (14, 68) ON CONFLICT DO NOTHING;
INSERT INTO genre_has_content (genre_genre_id, content_content_id) VALUES (16, 69) ON CONFLICT DO NOTHING;
INSERT INTO genre_has_content (genre_genre_id, content_content_id) VALUES (3, 69) ON CONFLICT DO NOTHING;
INSERT INTO genre_has_content (genre_genre_id, content_content_id) VALUES (6, 69) ON CONFLICT DO NOTHING;
INSERT INTO genre_has_content (genre_genre_id, content_content_id) VALUES (2, 70) ON CONFLICT DO NOTHING;
INSERT INTO genre_has_content (genre_genre_id, content_content_id) VALUES (1, 70) ON CONFLICT DO NOTHING;
INSERT INTO genre_has_content (genre_genre_id, content_content_id) VALUES (13, 70) ON CONFLICT DO NOTHING;
INSERT INTO genre_has_content (genre_genre_id, content_content_id) VALUES (3, 71) ON CONFLICT DO NOTHING;
INSERT INTO genre_has_content (genre_genre_id, content_content_id) VALUES (1, 71) ON CONFLICT DO NOTHING;
INSERT INTO genre_has_content (genre_genre_id, content_content_id) VALUES (11, 71) ON CONFLICT DO NOTHING;
INSERT INTO genre_has_content (genre_genre_id, content_content_id) VALUES (4, 72) ON CONFLICT DO NOTHING;
INSERT INTO genre_has_content (genre_genre_id, content_content_id) VALUES (1, 72) ON CONFLICT DO NOTHING;
INSERT INTO genre_has_content (genre_genre_id, content_content_id) VALUES (5, 72) ON CONFLICT DO NOTHING;
INSERT INTO genre_has_content (genre_genre_id, content_content_id) VALUES (16, 73) ON CONFLICT DO NOTHING;
INSERT INTO genre_has_content (genre_genre_id, content_content_id) VALUES (6, 73) ON CONFLICT DO NOTHING;
INSERT INTO genre_has_content (genre_genre_id, content_content_id) VALUES (15, 73) ON CONFLICT DO NOTHING;
INSERT INTO genre_has_content (genre_genre_id, content_content_id) VALUES (4, 74) ON CONFLICT DO NOTHING;
INSERT INTO genre_has_content (genre_genre_id, content_content_id) VALUES (1, 74) ON CONFLICT DO NOTHING;
INSERT INTO genre_has_content (genre_genre_id, content_content_id) VALUES (18, 74) ON CONFLICT DO NOTHING;
INSERT INTO genre_has_content (genre_genre_id, content_content_id) VALUES (16, 75) ON CONFLICT DO NOTHING;
INSERT INTO genre_has_content (genre_genre_id, content_content_id) VALUES (6, 75) ON CONFLICT DO NOTHING;
INSERT INTO genre_has_content (genre_genre_id, content_content_id) VALUES (15, 75) ON CONFLICT DO NOTHING;
INSERT INTO genre_has_content (genre_genre_id, content_content_id) VALUES (3, 76) ON CONFLICT DO NOTHING;
INSERT INTO genre_has_content (genre_genre_id, content_content_id) VALUES (6, 76) ON CONFLICT DO NOTHING;
INSERT INTO genre_has_content (genre_genre_id, content_content_id) VALUES (10, 76) ON CONFLICT DO NOTHING;
INSERT INTO genre_has_content (genre_genre_id, content_content_id) VALUES (6, 77) ON CONFLICT DO NOTHING;
INSERT INTO genre_has_content (genre_genre_id, content_content_id) VALUES (1, 77) ON CONFLICT DO NOTHING;
INSERT INTO genre_has_content (genre_genre_id, content_content_id) VALUES (14, 77) ON CONFLICT DO NOTHING;
INSERT INTO genre_has_content (genre_genre_id, content_content_id) VALUES (1, 78) ON CONFLICT DO NOTHING;
INSERT INTO genre_has_content (genre_genre_id, content_content_id) VALUES (14, 78) ON CONFLICT DO NOTHING;
INSERT INTO genre_has_content (genre_genre_id, content_content_id) VALUES (3, 79) ON CONFLICT DO NOTHING;
INSERT INTO genre_has_content (genre_genre_id, content_content_id) VALUES (6, 79) ON CONFLICT DO NOTHING;
INSERT INTO genre_has_content (genre_genre_id, content_content_id) VALUES (1, 79) ON CONFLICT DO NOTHING;
INSERT INTO genre_has_content (genre_genre_id, content_content_id) VALUES (16, 80) ON CONFLICT DO NOTHING;
INSERT INTO genre_has_content (genre_genre_id, content_content_id) VALUES (3, 80) ON CONFLICT DO NOTHING;
INSERT INTO genre_has_content (genre_genre_id, content_content_id) VALUES (6, 80) ON CONFLICT DO NOTHING;
INSERT INTO genre_has_content (genre_genre_id, content_content_id) VALUES (2, 81) ON CONFLICT DO NOTHING;
INSERT INTO genre_has_content (genre_genre_id, content_content_id) VALUES (1, 81) ON CONFLICT DO NOTHING;
INSERT INTO genre_has_content (genre_genre_id, content_content_id) VALUES (1, 82) ON CONFLICT DO NOTHING;
INSERT INTO genre_has_content (genre_genre_id, content_content_id) VALUES (8, 82) ON CONFLICT DO NOTHING;
INSERT INTO genre_has_content (genre_genre_id, content_content_id) VALUES (16, 83) ON CONFLICT DO NOTHING;
INSERT INTO genre_has_content (genre_genre_id, content_content_id) VALUES (6, 83) ON CONFLICT DO NOTHING;
INSERT INTO genre_has_content (genre_genre_id, content_content_id) VALUES (15, 83) ON CONFLICT DO NOTHING;
INSERT INTO genre_has_content (genre_genre_id, content_content_id) VALUES (1, 84) ON CONFLICT DO NOTHING;
INSERT INTO genre_has_content (genre_genre_id, content_content_id) VALUES (15, 85) ON CONFLICT DO NOTHING;
INSERT INTO genre_has_content (genre_genre_id, content_content_id) VALUES (1, 85) ON CONFLICT DO NOTHING;
INSERT INTO genre_has_content (genre_genre_id, content_content_id) VALUES (16, 86) ON CONFLICT DO NOTHING;
INSERT INTO genre_has_content (genre_genre_id, content_content_id) VALUES (1, 86) ON CONFLICT DO NOTHING;
INSERT INTO genre_has_content (genre_genre_id, content_content_id) VALUES (10, 86) ON CONFLICT DO NOTHING;
INSERT INTO genre_has_content (genre_genre_id, content_content_id) VALUES (15, 87) ON CONFLICT DO NOTHING;
INSERT INTO genre_has_content (genre_genre_id, content_content_id) VALUES (20, 87) ON CONFLICT DO NOTHING;
INSERT INTO genre_has_content (genre_genre_id, content_content_id) VALUES (8, 87) ON CONFLICT DO NOTHING;
INSERT INTO genre_has_content (genre_genre_id, content_content_id) VALUES (3, 88) ON CONFLICT DO NOTHING;
INSERT INTO genre_has_content (genre_genre_id, content_content_id) VALUES (6, 88) ON CONFLICT DO NOTHING;
INSERT INTO genre_has_content (genre_genre_id, content_content_id) VALUES (10, 88) ON CONFLICT DO NOTHING;
INSERT INTO genre_has_content (genre_genre_id, content_content_id) VALUES (2, 89) ON CONFLICT DO NOTHING;
INSERT INTO genre_has_content (genre_genre_id, content_content_id) VALUES (1, 89) ON CONFLICT DO NOTHING;
INSERT INTO genre_has_content (genre_genre_id, content_content_id) VALUES (13, 89) ON CONFLICT DO NOTHING;
INSERT INTO genre_has_content (genre_genre_id, content_content_id) VALUES (1, 90) ON CONFLICT DO NOTHING;
INSERT INTO genre_has_content (genre_genre_id, content_content_id) VALUES (8, 90) ON CONFLICT DO NOTHING;
INSERT INTO genre_has_content (genre_genre_id, content_content_id) VALUES (9, 90) ON CONFLICT DO NOTHING;
INSERT INTO genre_has_content (genre_genre_id, content_content_id) VALUES (6, 91) ON CONFLICT DO NOTHING;
INSERT INTO genre_has_content (genre_genre_id, content_content_id) VALUES (9, 91) ON CONFLICT DO NOTHING;
INSERT INTO genre_has_content (genre_genre_id, content_content_id) VALUES (2, 92) ON CONFLICT DO NOTHING;
INSERT INTO genre_has_content (genre_genre_id, content_content_id) VALUES (1, 92) ON CONFLICT DO NOTHING;
INSERT INTO genre_has_content (genre_genre_id, content_content_id) VALUES (11, 92) ON CONFLICT DO NOTHING;
INSERT INTO genre_has_content (genre_genre_id, content_content_id) VALUES (1, 93) ON CONFLICT DO NOTHING;
INSERT INTO genre_has_content (genre_genre_id, content_content_id) VALUES (11, 93) ON CONFLICT DO NOTHING;
INSERT INTO genre_has_content (genre_genre_id, content_content_id) VALUES (6, 94) ON CONFLICT DO NOTHING;
INSERT INTO genre_has_content (genre_genre_id, content_content_id) VALUES (4, 94) ON CONFLICT DO NOTHING;
INSERT INTO genre_has_content (genre_genre_id, content_content_id) VALUES (1, 94) ON CONFLICT DO NOTHING;
INSERT INTO genre_has_content (genre_genre_id, content_content_id) VALUES (1, 95) ON CONFLICT DO NOTHING;
INSERT INTO genre_has_content (genre_genre_id, content_content_id) VALUES (2, 96) ON CONFLICT DO NOTHING;
INSERT INTO genre_has_content (genre_genre_id, content_content_id) VALUES (11, 96) ON CONFLICT DO NOTHING;
INSERT INTO genre_has_content (genre_genre_id, content_content_id) VALUES (13, 96) ON CONFLICT DO NOTHING;
INSERT INTO genre_has_content (genre_genre_id, content_content_id) VALUES (6, 97) ON CONFLICT DO NOTHING;
INSERT INTO genre_has_content (genre_genre_id, content_content_id) VALUES (11, 97) ON CONFLICT DO NOTHING;
INSERT INTO genre_has_content (genre_genre_id, content_content_id) VALUES (13, 97) ON CONFLICT DO NOTHING;
INSERT INTO genre_has_content (genre_genre_id, content_content_id) VALUES (1, 98) ON CONFLICT DO NOTHING;
INSERT INTO genre_has_content (genre_genre_id, content_content_id) VALUES (11, 99) ON CONFLICT DO NOTHING;
INSERT INTO genre_has_content (genre_genre_id, content_content_id) VALUES (8, 99) ON CONFLICT DO NOTHING;
INSERT INTO genre_has_content (genre_genre_id, content_content_id) VALUES (13, 99) ON CONFLICT DO NOTHING;
INSERT INTO genre_has_content (genre_genre_id, content_content_id) VALUES (15, 100) ON CONFLICT DO NOTHING;
INSERT INTO genre_has_content (genre_genre_id, content_content_id) VALUES (8, 100) ON CONFLICT DO NOTHING;
INSERT INTO genre_has_content (genre_genre_id, content_content_id) VALUES (1, 101) ON CONFLICT DO NOTHING;
INSERT INTO genre_has_content (genre_genre_id, content_content_id) VALUES (21, 101) ON CONFLICT DO NOTHING;
INSERT INTO genre_has_content (genre_genre_id, content_content_id) VALUES (13, 101) ON CONFLICT DO NOTHING;
INSERT INTO genre_has_content (genre_genre_id, content_content_id) VALUES (3, 102) ON CONFLICT DO NOTHING;
INSERT INTO genre_has_content (genre_genre_id, content_content_id) VALUES (2, 102) ON CONFLICT DO NOTHING;
INSERT INTO genre_has_content (genre_genre_id, content_content_id) VALUES (21, 102) ON CONFLICT DO NOTHING;
INSERT INTO genre_has_content (genre_genre_id, content_content_id) VALUES (1, 103) ON CONFLICT DO NOTHING;
INSERT INTO genre_has_content (genre_genre_id, content_content_id) VALUES (17, 103) ON CONFLICT DO NOTHING;
INSERT INTO genre_has_content (genre_genre_id, content_content_id) VALUES (8, 103) ON CONFLICT DO NOTHING;
INSERT INTO genre_has_content (genre_genre_id, content_content_id) VALUES (1, 104) ON CONFLICT DO NOTHING;
INSERT INTO genre_has_content (genre_genre_id, content_content_id) VALUES (3, 104) ON CONFLICT DO NOTHING;
INSERT INTO genre_has_content (genre_genre_id, content_content_id) VALUES (21, 104) ON CONFLICT DO NOTHING;
INSERT INTO genre_has_content (genre_genre_id, content_content_id) VALUES (1, 105) ON CONFLICT DO NOTHING;
INSERT INTO genre_has_content (genre_genre_id, content_content_id) VALUES (2, 105) ON CONFLICT DO NOTHING;
INSERT INTO genre_has_content (genre_genre_id, content_content_id) VALUES (13, 105) ON CONFLICT DO NOTHING;
INSERT INTO genre_has_content (genre_genre_id, content_content_id) VALUES (3, 106) ON CONFLICT DO NOTHING;
INSERT INTO genre_has_content (genre_genre_id, content_content_id) VALUES (6, 106) ON CONFLICT DO NOTHING;
INSERT INTO genre_has_content (genre_genre_id, content_content_id) VALUES (21, 106) ON CONFLICT DO NOTHING;
INSERT INTO genre_has_content (genre_genre_id, content_content_id) VALUES (1, 107) ON CONFLICT DO NOTHING;
INSERT INTO genre_has_content (genre_genre_id, content_content_id) VALUES (13, 107) ON CONFLICT DO NOTHING;
INSERT INTO genre_has_content (genre_genre_id, content_content_id) VALUES (22, 107) ON CONFLICT DO NOTHING;
INSERT INTO genre_has_content (genre_genre_id, content_content_id) VALUES (1, 108) ON CONFLICT DO NOTHING;
INSERT INTO genre_has_content (genre_genre_id, content_content_id) VALUES (18, 108) ON CONFLICT DO NOTHING;
INSERT INTO genre_has_content (genre_genre_id, content_content_id) VALUES (8, 108) ON CONFLICT DO NOTHING;
INSERT INTO genre_has_content (genre_genre_id, content_content_id) VALUES (1, 109) ON CONFLICT DO NOTHING;
INSERT INTO genre_has_content (genre_genre_id, content_content_id) VALUES (13, 109) ON CONFLICT DO NOTHING;
INSERT INTO genre_has_content (genre_genre_id, content_content_id) VALUES (11, 109) ON CONFLICT DO NOTHING;
INSERT INTO genre_has_content (genre_genre_id, content_content_id) VALUES (1, 110) ON CONFLICT DO NOTHING;
INSERT INTO genre_has_content (genre_genre_id, content_content_id) VALUES (2, 110) ON CONFLICT DO NOTHING;
INSERT INTO genre_has_content (genre_genre_id, content_content_id) VALUES (23, 110) ON CONFLICT DO NOTHING;
INSERT INTO genre_has_content (genre_genre_id, content_content_id) VALUES (1, 111) ON CONFLICT DO NOTHING;
INSERT INTO genre_has_content (genre_genre_id, content_content_id) VALUES (3, 111) ON CONFLICT DO NOTHING;
INSERT INTO genre_has_content (genre_genre_id, content_content_id) VALUES (2, 111) ON CONFLICT DO NOTHING;
INSERT INTO genre_has_content (genre_genre_id, content_content_id) VALUES (1, 112) ON CONFLICT DO NOTHING;
INSERT INTO genre_has_content (genre_genre_id, content_content_id) VALUES (10, 112) ON CONFLICT DO NOTHING;
INSERT INTO genre_has_content (genre_genre_id, content_content_id) VALUES (17, 112) ON CONFLICT DO NOTHING;
INSERT INTO genre_has_content (genre_genre_id, content_content_id) VALUES (1, 113) ON CONFLICT DO NOTHING;
INSERT INTO genre_has_content (genre_genre_id, content_content_id) VALUES (3, 113) ON CONFLICT DO NOTHING;
INSERT INTO genre_has_content (genre_genre_id, content_content_id) VALUES (21, 113) ON CONFLICT DO NOTHING;
INSERT INTO genre_has_content (genre_genre_id, content_content_id) VALUES (1, 114) ON CONFLICT DO NOTHING;
INSERT INTO genre_has_content (genre_genre_id, content_content_id) VALUES (2, 114) ON CONFLICT DO NOTHING;
INSERT INTO genre_has_content (genre_genre_id, content_content_id) VALUES (21, 114) ON CONFLICT DO NOTHING;
INSERT INTO genre_has_content (genre_genre_id, content_content_id) VALUES (1, 115) ON CONFLICT DO NOTHING;
INSERT INTO genre_has_content (genre_genre_id, content_content_id) VALUES (3, 115) ON CONFLICT DO NOTHING;
INSERT INTO genre_has_content (genre_genre_id, content_content_id) VALUES (17, 115) ON CONFLICT DO NOTHING;
INSERT INTO genre_has_content (genre_genre_id, content_content_id) VALUES (17, 116) ON CONFLICT DO NOTHING;
INSERT INTO genre_has_content (genre_genre_id, content_content_id) VALUES (13, 116) ON CONFLICT DO NOTHING;
INSERT INTO genre_has_content (genre_genre_id, content_content_id) VALUES (23, 116) ON CONFLICT DO NOTHING;
INSERT INTO genre_has_content (genre_genre_id, content_content_id) VALUES (3, 117) ON CONFLICT DO NOTHING;
INSERT INTO genre_has_content (genre_genre_id, content_content_id) VALUES (6, 117) ON CONFLICT DO NOTHING;
INSERT INTO genre_has_content (genre_genre_id, content_content_id) VALUES (12, 117) ON CONFLICT DO NOTHING;
INSERT INTO genre_has_content (genre_genre_id, content_content_id) VALUES (1, 118) ON CONFLICT DO NOTHING;
INSERT INTO genre_has_content (genre_genre_id, content_content_id) VALUES (3, 118) ON CONFLICT DO NOTHING;
INSERT INTO genre_has_content (genre_genre_id, content_content_id) VALUES (23, 118) ON CONFLICT DO NOTHING;
INSERT INTO genre_has_content (genre_genre_id, content_content_id) VALUES (1, 119) ON CONFLICT DO NOTHING;
INSERT INTO genre_has_content (genre_genre_id, content_content_id) VALUES (17, 119) ON CONFLICT DO NOTHING;
INSERT INTO genre_has_content (genre_genre_id, content_content_id) VALUES (13, 119) ON CONFLICT DO NOTHING;
INSERT INTO genre_has_content (genre_genre_id, content_content_id) VALUES (1, 120) ON CONFLICT DO NOTHING;
INSERT INTO genre_has_content (genre_genre_id, content_content_id) VALUES (3, 120) ON CONFLICT DO NOTHING;
INSERT INTO genre_has_content (genre_genre_id, content_content_id) VALUES (13, 120) ON CONFLICT DO NOTHING;
INSERT INTO genre_has_content (genre_genre_id, content_content_id) VALUES (1, 121) ON CONFLICT DO NOTHING;
INSERT INTO genre_has_content (genre_genre_id, content_content_id) VALUES (8, 121) ON CONFLICT DO NOTHING;
INSERT INTO genre_has_content (genre_genre_id, content_content_id) VALUES (23, 121) ON CONFLICT DO NOTHING;
INSERT INTO genre_has_content (genre_genre_id, content_content_id) VALUES (1, 122) ON CONFLICT DO NOTHING;
INSERT INTO genre_has_content (genre_genre_id, content_content_id) VALUES (6, 122) ON CONFLICT DO NOTHING;
INSERT INTO genre_has_content (genre_genre_id, content_content_id) VALUES (10, 122) ON CONFLICT DO NOTHING;
INSERT INTO genre_has_content (genre_genre_id, content_content_id) VALUES (1, 123) ON CONFLICT DO NOTHING;
INSERT INTO genre_has_content (genre_genre_id, content_content_id) VALUES (3, 123) ON CONFLICT DO NOTHING;
INSERT INTO genre_has_content (genre_genre_id, content_content_id) VALUES (2, 123) ON CONFLICT DO NOTHING;
INSERT INTO genre_has_content (genre_genre_id, content_content_id) VALUES (24, 124) ON CONFLICT DO NOTHING;
INSERT INTO genre_has_content (genre_genre_id, content_content_id) VALUES (17, 124) ON CONFLICT DO NOTHING;
INSERT INTO genre_has_content (genre_genre_id, content_content_id) VALUES (23, 124) ON CONFLICT DO NOTHING;
INSERT INTO genre_has_content (genre_genre_id, content_content_id) VALUES (1, 125) ON CONFLICT DO NOTHING;
INSERT INTO genre_has_content (genre_genre_id, content_content_id) VALUES (3, 125) ON CONFLICT DO NOTHING;
INSERT INTO genre_has_content (genre_genre_id, content_content_id) VALUES (24, 125) ON CONFLICT DO NOTHING;
INSERT INTO genre_has_content (genre_genre_id, content_content_id) VALUES (17, 125) ON CONFLICT DO NOTHING;
INSERT INTO genre_has_content (genre_genre_id, content_content_id) VALUES (24, 126) ON CONFLICT DO NOTHING;
INSERT INTO genre_has_content (genre_genre_id, content_content_id) VALUES (10, 126) ON CONFLICT DO NOTHING;
INSERT INTO genre_has_content (genre_genre_id, content_content_id) VALUES (17, 126) ON CONFLICT DO NOTHING;
INSERT INTO genre_has_content (genre_genre_id, content_content_id) VALUES (1, 127) ON CONFLICT DO NOTHING;
INSERT INTO genre_has_content (genre_genre_id, content_content_id) VALUES (15, 127) ON CONFLICT DO NOTHING;
INSERT INTO genre_has_content (genre_genre_id, content_content_id) VALUES (1, 128) ON CONFLICT DO NOTHING;
INSERT INTO genre_has_content (genre_genre_id, content_content_id) VALUES (3, 128) ON CONFLICT DO NOTHING;
INSERT INTO genre_has_content (genre_genre_id, content_content_id) VALUES (5, 128) ON CONFLICT DO NOTHING;
INSERT INTO genre_has_content (genre_genre_id, content_content_id) VALUES (1, 129) ON CONFLICT DO NOTHING;
INSERT INTO genre_has_content (genre_genre_id, content_content_id) VALUES (17, 129) ON CONFLICT DO NOTHING;
INSERT INTO genre_has_content (genre_genre_id, content_content_id) VALUES (13, 129) ON CONFLICT DO NOTHING;
INSERT INTO genre_has_content (genre_genre_id, content_content_id) VALUES (3, 130) ON CONFLICT DO NOTHING;
INSERT INTO genre_has_content (genre_genre_id, content_content_id) VALUES (6, 130) ON CONFLICT DO NOTHING;
INSERT INTO genre_has_content (genre_genre_id, content_content_id) VALUES (21, 130) ON CONFLICT DO NOTHING;
INSERT INTO genre_has_content (genre_genre_id, content_content_id) VALUES (1, 131) ON CONFLICT DO NOTHING;
INSERT INTO genre_has_content (genre_genre_id, content_content_id) VALUES (15, 131) ON CONFLICT DO NOTHING;
INSERT INTO genre_has_content (genre_genre_id, content_content_id) VALUES (2, 131) ON CONFLICT DO NOTHING;
INSERT INTO genre_has_content (genre_genre_id, content_content_id) VALUES (1, 132) ON CONFLICT DO NOTHING;
INSERT INTO genre_has_content (genre_genre_id, content_content_id) VALUES (17, 132) ON CONFLICT DO NOTHING;
INSERT INTO genre_has_content (genre_genre_id, content_content_id) VALUES (13, 132) ON CONFLICT DO NOTHING;
INSERT INTO genre_has_content (genre_genre_id, content_content_id) VALUES (17, 133) ON CONFLICT DO NOTHING;
INSERT INTO genre_has_content (genre_genre_id, content_content_id) VALUES (21, 133) ON CONFLICT DO NOTHING;
INSERT INTO genre_has_content (genre_genre_id, content_content_id) VALUES (13, 133) ON CONFLICT DO NOTHING;
INSERT INTO genre_has_content (genre_genre_id, content_content_id) VALUES (1, 134) ON CONFLICT DO NOTHING;
INSERT INTO genre_has_content (genre_genre_id, content_content_id) VALUES (2, 134) ON CONFLICT DO NOTHING;
INSERT INTO genre_has_content (genre_genre_id, content_content_id) VALUES (13, 134) ON CONFLICT DO NOTHING;
INSERT INTO genre_has_content (genre_genre_id, content_content_id) VALUES (1, 135) ON CONFLICT DO NOTHING;
INSERT INTO genre_has_content (genre_genre_id, content_content_id) VALUES (10, 135) ON CONFLICT DO NOTHING;
INSERT INTO genre_has_content (genre_genre_id, content_content_id) VALUES (13, 135) ON CONFLICT DO NOTHING;
INSERT INTO genre_has_content (genre_genre_id, content_content_id) VALUES (3, 136) ON CONFLICT DO NOTHING;
INSERT INTO genre_has_content (genre_genre_id, content_content_id) VALUES (17, 136) ON CONFLICT DO NOTHING;
INSERT INTO genre_has_content (genre_genre_id, content_content_id) VALUES (21, 136) ON CONFLICT DO NOTHING;
INSERT INTO genre_has_content (genre_genre_id, content_content_id) VALUES (1, 137) ON CONFLICT DO NOTHING;
INSERT INTO genre_has_content (genre_genre_id, content_content_id) VALUES (21, 137) ON CONFLICT DO NOTHING;
INSERT INTO genre_has_content (genre_genre_id, content_content_id) VALUES (11, 137) ON CONFLICT DO NOTHING;
INSERT INTO genre_has_content (genre_genre_id, content_content_id) VALUES (24, 138) ON CONFLICT DO NOTHING;
INSERT INTO genre_has_content (genre_genre_id, content_content_id) VALUES (10, 138) ON CONFLICT DO NOTHING;
INSERT INTO genre_has_content (genre_genre_id, content_content_id) VALUES (13, 138) ON CONFLICT DO NOTHING;
INSERT INTO genre_has_content (genre_genre_id, content_content_id) VALUES (15, 139) ON CONFLICT DO NOTHING;
INSERT INTO genre_has_content (genre_genre_id, content_content_id) VALUES (12, 139) ON CONFLICT DO NOTHING;
INSERT INTO genre_has_content (genre_genre_id, content_content_id) VALUES (1, 140) ON CONFLICT DO NOTHING;
INSERT INTO genre_has_content (genre_genre_id, content_content_id) VALUES (11, 140) ON CONFLICT DO NOTHING;
INSERT INTO genre_has_content (genre_genre_id, content_content_id) VALUES (23, 140) ON CONFLICT DO NOTHING;
INSERT INTO genre_has_content (genre_genre_id, content_content_id) VALUES (6, 141) ON CONFLICT DO NOTHING;
INSERT INTO genre_has_content (genre_genre_id, content_content_id) VALUES (8, 141) ON CONFLICT DO NOTHING;
INSERT INTO genre_has_content (genre_genre_id, content_content_id) VALUES (21, 141) ON CONFLICT DO NOTHING;
INSERT INTO genre_has_content (genre_genre_id, content_content_id) VALUES (1, 142) ON CONFLICT DO NOTHING;
INSERT INTO genre_has_content (genre_genre_id, content_content_id) VALUES (3, 142) ON CONFLICT DO NOTHING;
INSERT INTO genre_has_content (genre_genre_id, content_content_id) VALUES (13, 142) ON CONFLICT DO NOTHING;
INSERT INTO genre_has_content (genre_genre_id, content_content_id) VALUES (1, 143) ON CONFLICT DO NOTHING;
INSERT INTO genre_has_content (genre_genre_id, content_content_id) VALUES (2, 143) ON CONFLICT DO NOTHING;
INSERT INTO genre_has_content (genre_genre_id, content_content_id) VALUES (1, 144) ON CONFLICT DO NOTHING;
INSERT INTO genre_has_content (genre_genre_id, content_content_id) VALUES (2, 144) ON CONFLICT DO NOTHING;
INSERT INTO genre_has_content (genre_genre_id, content_content_id) VALUES (23, 144) ON CONFLICT DO NOTHING;
INSERT INTO genre_has_content (genre_genre_id, content_content_id) VALUES (1, 145) ON CONFLICT DO NOTHING;
INSERT INTO genre_has_content (genre_genre_id, content_content_id) VALUES (10, 145) ON CONFLICT DO NOTHING;
INSERT INTO genre_has_content (genre_genre_id, content_content_id) VALUES (8, 145) ON CONFLICT DO NOTHING;
INSERT INTO genre_has_content (genre_genre_id, content_content_id) VALUES (1, 146) ON CONFLICT DO NOTHING;
INSERT INTO genre_has_content (genre_genre_id, content_content_id) VALUES (15, 147) ON CONFLICT DO NOTHING;
INSERT INTO genre_has_content (genre_genre_id, content_content_id) VALUES (3, 147) ON CONFLICT DO NOTHING;
INSERT INTO genre_has_content (genre_genre_id, content_content_id) VALUES (2, 147) ON CONFLICT DO NOTHING;
INSERT INTO genre_has_content (genre_genre_id, content_content_id) VALUES (1, 148) ON CONFLICT DO NOTHING;
INSERT INTO genre_has_content (genre_genre_id, content_content_id) VALUES (21, 148) ON CONFLICT DO NOTHING;
INSERT INTO genre_has_content (genre_genre_id, content_content_id) VALUES (13, 148) ON CONFLICT DO NOTHING;
INSERT INTO genre_has_content (genre_genre_id, content_content_id) VALUES (1, 149) ON CONFLICT DO NOTHING;
INSERT INTO genre_has_content (genre_genre_id, content_content_id) VALUES (25, 149) ON CONFLICT DO NOTHING;
INSERT INTO genre_has_content (genre_genre_id, content_content_id) VALUES (1, 150) ON CONFLICT DO NOTHING;
INSERT INTO genre_has_content (genre_genre_id, content_content_id) VALUES (13, 150) ON CONFLICT DO NOTHING;
INSERT INTO genre_has_content (genre_genre_id, content_content_id) VALUES (26, 150) ON CONFLICT DO NOTHING;
INSERT INTO genre_has_content (genre_genre_id, content_content_id) VALUES (1, 151) ON CONFLICT DO NOTHING;
INSERT INTO genre_has_content (genre_genre_id, content_content_id) VALUES (18, 151) ON CONFLICT DO NOTHING;
INSERT INTO genre_has_content (genre_genre_id, content_content_id) VALUES (8, 151) ON CONFLICT DO NOTHING;
INSERT INTO genre_has_content (genre_genre_id, content_content_id) VALUES (1, 152) ON CONFLICT DO NOTHING;
INSERT INTO genre_has_content (genre_genre_id, content_content_id) VALUES (2, 152) ON CONFLICT DO NOTHING;
INSERT INTO genre_has_content (genre_genre_id, content_content_id) VALUES (13, 152) ON CONFLICT DO NOTHING;
INSERT INTO genre_has_content (genre_genre_id, content_content_id) VALUES (1, 153) ON CONFLICT DO NOTHING;
INSERT INTO genre_has_content (genre_genre_id, content_content_id) VALUES (15, 153) ON CONFLICT DO NOTHING;
INSERT INTO genre_has_content (genre_genre_id, content_content_id) VALUES (1, 154) ON CONFLICT DO NOTHING;
INSERT INTO genre_has_content (genre_genre_id, content_content_id) VALUES (2, 154) ON CONFLICT DO NOTHING;
INSERT INTO genre_has_content (genre_genre_id, content_content_id) VALUES (15, 155) ON CONFLICT DO NOTHING;
INSERT INTO genre_has_content (genre_genre_id, content_content_id) VALUES (12, 155) ON CONFLICT DO NOTHING;
INSERT INTO genre_has_content (genre_genre_id, content_content_id) VALUES (15, 156) ON CONFLICT DO NOTHING;
INSERT INTO genre_has_content (genre_genre_id, content_content_id) VALUES (8, 156) ON CONFLICT DO NOTHING;
INSERT INTO genre_has_content (genre_genre_id, content_content_id) VALUES (1, 157) ON CONFLICT DO NOTHING;
INSERT INTO genre_has_content (genre_genre_id, content_content_id) VALUES (3, 157) ON CONFLICT DO NOTHING;
INSERT INTO genre_has_content (genre_genre_id, content_content_id) VALUES (1, 158) ON CONFLICT DO NOTHING;
INSERT INTO genre_has_content (genre_genre_id, content_content_id) VALUES (3, 158) ON CONFLICT DO NOTHING;
INSERT INTO genre_has_content (genre_genre_id, content_content_id) VALUES (2, 158) ON CONFLICT DO NOTHING;
INSERT INTO genre_has_content (genre_genre_id, content_content_id) VALUES (1, 159) ON CONFLICT DO NOTHING;
INSERT INTO genre_has_content (genre_genre_id, content_content_id) VALUES (21, 159) ON CONFLICT DO NOTHING;
INSERT INTO genre_has_content (genre_genre_id, content_content_id) VALUES (13, 159) ON CONFLICT DO NOTHING;
INSERT INTO genre_has_content (genre_genre_id, content_content_id) VALUES (1, 160) ON CONFLICT DO NOTHING;
INSERT INTO genre_has_content (genre_genre_id, content_content_id) VALUES (8, 160) ON CONFLICT DO NOTHING;
INSERT INTO genre_has_content (genre_genre_id, content_content_id) VALUES (23, 160) ON CONFLICT DO NOTHING;
INSERT INTO genre_has_content (genre_genre_id, content_content_id) VALUES (1, 161) ON CONFLICT DO NOTHING;
INSERT INTO genre_has_content (genre_genre_id, content_content_id) VALUES (8, 161) ON CONFLICT DO NOTHING;
INSERT INTO genre_has_content (genre_genre_id, content_content_id) VALUES (23, 161) ON CONFLICT DO NOTHING;
INSERT INTO genre_has_content (genre_genre_id, content_content_id) VALUES (1, 162) ON CONFLICT DO NOTHING;
INSERT INTO genre_has_content (genre_genre_id, content_content_id) VALUES (21, 162) ON CONFLICT DO NOTHING;
INSERT INTO genre_has_content (genre_genre_id, content_content_id) VALUES (13, 162) ON CONFLICT DO NOTHING;
INSERT INTO genre_has_content (genre_genre_id, content_content_id) VALUES (1, 163) ON CONFLICT DO NOTHING;
INSERT INTO genre_has_content (genre_genre_id, content_content_id) VALUES (2, 163) ON CONFLICT DO NOTHING;
INSERT INTO genre_has_content (genre_genre_id, content_content_id) VALUES (25, 163) ON CONFLICT DO NOTHING;
INSERT INTO genre_has_content (genre_genre_id, content_content_id) VALUES (15, 164) ON CONFLICT DO NOTHING;
INSERT INTO genre_has_content (genre_genre_id, content_content_id) VALUES (1, 165) ON CONFLICT DO NOTHING;
INSERT INTO genre_has_content (genre_genre_id, content_content_id) VALUES (8, 165) ON CONFLICT DO NOTHING;
INSERT INTO genre_has_content (genre_genre_id, content_content_id) VALUES (25, 165) ON CONFLICT DO NOTHING;
INSERT INTO genre_has_content (genre_genre_id, content_content_id) VALUES (1, 166) ON CONFLICT DO NOTHING;
INSERT INTO genre_has_content (genre_genre_id, content_content_id) VALUES (2, 166) ON CONFLICT DO NOTHING;
INSERT INTO genre_has_content (genre_genre_id, content_content_id) VALUES (1, 167) ON CONFLICT DO NOTHING;
INSERT INTO genre_has_content (genre_genre_id, content_content_id) VALUES (2, 167) ON CONFLICT DO NOTHING;
INSERT INTO genre_has_content (genre_genre_id, content_content_id) VALUES (13, 167) ON CONFLICT DO NOTHING;
INSERT INTO genre_has_content (genre_genre_id, content_content_id) VALUES (18, 168) ON CONFLICT DO NOTHING;
INSERT INTO genre_has_content (genre_genre_id, content_content_id) VALUES (12, 169) ON CONFLICT DO NOTHING;
INSERT INTO genre_has_content (genre_genre_id, content_content_id) VALUES (1, 170) ON CONFLICT DO NOTHING;
INSERT INTO genre_has_content (genre_genre_id, content_content_id) VALUES (3, 170) ON CONFLICT DO NOTHING;
INSERT INTO genre_has_content (genre_genre_id, content_content_id) VALUES (2, 170) ON CONFLICT DO NOTHING;
INSERT INTO genre_has_content (genre_genre_id, content_content_id) VALUES (1, 171) ON CONFLICT DO NOTHING;
INSERT INTO genre_has_content (genre_genre_id, content_content_id) VALUES (3, 171) ON CONFLICT DO NOTHING;
INSERT INTO genre_has_content (genre_genre_id, content_content_id) VALUES (17, 171) ON CONFLICT DO NOTHING;
INSERT INTO genre_has_content (genre_genre_id, content_content_id) VALUES (1, 172) ON CONFLICT DO NOTHING;
INSERT INTO genre_has_content (genre_genre_id, content_content_id) VALUES (3, 172) ON CONFLICT DO NOTHING;
INSERT INTO genre_has_content (genre_genre_id, content_content_id) VALUES (7, 172) ON CONFLICT DO NOTHING;
INSERT INTO genre_has_content (genre_genre_id, content_content_id) VALUES (15, 173) ON CONFLICT DO NOTHING;
INSERT INTO genre_has_content (genre_genre_id, content_content_id) VALUES (8, 173) ON CONFLICT DO NOTHING;
INSERT INTO genre_has_content (genre_genre_id, content_content_id) VALUES (25, 173) ON CONFLICT DO NOTHING;
INSERT INTO genre_has_content (genre_genre_id, content_content_id) VALUES (1, 174) ON CONFLICT DO NOTHING;
INSERT INTO genre_has_content (genre_genre_id, content_content_id) VALUES (3, 174) ON CONFLICT DO NOTHING;
INSERT INTO genre_has_content (genre_genre_id, content_content_id) VALUES (2, 174) ON CONFLICT DO NOTHING;
INSERT INTO genre_has_content (genre_genre_id, content_content_id) VALUES (15, 175) ON CONFLICT DO NOTHING;
INSERT INTO genre_has_content (genre_genre_id, content_content_id) VALUES (12, 175) ON CONFLICT DO NOTHING;
INSERT INTO genre_has_content (genre_genre_id, content_content_id) VALUES (15, 176) ON CONFLICT DO NOTHING;
INSERT INTO genre_has_content (genre_genre_id, content_content_id) VALUES (2, 176) ON CONFLICT DO NOTHING;
INSERT INTO genre_has_content (genre_genre_id, content_content_id) VALUES (11, 176) ON CONFLICT DO NOTHING;
INSERT INTO genre_has_content (genre_genre_id, content_content_id) VALUES (15, 177) ON CONFLICT DO NOTHING;
INSERT INTO genre_has_content (genre_genre_id, content_content_id) VALUES (12, 177) ON CONFLICT DO NOTHING;
INSERT INTO genre_has_content (genre_genre_id, content_content_id) VALUES (15, 178) ON CONFLICT DO NOTHING;
INSERT INTO genre_has_content (genre_genre_id, content_content_id) VALUES (12, 178) ON CONFLICT DO NOTHING;
INSERT INTO genre_has_content (genre_genre_id, content_content_id) VALUES (1, 179) ON CONFLICT DO NOTHING;
INSERT INTO genre_has_content (genre_genre_id, content_content_id) VALUES (2, 179) ON CONFLICT DO NOTHING;
INSERT INTO genre_has_content (genre_genre_id, content_content_id) VALUES (13, 179) ON CONFLICT DO NOTHING;
INSERT INTO genre_has_content (genre_genre_id, content_content_id) VALUES (1, 180) ON CONFLICT DO NOTHING;
INSERT INTO genre_has_content (genre_genre_id, content_content_id) VALUES (6, 180) ON CONFLICT DO NOTHING;
INSERT INTO genre_has_content (genre_genre_id, content_content_id) VALUES (10, 180) ON CONFLICT DO NOTHING;
INSERT INTO genre_has_content (genre_genre_id, content_content_id) VALUES (15, 181) ON CONFLICT DO NOTHING;
INSERT INTO genre_has_content (genre_genre_id, content_content_id) VALUES (12, 181) ON CONFLICT DO NOTHING;
INSERT INTO genre_has_content (genre_genre_id, content_content_id) VALUES (15, 182) ON CONFLICT DO NOTHING;
INSERT INTO genre_has_content (genre_genre_id, content_content_id) VALUES (12, 182) ON CONFLICT DO NOTHING;
INSERT INTO genre_has_content (genre_genre_id, content_content_id) VALUES (2, 183) ON CONFLICT DO NOTHING;
INSERT INTO genre_has_content (genre_genre_id, content_content_id) VALUES (13, 183) ON CONFLICT DO NOTHING;
INSERT INTO genre_has_content (genre_genre_id, content_content_id) VALUES (1, 184) ON CONFLICT DO NOTHING;
INSERT INTO genre_has_content (genre_genre_id, content_content_id) VALUES (2, 184) ON CONFLICT DO NOTHING;
INSERT INTO genre_has_content (genre_genre_id, content_content_id) VALUES (13, 184) ON CONFLICT DO NOTHING;
INSERT INTO genre_has_content (genre_genre_id, content_content_id) VALUES (1, 185) ON CONFLICT DO NOTHING;
INSERT INTO genre_has_content (genre_genre_id, content_content_id) VALUES (8, 185) ON CONFLICT DO NOTHING;
INSERT INTO genre_has_content (genre_genre_id, content_content_id) VALUES (5, 185) ON CONFLICT DO NOTHING;
INSERT INTO genre_has_content (genre_genre_id, content_content_id) VALUES (1, 186) ON CONFLICT DO NOTHING;
INSERT INTO genre_has_content (genre_genre_id, content_content_id) VALUES (2, 186) ON CONFLICT DO NOTHING;
INSERT INTO genre_has_content (genre_genre_id, content_content_id) VALUES (1, 187) ON CONFLICT DO NOTHING;
INSERT INTO genre_has_content (genre_genre_id, content_content_id) VALUES (2, 187) ON CONFLICT DO NOTHING;
INSERT INTO genre_has_content (genre_genre_id, content_content_id) VALUES (23, 187) ON CONFLICT DO NOTHING;
INSERT INTO genre_has_content (genre_genre_id, content_content_id) VALUES (15, 188) ON CONFLICT DO NOTHING;
INSERT INTO genre_has_content (genre_genre_id, content_content_id) VALUES (12, 188) ON CONFLICT DO NOTHING;
INSERT INTO genre_has_content (genre_genre_id, content_content_id) VALUES (15, 189) ON CONFLICT DO NOTHING;
INSERT INTO genre_has_content (genre_genre_id, content_content_id) VALUES (8, 189) ON CONFLICT DO NOTHING;
INSERT INTO genre_has_content (genre_genre_id, content_content_id) VALUES (1, 190) ON CONFLICT DO NOTHING;
INSERT INTO genre_has_content (genre_genre_id, content_content_id) VALUES (15, 190) ON CONFLICT DO NOTHING;
INSERT INTO genre_has_content (genre_genre_id, content_content_id) VALUES (12, 190) ON CONFLICT DO NOTHING;
INSERT INTO genre_has_content (genre_genre_id, content_content_id) VALUES (3, 191) ON CONFLICT DO NOTHING;
INSERT INTO genre_has_content (genre_genre_id, content_content_id) VALUES (6, 191) ON CONFLICT DO NOTHING;
INSERT INTO genre_has_content (genre_genre_id, content_content_id) VALUES (21, 191) ON CONFLICT DO NOTHING;
INSERT INTO genre_has_content (genre_genre_id, content_content_id) VALUES (1, 192) ON CONFLICT DO NOTHING;
INSERT INTO genre_has_content (genre_genre_id, content_content_id) VALUES (3, 192) ON CONFLICT DO NOTHING;
INSERT INTO genre_has_content (genre_genre_id, content_content_id) VALUES (21, 192) ON CONFLICT DO NOTHING;
INSERT INTO genre_has_content (genre_genre_id, content_content_id) VALUES (15, 193) ON CONFLICT DO NOTHING;
INSERT INTO genre_has_content (genre_genre_id, content_content_id) VALUES (8, 193) ON CONFLICT DO NOTHING;
INSERT INTO genre_has_content (genre_genre_id, content_content_id) VALUES (1, 195) ON CONFLICT DO NOTHING;
INSERT INTO genre_has_content (genre_genre_id, content_content_id) VALUES (13, 195) ON CONFLICT DO NOTHING;
INSERT INTO genre_has_content (genre_genre_id, content_content_id) VALUES (1, 197) ON CONFLICT DO NOTHING;
INSERT INTO genre_has_content (genre_genre_id, content_content_id) VALUES (2, 197) ON CONFLICT DO NOTHING;
INSERT INTO genre_has_content (genre_genre_id, content_content_id) VALUES (1, 198) ON CONFLICT DO NOTHING;
INSERT INTO genre_has_content (genre_genre_id, content_content_id) VALUES (2, 198) ON CONFLICT DO NOTHING;
INSERT INTO genre_has_content (genre_genre_id, content_content_id) VALUES (26, 198) ON CONFLICT DO NOTHING;
INSERT INTO genre_has_content (genre_genre_id, content_content_id) VALUES (1, 199) ON CONFLICT DO NOTHING;
INSERT INTO genre_has_content (genre_genre_id, content_content_id) VALUES (2, 199) ON CONFLICT DO NOTHING;
INSERT INTO genre_has_content (genre_genre_id, content_content_id) VALUES (1, 200) ON CONFLICT DO NOTHING;
INSERT INTO genre_has_content (genre_genre_id, content_content_id) VALUES (2, 200) ON CONFLICT DO NOTHING;
INSERT INTO genre_has_content (genre_genre_id, content_content_id) VALUES (26, 200) ON CONFLICT DO NOTHING;

-- =========================================================
-- PERSONNEL + CONTENT_HAS_PERSONNEL
-- =========================================================

INSERT INTO personnel (personnel_id, name, roletype) VALUES (1, 'Frank Darabont', 'DIRECTOR');
INSERT INTO personnel (personnel_id, name, roletype) VALUES (2, 'Tim Robbins', 'ACTOR');
INSERT INTO personnel (personnel_id, name, roletype) VALUES (3, 'Morgan Freeman', 'ACTOR');
INSERT INTO personnel (personnel_id, name, roletype) VALUES (4, 'Bob Gunton', 'ACTOR');
INSERT INTO personnel (personnel_id, name, roletype) VALUES (5, 'Francis Ford Coppola', 'DIRECTOR');
INSERT INTO personnel (personnel_id, name, roletype) VALUES (6, 'Marlon Brando', 'ACTOR');
INSERT INTO personnel (personnel_id, name, roletype) VALUES (7, 'Al Pacino', 'ACTOR');
INSERT INTO personnel (personnel_id, name, roletype) VALUES (8, 'James Caan', 'ACTOR');
INSERT INTO personnel (personnel_id, name, roletype) VALUES (9, 'Christopher Nolan', 'DIRECTOR');
INSERT INTO personnel (personnel_id, name, roletype) VALUES (10, 'Christian Bale', 'ACTOR');
INSERT INTO personnel (personnel_id, name, roletype) VALUES (11, 'Heath Ledger', 'ACTOR');
INSERT INTO personnel (personnel_id, name, roletype) VALUES (12, 'Aaron Eckhart', 'ACTOR');
INSERT INTO personnel (personnel_id, name, roletype) VALUES (13, 'Robert De Niro', 'ACTOR');
INSERT INTO personnel (personnel_id, name, roletype) VALUES (14, 'Robert Duvall', 'ACTOR');
INSERT INTO personnel (personnel_id, name, roletype) VALUES (15, 'Sidney Lumet', 'DIRECTOR');
INSERT INTO personnel (personnel_id, name, roletype) VALUES (16, 'Henry Fonda', 'ACTOR');
INSERT INTO personnel (personnel_id, name, roletype) VALUES (17, 'Lee J. Cobb', 'ACTOR');
INSERT INTO personnel (personnel_id, name, roletype) VALUES (18, 'Martin Balsam', 'ACTOR');
INSERT INTO personnel (personnel_id, name, roletype) VALUES (19, 'Steven Spielberg', 'DIRECTOR');
INSERT INTO personnel (personnel_id, name, roletype) VALUES (20, 'Liam Neeson', 'ACTOR');
INSERT INTO personnel (personnel_id, name, roletype) VALUES (21, 'Ralph Fiennes', 'ACTOR');
INSERT INTO personnel (personnel_id, name, roletype) VALUES (22, 'Ben Kingsley', 'ACTOR');
INSERT INTO personnel (personnel_id, name, roletype) VALUES (23, 'Peter Jackson', 'DIRECTOR');
INSERT INTO personnel (personnel_id, name, roletype) VALUES (24, 'Elijah Wood', 'ACTOR');
INSERT INTO personnel (personnel_id, name, roletype) VALUES (25, 'Viggo Mortensen', 'ACTOR');
INSERT INTO personnel (personnel_id, name, roletype) VALUES (26, 'Ian McKellen', 'ACTOR');
INSERT INTO personnel (personnel_id, name, roletype) VALUES (27, 'Quentin Tarantino', 'DIRECTOR');
INSERT INTO personnel (personnel_id, name, roletype) VALUES (28, 'John Travolta', 'ACTOR');
INSERT INTO personnel (personnel_id, name, roletype) VALUES (29, 'Uma Thurman', 'ACTOR');
INSERT INTO personnel (personnel_id, name, roletype) VALUES (30, 'Samuel L. Jackson', 'ACTOR');
INSERT INTO personnel (personnel_id, name, roletype) VALUES (31, 'Orlando Bloom', 'ACTOR');
INSERT INTO personnel (personnel_id, name, roletype) VALUES (32, 'Sergio Leone', 'DIRECTOR');
INSERT INTO personnel (personnel_id, name, roletype) VALUES (33, 'Clint Eastwood', 'ACTOR');
INSERT INTO personnel (personnel_id, name, roletype) VALUES (34, 'Eli Wallach', 'ACTOR');
INSERT INTO personnel (personnel_id, name, roletype) VALUES (35, 'Lee Van Cleef', 'ACTOR');
INSERT INTO personnel (personnel_id, name, roletype) VALUES (36, 'Robert Zemeckis', 'DIRECTOR');
INSERT INTO personnel (personnel_id, name, roletype) VALUES (37, 'Tom Hanks', 'ACTOR');
INSERT INTO personnel (personnel_id, name, roletype) VALUES (38, 'Robin Wright', 'ACTOR');
INSERT INTO personnel (personnel_id, name, roletype) VALUES (39, 'Gary Sinise', 'ACTOR');
INSERT INTO personnel (personnel_id, name, roletype) VALUES (40, 'David Fincher', 'DIRECTOR');
INSERT INTO personnel (personnel_id, name, roletype) VALUES (41, 'Brad Pitt', 'ACTOR');
INSERT INTO personnel (personnel_id, name, roletype) VALUES (42, 'Edward Norton', 'ACTOR');
INSERT INTO personnel (personnel_id, name, roletype) VALUES (43, 'Meat Loaf', 'ACTOR');
INSERT INTO personnel (personnel_id, name, roletype) VALUES (44, 'Leonardo DiCaprio', 'ACTOR');
INSERT INTO personnel (personnel_id, name, roletype) VALUES (45, 'Joseph Gordon-Levitt', 'ACTOR');
INSERT INTO personnel (personnel_id, name, roletype) VALUES (46, 'Elliot Page', 'ACTOR');
INSERT INTO personnel (personnel_id, name, roletype) VALUES (47, 'Irvin Kershner', 'DIRECTOR');
INSERT INTO personnel (personnel_id, name, roletype) VALUES (48, 'Mark Hamill', 'ACTOR');
INSERT INTO personnel (personnel_id, name, roletype) VALUES (49, 'Harrison Ford', 'ACTOR');
INSERT INTO personnel (personnel_id, name, roletype) VALUES (50, 'Carrie Fisher', 'ACTOR');
INSERT INTO personnel (personnel_id, name, roletype) VALUES (51, 'Lana Wachowski, Lilly Wachowski', 'DIRECTOR');
INSERT INTO personnel (personnel_id, name, roletype) VALUES (52, 'Keanu Reeves', 'ACTOR');
INSERT INTO personnel (personnel_id, name, roletype) VALUES (53, 'Laurence Fishburne', 'ACTOR');
INSERT INTO personnel (personnel_id, name, roletype) VALUES (54, 'Carrie-Anne Moss', 'ACTOR');
INSERT INTO personnel (personnel_id, name, roletype) VALUES (55, 'Martin Scorsese', 'DIRECTOR');
INSERT INTO personnel (personnel_id, name, roletype) VALUES (56, 'Ray Liotta', 'ACTOR');
INSERT INTO personnel (personnel_id, name, roletype) VALUES (57, 'Joe Pesci', 'ACTOR');
INSERT INTO personnel (personnel_id, name, roletype) VALUES (58, 'Milos Forman', 'DIRECTOR');
INSERT INTO personnel (personnel_id, name, roletype) VALUES (59, 'Jack Nicholson', 'ACTOR');
INSERT INTO personnel (personnel_id, name, roletype) VALUES (60, 'Louise Fletcher', 'ACTOR');
INSERT INTO personnel (personnel_id, name, roletype) VALUES (61, 'Michael Berryman', 'ACTOR');
INSERT INTO personnel (personnel_id, name, roletype) VALUES (62, 'Kevin Spacey', 'ACTOR');
INSERT INTO personnel (personnel_id, name, roletype) VALUES (63, 'Akira Kurosawa', 'DIRECTOR');
INSERT INTO personnel (personnel_id, name, roletype) VALUES (64, 'Toshirô Mifune', 'ACTOR');
INSERT INTO personnel (personnel_id, name, roletype) VALUES (65, 'Takashi Shimura', 'ACTOR');
INSERT INTO personnel (personnel_id, name, roletype) VALUES (66, 'Keiko Tsushima', 'ACTOR');
INSERT INTO personnel (personnel_id, name, roletype) VALUES (67, 'Frank Capra', 'DIRECTOR');
INSERT INTO personnel (personnel_id, name, roletype) VALUES (68, 'James Stewart', 'ACTOR');
INSERT INTO personnel (personnel_id, name, roletype) VALUES (69, 'Donna Reed', 'ACTOR');
INSERT INTO personnel (personnel_id, name, roletype) VALUES (70, 'Lionel Barrymore', 'ACTOR');
INSERT INTO personnel (personnel_id, name, roletype) VALUES (71, 'Jonathan Demme', 'DIRECTOR');
INSERT INTO personnel (personnel_id, name, roletype) VALUES (72, 'Jodie Foster', 'ACTOR');
INSERT INTO personnel (personnel_id, name, roletype) VALUES (73, 'Anthony Hopkins', 'ACTOR');
INSERT INTO personnel (personnel_id, name, roletype) VALUES (74, 'Lawrence A. Bonney', 'ACTOR');
INSERT INTO personnel (personnel_id, name, roletype) VALUES (75, 'Matt Damon', 'ACTOR');
INSERT INTO personnel (personnel_id, name, roletype) VALUES (76, 'Tom Sizemore', 'ACTOR');
INSERT INTO personnel (personnel_id, name, roletype) VALUES (77, 'Fernando Meirelles, Kátia Lund', 'DIRECTOR');
INSERT INTO personnel (personnel_id, name, roletype) VALUES (78, 'Alexandre Rodrigues', 'ACTOR');
INSERT INTO personnel (personnel_id, name, roletype) VALUES (79, 'Leandro Firmino', 'ACTOR');
INSERT INTO personnel (personnel_id, name, roletype) VALUES (80, 'Matheus Nachtergaele', 'ACTOR');
INSERT INTO personnel (personnel_id, name, roletype) VALUES (81, 'Roberto Benigni', 'DIRECTOR');
INSERT INTO personnel (personnel_id, name, roletype) VALUES (82, 'Roberto Benigni', 'ACTOR');
INSERT INTO personnel (personnel_id, name, roletype) VALUES (83, 'Nicoletta Braschi', 'ACTOR');
INSERT INTO personnel (personnel_id, name, roletype) VALUES (84, 'Giorgio Cantarini', 'ACTOR');
INSERT INTO personnel (personnel_id, name, roletype) VALUES (85, 'Michael Clarke Duncan', 'ACTOR');
INSERT INTO personnel (personnel_id, name, roletype) VALUES (86, 'David Morse', 'ACTOR');
INSERT INTO personnel (personnel_id, name, roletype) VALUES (87, 'George Lucas', 'DIRECTOR');
INSERT INTO personnel (personnel_id, name, roletype) VALUES (88, 'Matthew McConaughey', 'ACTOR');
INSERT INTO personnel (personnel_id, name, roletype) VALUES (89, 'Anne Hathaway', 'ACTOR');
INSERT INTO personnel (personnel_id, name, roletype) VALUES (90, 'Jessica Chastain', 'ACTOR');
INSERT INTO personnel (personnel_id, name, roletype) VALUES (91, 'James Cameron', 'DIRECTOR');
INSERT INTO personnel (personnel_id, name, roletype) VALUES (92, 'Arnold Schwarzenegger', 'ACTOR');
INSERT INTO personnel (personnel_id, name, roletype) VALUES (93, 'Linda Hamilton', 'ACTOR');
INSERT INTO personnel (personnel_id, name, roletype) VALUES (94, 'Edward Furlong', 'ACTOR');
INSERT INTO personnel (personnel_id, name, roletype) VALUES (95, 'Michael J. Fox', 'ACTOR');
INSERT INTO personnel (personnel_id, name, roletype) VALUES (96, 'Christopher Lloyd', 'ACTOR');
INSERT INTO personnel (personnel_id, name, roletype) VALUES (97, 'Lea Thompson', 'ACTOR');
INSERT INTO personnel (personnel_id, name, roletype) VALUES (98, 'Hayao Miyazaki', 'DIRECTOR');
INSERT INTO personnel (personnel_id, name, roletype) VALUES (99, 'Daveigh Chase', 'ACTOR');
INSERT INTO personnel (personnel_id, name, roletype) VALUES (100, 'Suzanne Pleshette', 'ACTOR');
INSERT INTO personnel (personnel_id, name, roletype) VALUES (101, 'Miyu Irino', 'ACTOR');
INSERT INTO personnel (personnel_id, name, roletype) VALUES (102, 'Alfred Hitchcock', 'DIRECTOR');
INSERT INTO personnel (personnel_id, name, roletype) VALUES (103, 'Anthony Perkins', 'ACTOR');
INSERT INTO personnel (personnel_id, name, roletype) VALUES (104, 'Janet Leigh', 'ACTOR');
INSERT INTO personnel (personnel_id, name, roletype) VALUES (105, 'Vera Miles', 'ACTOR');
INSERT INTO personnel (personnel_id, name, roletype) VALUES (106, 'Roman Polanski', 'DIRECTOR');
INSERT INTO personnel (personnel_id, name, roletype) VALUES (107, 'Adrien Brody', 'ACTOR');
INSERT INTO personnel (personnel_id, name, roletype) VALUES (108, 'Thomas Kretschmann', 'ACTOR');
INSERT INTO personnel (personnel_id, name, roletype) VALUES (109, 'Frank Finlay', 'ACTOR');
INSERT INTO personnel (personnel_id, name, roletype) VALUES (110, 'Luc Besson', 'DIRECTOR');
INSERT INTO personnel (personnel_id, name, roletype) VALUES (111, 'Jean Reno', 'ACTOR');
INSERT INTO personnel (personnel_id, name, roletype) VALUES (112, 'Gary Oldman', 'ACTOR');
INSERT INTO personnel (personnel_id, name, roletype) VALUES (113, 'Natalie Portman', 'ACTOR');
INSERT INTO personnel (personnel_id, name, roletype) VALUES (114, 'Bong Joon Ho', 'DIRECTOR');
INSERT INTO personnel (personnel_id, name, roletype) VALUES (115, 'Kang-ho Song', 'ACTOR');
INSERT INTO personnel (personnel_id, name, roletype) VALUES (116, 'Sun-kyun Lee', 'ACTOR');
INSERT INTO personnel (personnel_id, name, roletype) VALUES (117, 'Yeo-jeong Cho', 'ACTOR');
INSERT INTO personnel (personnel_id, name, roletype) VALUES (118, 'Roger Allers, Rob Minkoff', 'DIRECTOR');
INSERT INTO personnel (personnel_id, name, roletype) VALUES (119, 'Matthew Broderick', 'ACTOR');
INSERT INTO personnel (personnel_id, name, roletype) VALUES (120, 'Jeremy Irons', 'ACTOR');
INSERT INTO personnel (personnel_id, name, roletype) VALUES (121, 'James Earl Jones', 'ACTOR');
INSERT INTO personnel (personnel_id, name, roletype) VALUES (122, 'Ridley Scott', 'DIRECTOR');
INSERT INTO personnel (personnel_id, name, roletype) VALUES (123, 'Russell Crowe', 'ACTOR');
INSERT INTO personnel (personnel_id, name, roletype) VALUES (124, 'Joaquin Phoenix', 'ACTOR');
INSERT INTO personnel (personnel_id, name, roletype) VALUES (125, 'Connie Nielsen', 'ACTOR');
INSERT INTO personnel (personnel_id, name, roletype) VALUES (126, 'Tony Kaye', 'DIRECTOR');
INSERT INTO personnel (personnel_id, name, roletype) VALUES (127, 'Beverly D''Angelo', 'ACTOR');
INSERT INTO personnel (personnel_id, name, roletype) VALUES (128, 'Bryan Singer', 'DIRECTOR');
INSERT INTO personnel (personnel_id, name, roletype) VALUES (129, 'Gabriel Byrne', 'ACTOR');
INSERT INTO personnel (personnel_id, name, roletype) VALUES (130, 'Chazz Palminteri', 'ACTOR');
INSERT INTO personnel (personnel_id, name, roletype) VALUES (131, 'Hugh Jackman', 'ACTOR');
INSERT INTO personnel (personnel_id, name, roletype) VALUES (132, 'Scarlett Johansson', 'ACTOR');
INSERT INTO personnel (personnel_id, name, roletype) VALUES (133, 'Michael Curtiz', 'DIRECTOR');
INSERT INTO personnel (personnel_id, name, roletype) VALUES (134, 'Humphrey Bogart', 'ACTOR');
INSERT INTO personnel (personnel_id, name, roletype) VALUES (135, 'Ingrid Bergman', 'ACTOR');
INSERT INTO personnel (personnel_id, name, roletype) VALUES (136, 'Paul Henreid', 'ACTOR');
INSERT INTO personnel (personnel_id, name, roletype) VALUES (137, 'Damien Chazelle', 'DIRECTOR');
INSERT INTO personnel (personnel_id, name, roletype) VALUES (138, 'Miles Teller', 'ACTOR');
INSERT INTO personnel (personnel_id, name, roletype) VALUES (139, 'J.K. Simmons', 'ACTOR');
INSERT INTO personnel (personnel_id, name, roletype) VALUES (140, 'Melissa Benoist', 'ACTOR');
INSERT INTO personnel (personnel_id, name, roletype) VALUES (141, 'Olivier Nakache, Éric Toledano', 'DIRECTOR');
INSERT INTO personnel (personnel_id, name, roletype) VALUES (142, 'François Cluzet', 'ACTOR');
INSERT INTO personnel (personnel_id, name, roletype) VALUES (143, 'Omar Sy', 'ACTOR');
INSERT INTO personnel (personnel_id, name, roletype) VALUES (144, 'Anne Le Ny', 'ACTOR');
INSERT INTO personnel (personnel_id, name, roletype) VALUES (145, 'Charles Chaplin', 'DIRECTOR');
INSERT INTO personnel (personnel_id, name, roletype) VALUES (146, 'Charles Chaplin', 'ACTOR');
INSERT INTO personnel (personnel_id, name, roletype) VALUES (147, 'Paulette Goddard', 'ACTOR');
INSERT INTO personnel (personnel_id, name, roletype) VALUES (148, 'Henry Bergman', 'ACTOR');
INSERT INTO personnel (personnel_id, name, roletype) VALUES (149, 'Charles Bronson', 'ACTOR');
INSERT INTO personnel (personnel_id, name, roletype) VALUES (150, 'Claudia Cardinale', 'ACTOR');
INSERT INTO personnel (personnel_id, name, roletype) VALUES (151, 'Masaki Kobayashi', 'DIRECTOR');
INSERT INTO personnel (personnel_id, name, roletype) VALUES (152, 'Tatsuya Nakadai', 'ACTOR');
INSERT INTO personnel (personnel_id, name, roletype) VALUES (153, 'Akira Ishihama', 'ACTOR');
INSERT INTO personnel (personnel_id, name, roletype) VALUES (154, 'Shima Iwashita', 'ACTOR');
INSERT INTO personnel (personnel_id, name, roletype) VALUES (155, 'Isao Takahata', 'DIRECTOR');
INSERT INTO personnel (personnel_id, name, roletype) VALUES (156, 'Tsutomu Tatsumi', 'ACTOR');
INSERT INTO personnel (personnel_id, name, roletype) VALUES (157, 'Ayano Shiraishi', 'ACTOR');
INSERT INTO personnel (personnel_id, name, roletype) VALUES (158, 'Akemi Yamaguchi', 'ACTOR');
INSERT INTO personnel (personnel_id, name, roletype) VALUES (159, 'Sigourney Weaver', 'ACTOR');
INSERT INTO personnel (personnel_id, name, roletype) VALUES (160, 'Tom Skerritt', 'ACTOR');
INSERT INTO personnel (personnel_id, name, roletype) VALUES (161, 'John Hurt', 'ACTOR');
INSERT INTO personnel (personnel_id, name, roletype) VALUES (162, 'Grace Kelly', 'ACTOR');
INSERT INTO personnel (personnel_id, name, roletype) VALUES (163, 'Wendell Corey', 'ACTOR');
INSERT INTO personnel (personnel_id, name, roletype) VALUES (164, 'Virginia Cherrill', 'ACTOR');
INSERT INTO personnel (personnel_id, name, roletype) VALUES (165, 'Florence Lee', 'ACTOR');
INSERT INTO personnel (personnel_id, name, roletype) VALUES (166, 'Guy Pearce', 'ACTOR');
INSERT INTO personnel (personnel_id, name, roletype) VALUES (167, 'Joe Pantoliano', 'ACTOR');
INSERT INTO personnel (personnel_id, name, roletype) VALUES (168, 'Giuseppe Tornatore', 'DIRECTOR');
INSERT INTO personnel (personnel_id, name, roletype) VALUES (169, 'Philippe Noiret', 'ACTOR');
INSERT INTO personnel (personnel_id, name, roletype) VALUES (170, 'Enzo Cannavale', 'ACTOR');
INSERT INTO personnel (personnel_id, name, roletype) VALUES (171, 'Antonella Attili', 'ACTOR');
INSERT INTO personnel (personnel_id, name, roletype) VALUES (172, 'Martin Sheen', 'ACTOR');
INSERT INTO personnel (personnel_id, name, roletype) VALUES (173, 'Karen Allen', 'ACTOR');
INSERT INTO personnel (personnel_id, name, roletype) VALUES (174, 'Paul Freeman', 'ACTOR');
INSERT INTO personnel (personnel_id, name, roletype) VALUES (175, 'Jamie Foxx', 'ACTOR');
INSERT INTO personnel (personnel_id, name, roletype) VALUES (176, 'Christoph Waltz', 'ACTOR');
INSERT INTO personnel (personnel_id, name, roletype) VALUES (177, 'Andrew Stanton', 'DIRECTOR');
INSERT INTO personnel (personnel_id, name, roletype) VALUES (178, 'Ben Burtt', 'ACTOR');
INSERT INTO personnel (personnel_id, name, roletype) VALUES (179, 'Elissa Knight', 'ACTOR');
INSERT INTO personnel (personnel_id, name, roletype) VALUES (180, 'Jeff Garlin', 'ACTOR');
INSERT INTO personnel (personnel_id, name, roletype) VALUES (181, 'Florian Henckel von Donnersmarck', 'DIRECTOR');
INSERT INTO personnel (personnel_id, name, roletype) VALUES (182, 'Ulrich Mühe', 'ACTOR');
INSERT INTO personnel (personnel_id, name, roletype) VALUES (183, 'Martina Gedeck', 'ACTOR');
INSERT INTO personnel (personnel_id, name, roletype) VALUES (184, 'Sebastian Koch', 'ACTOR');
INSERT INTO personnel (personnel_id, name, roletype) VALUES (185, 'Billy Wilder', 'DIRECTOR');
INSERT INTO personnel (personnel_id, name, roletype) VALUES (186, 'William Holden', 'ACTOR');
INSERT INTO personnel (personnel_id, name, roletype) VALUES (187, 'Gloria Swanson', 'ACTOR');
INSERT INTO personnel (personnel_id, name, roletype) VALUES (188, 'Erich von Stroheim', 'ACTOR');
INSERT INTO personnel (personnel_id, name, roletype) VALUES (189, 'Stanley Kubrick', 'DIRECTOR');
INSERT INTO personnel (personnel_id, name, roletype) VALUES (190, 'Shelley Duvall', 'ACTOR');
INSERT INTO personnel (personnel_id, name, roletype) VALUES (191, 'Danny Lloyd', 'ACTOR');
INSERT INTO personnel (personnel_id, name, roletype) VALUES (192, 'Kirk Douglas', 'ACTOR');
INSERT INTO personnel (personnel_id, name, roletype) VALUES (193, 'Ralph Meeker', 'ACTOR');
INSERT INTO personnel (personnel_id, name, roletype) VALUES (194, 'Adolphe Menjou', 'ACTOR');
INSERT INTO personnel (personnel_id, name, roletype) VALUES (195, 'Jack Oakie', 'ACTOR');
INSERT INTO personnel (personnel_id, name, roletype) VALUES (196, 'Anthony Russo, Joe Russo', 'DIRECTOR');
INSERT INTO personnel (personnel_id, name, roletype) VALUES (197, 'Robert Downey Jr.', 'ACTOR');
INSERT INTO personnel (personnel_id, name, roletype) VALUES (198, 'Chris Hemsworth', 'ACTOR');
INSERT INTO personnel (personnel_id, name, roletype) VALUES (199, 'Mark Ruffalo', 'ACTOR');
INSERT INTO personnel (personnel_id, name, roletype) VALUES (200, 'Tyrone Power', 'ACTOR');
INSERT INTO personnel (personnel_id, name, roletype) VALUES (201, 'Marlene Dietrich', 'ACTOR');
INSERT INTO personnel (personnel_id, name, roletype) VALUES (202, 'Charles Laughton', 'ACTOR');
INSERT INTO personnel (personnel_id, name, roletype) VALUES (203, 'Michael Biehn', 'ACTOR');
INSERT INTO personnel (personnel_id, name, roletype) VALUES (204, 'Carrie Henn', 'ACTOR');
INSERT INTO personnel (personnel_id, name, roletype) VALUES (205, 'Sam Mendes', 'DIRECTOR');
INSERT INTO personnel (personnel_id, name, roletype) VALUES (206, 'Annette Bening', 'ACTOR');
INSERT INTO personnel (personnel_id, name, roletype) VALUES (207, 'Thora Birch', 'ACTOR');
INSERT INTO personnel (personnel_id, name, roletype) VALUES (208, 'Tom Hardy', 'ACTOR');
INSERT INTO personnel (personnel_id, name, roletype) VALUES (209, 'Peter Sellers', 'ACTOR');
INSERT INTO personnel (personnel_id, name, roletype) VALUES (210, 'George C. Scott', 'ACTOR');
INSERT INTO personnel (personnel_id, name, roletype) VALUES (211, 'Sterling Hayden', 'ACTOR');
INSERT INTO personnel (personnel_id, name, roletype) VALUES (212, 'Bob Persichetti, Peter Ramsey, Rodney Rothman', 'DIRECTOR');
INSERT INTO personnel (personnel_id, name, roletype) VALUES (213, 'Shameik Moore', 'ACTOR');
INSERT INTO personnel (personnel_id, name, roletype) VALUES (214, 'Jake Johnson', 'ACTOR');
INSERT INTO personnel (personnel_id, name, roletype) VALUES (215, 'Hailee Steinfeld', 'ACTOR');
INSERT INTO personnel (personnel_id, name, roletype) VALUES (216, 'Todd Phillips', 'DIRECTOR');
INSERT INTO personnel (personnel_id, name, roletype) VALUES (217, 'Zazie Beetz', 'ACTOR');
INSERT INTO personnel (personnel_id, name, roletype) VALUES (218, 'Park Chan-wook', 'DIRECTOR');
INSERT INTO personnel (personnel_id, name, roletype) VALUES (219, 'Choi Min-sik', 'ACTOR');
INSERT INTO personnel (personnel_id, name, roletype) VALUES (220, 'Yoo Ji-Tae', 'ACTOR');
INSERT INTO personnel (personnel_id, name, roletype) VALUES (221, 'Kang Hye-jeong', 'ACTOR');
INSERT INTO personnel (personnel_id, name, roletype) VALUES (222, 'Mel Gibson', 'DIRECTOR');
INSERT INTO personnel (personnel_id, name, roletype) VALUES (223, 'Mel Gibson', 'ACTOR');
INSERT INTO personnel (personnel_id, name, roletype) VALUES (224, 'Sophie Marceau', 'ACTOR');
INSERT INTO personnel (personnel_id, name, roletype) VALUES (225, 'Patrick McGoohan', 'ACTOR');
INSERT INTO personnel (personnel_id, name, roletype) VALUES (226, 'John Lasseter', 'DIRECTOR');
INSERT INTO personnel (personnel_id, name, roletype) VALUES (227, 'Tim Allen', 'ACTOR');
INSERT INTO personnel (personnel_id, name, roletype) VALUES (228, 'Don Rickles', 'ACTOR');
INSERT INTO personnel (personnel_id, name, roletype) VALUES (229, 'F. Murray Abraham', 'ACTOR');
INSERT INTO personnel (personnel_id, name, roletype) VALUES (230, 'Tom Hulce', 'ACTOR');
INSERT INTO personnel (personnel_id, name, roletype) VALUES (231, 'Elizabeth Berridge', 'ACTOR');
INSERT INTO personnel (personnel_id, name, roletype) VALUES (232, 'Lee Unkrich, Adrian Molina', 'DIRECTOR');
INSERT INTO personnel (personnel_id, name, roletype) VALUES (233, 'Anthony Gonzalez', 'ACTOR');
INSERT INTO personnel (personnel_id, name, roletype) VALUES (234, 'Gael García Bernal', 'ACTOR');
INSERT INTO personnel (personnel_id, name, roletype) VALUES (235, 'Benjamin Bratt', 'ACTOR');
INSERT INTO personnel (personnel_id, name, roletype) VALUES (236, 'Jon Watts', 'DIRECTOR');
INSERT INTO personnel (personnel_id, name, roletype) VALUES (237, 'Tom Holland', 'ACTOR');
INSERT INTO personnel (personnel_id, name, roletype) VALUES (238, 'Zendaya', 'ACTOR');
INSERT INTO personnel (personnel_id, name, roletype) VALUES (239, 'Benedict Cumberbatch', 'ACTOR');
INSERT INTO personnel (personnel_id, name, roletype) VALUES (240, 'Diane Kruger', 'ACTOR');
INSERT INTO personnel (personnel_id, name, roletype) VALUES (241, 'Eli Roth', 'ACTOR');
INSERT INTO personnel (personnel_id, name, roletype) VALUES (242, 'Wolfgang Petersen', 'DIRECTOR');
INSERT INTO personnel (personnel_id, name, roletype) VALUES (243, 'Jürgen Prochnow', 'ACTOR');
INSERT INTO personnel (personnel_id, name, roletype) VALUES (244, 'Herbert Grönemeyer', 'ACTOR');
INSERT INTO personnel (personnel_id, name, roletype) VALUES (245, 'Klaus Wennemann', 'ACTOR');
INSERT INTO personnel (personnel_id, name, roletype) VALUES (246, 'Chris Evans', 'ACTOR');
INSERT INTO personnel (personnel_id, name, roletype) VALUES (247, 'Yôji Matsuda', 'ACTOR');
INSERT INTO personnel (personnel_id, name, roletype) VALUES (248, 'Yuriko Ishida', 'ACTOR');
INSERT INTO personnel (personnel_id, name, roletype) VALUES (249, 'Yûko Tanaka', 'ACTOR');
INSERT INTO personnel (personnel_id, name, roletype) VALUES (250, 'James Woods', 'ACTOR');
INSERT INTO personnel (personnel_id, name, roletype) VALUES (251, 'Elizabeth McGovern', 'ACTOR');
INSERT INTO personnel (personnel_id, name, roletype) VALUES (252, 'Gus Van Sant', 'DIRECTOR');
INSERT INTO personnel (personnel_id, name, roletype) VALUES (253, 'Robin Williams', 'ACTOR');
INSERT INTO personnel (personnel_id, name, roletype) VALUES (254, 'Ben Affleck', 'ACTOR');
INSERT INTO personnel (personnel_id, name, roletype) VALUES (255, 'Lee Unkrich', 'DIRECTOR');
INSERT INTO personnel (personnel_id, name, roletype) VALUES (256, 'Joan Cusack', 'ACTOR');
INSERT INTO personnel (personnel_id, name, roletype) VALUES (257, 'Darren Aronofsky', 'DIRECTOR');
INSERT INTO personnel (personnel_id, name, roletype) VALUES (258, 'Ellen Burstyn', 'ACTOR');
INSERT INTO personnel (personnel_id, name, roletype) VALUES (259, 'Jared Leto', 'ACTOR');
INSERT INTO personnel (personnel_id, name, roletype) VALUES (260, 'Jennifer Connelly', 'ACTOR');
INSERT INTO personnel (personnel_id, name, roletype) VALUES (261, 'Rajkumar Hirani', 'DIRECTOR');
INSERT INTO personnel (personnel_id, name, roletype) VALUES (262, 'Aamir Khan', 'ACTOR');
INSERT INTO personnel (personnel_id, name, roletype) VALUES (263, 'Madhavan', 'ACTOR');
INSERT INTO personnel (personnel_id, name, roletype) VALUES (264, 'Mona Singh', 'ACTOR');
INSERT INTO personnel (personnel_id, name, roletype) VALUES (265, 'Makoto Shinkai', 'DIRECTOR');
INSERT INTO personnel (personnel_id, name, roletype) VALUES (266, 'Ryûnosuke Kamiki', 'ACTOR');
INSERT INTO personnel (personnel_id, name, roletype) VALUES (267, 'Mone Kamishiraishi', 'ACTOR');
INSERT INTO personnel (personnel_id, name, roletype) VALUES (268, 'Ryô Narita', 'ACTOR');
INSERT INTO personnel (personnel_id, name, roletype) VALUES (269, 'Stanley Donen, Gene Kelly', 'DIRECTOR');
INSERT INTO personnel (personnel_id, name, roletype) VALUES (270, 'Gene Kelly', 'ACTOR');
INSERT INTO personnel (personnel_id, name, roletype) VALUES (271, 'Donald O''Connor', 'ACTOR');
INSERT INTO personnel (personnel_id, name, roletype) VALUES (272, 'Debbie Reynolds', 'ACTOR');
INSERT INTO personnel (personnel_id, name, roletype) VALUES (273, 'Richard Marquand', 'DIRECTOR');
INSERT INTO personnel (personnel_id, name, roletype) VALUES (274, 'Harvey Keitel', 'ACTOR');
INSERT INTO personnel (personnel_id, name, roletype) VALUES (275, 'Tim Roth', 'ACTOR');
INSERT INTO personnel (personnel_id, name, roletype) VALUES (276, 'Michael Madsen', 'ACTOR');
INSERT INTO personnel (personnel_id, name, roletype) VALUES (277, 'Michel Gondry', 'DIRECTOR');
INSERT INTO personnel (personnel_id, name, roletype) VALUES (278, 'Jim Carrey', 'ACTOR');
INSERT INTO personnel (personnel_id, name, roletype) VALUES (279, 'Kate Winslet', 'ACTOR');
INSERT INTO personnel (personnel_id, name, roletype) VALUES (280, 'Tom Wilkinson', 'ACTOR');
INSERT INTO personnel (personnel_id, name, roletype) VALUES (281, 'Keir Dullea', 'ACTOR');
INSERT INTO personnel (personnel_id, name, roletype) VALUES (282, 'Gary Lockwood', 'ACTOR');
INSERT INTO personnel (personnel_id, name, roletype) VALUES (283, 'William Sylvester', 'ACTOR');
INSERT INTO personnel (personnel_id, name, roletype) VALUES (284, 'Yutaka Sada', 'ACTOR');
INSERT INTO personnel (personnel_id, name, roletype) VALUES (285, 'Orson Welles', 'DIRECTOR');
INSERT INTO personnel (personnel_id, name, roletype) VALUES (286, 'Orson Welles', 'ACTOR');
INSERT INTO personnel (personnel_id, name, roletype) VALUES (287, 'Joseph Cotten', 'ACTOR');
INSERT INTO personnel (personnel_id, name, roletype) VALUES (288, 'Dorothy Comingore', 'ACTOR');
INSERT INTO personnel (personnel_id, name, roletype) VALUES (289, 'David Lean', 'DIRECTOR');
INSERT INTO personnel (personnel_id, name, roletype) VALUES (290, 'Peter O''Toole', 'ACTOR');
INSERT INTO personnel (personnel_id, name, roletype) VALUES (291, 'Alec Guinness', 'ACTOR');
INSERT INTO personnel (personnel_id, name, roletype) VALUES (292, 'Anthony Quinn', 'ACTOR');
INSERT INTO personnel (personnel_id, name, roletype) VALUES (293, 'Nadine Labaki', 'DIRECTOR');
INSERT INTO personnel (personnel_id, name, roletype) VALUES (294, 'Zain Al Rafeea', 'ACTOR');
INSERT INTO personnel (personnel_id, name, roletype) VALUES (295, 'Yordanos Shiferaw', 'ACTOR');
INSERT INTO personnel (personnel_id, name, roletype) VALUES (296, 'Boluwatife Treasure Bankole', 'ACTOR');
INSERT INTO personnel (personnel_id, name, roletype) VALUES (297, 'Fritz Lang', 'DIRECTOR');
INSERT INTO personnel (personnel_id, name, roletype) VALUES (298, 'Peter Lorre', 'ACTOR');
INSERT INTO personnel (personnel_id, name, roletype) VALUES (299, 'Ellen Widmann', 'ACTOR');
INSERT INTO personnel (personnel_id, name, roletype) VALUES (300, 'Inge Landgut', 'ACTOR');
INSERT INTO personnel (personnel_id, name, roletype) VALUES (301, 'Cary Grant', 'ACTOR');
INSERT INTO personnel (personnel_id, name, roletype) VALUES (302, 'Eva Marie Saint', 'ACTOR');
INSERT INTO personnel (personnel_id, name, roletype) VALUES (303, 'James Mason', 'ACTOR');
INSERT INTO personnel (personnel_id, name, roletype) VALUES (304, 'Thomas Vinterberg', 'DIRECTOR');
INSERT INTO personnel (personnel_id, name, roletype) VALUES (305, 'Mads Mikkelsen', 'ACTOR');
INSERT INTO personnel (personnel_id, name, roletype) VALUES (306, 'Thomas Bo Larsen', 'ACTOR');
INSERT INTO personnel (personnel_id, name, roletype) VALUES (307, 'Annika Wedderkopp', 'ACTOR');
INSERT INTO personnel (personnel_id, name, roletype) VALUES (308, 'Kim Novak', 'ACTOR');
INSERT INTO personnel (personnel_id, name, roletype) VALUES (309, 'Barbara Bel Geddes', 'ACTOR');
INSERT INTO personnel (personnel_id, name, roletype) VALUES (310, 'Jean-Pierre Jeunet', 'DIRECTOR');
INSERT INTO personnel (personnel_id, name, roletype) VALUES (311, 'Audrey Tautou', 'ACTOR');
INSERT INTO personnel (personnel_id, name, roletype) VALUES (312, 'Mathieu Kassovitz', 'ACTOR');
INSERT INTO personnel (personnel_id, name, roletype) VALUES (313, 'Rufus', 'ACTOR');
INSERT INTO personnel (personnel_id, name, roletype) VALUES (314, 'Mike Vogel', 'ACTOR');
INSERT INTO personnel (personnel_id, name, roletype) VALUES (315, 'Rachelle Lefevre', 'ACTOR');
INSERT INTO personnel (personnel_id, name, roletype) VALUES (316, 'Alexander Koch', 'ACTOR');
INSERT INTO personnel (personnel_id, name, roletype) VALUES (317, 'Colin Ford', 'ACTOR');
INSERT INTO personnel (personnel_id, name, roletype) VALUES (318, 'Mackenzie Lintz', 'ACTOR');
INSERT INTO personnel (personnel_id, name, roletype) VALUES (319, 'Dean Norris', 'ACTOR');
INSERT INTO personnel (personnel_id, name, roletype) VALUES (320, 'Jim Caviezel', 'ACTOR');
INSERT INTO personnel (personnel_id, name, roletype) VALUES (321, 'Michael Emerson', 'ACTOR');
INSERT INTO personnel (personnel_id, name, roletype) VALUES (322, 'Kevin Chapman', 'ACTOR');
INSERT INTO personnel (personnel_id, name, roletype) VALUES (323, 'Taraji P. Henson', 'ACTOR');
INSERT INTO personnel (personnel_id, name, roletype) VALUES (324, 'Amy Acker', 'ACTOR');
INSERT INTO personnel (personnel_id, name, roletype) VALUES (325, 'Sarah Shahi', 'ACTOR');
INSERT INTO personnel (personnel_id, name, roletype) VALUES (326, 'Laura Vandervoort', 'ACTOR');
INSERT INTO personnel (personnel_id, name, roletype) VALUES (327, 'Greyston Holt', 'ACTOR');
INSERT INTO personnel (personnel_id, name, roletype) VALUES (328, 'Greg Bryk', 'ACTOR');
INSERT INTO personnel (personnel_id, name, roletype) VALUES (329, 'Steve Lund', 'ACTOR');
INSERT INTO personnel (personnel_id, name, roletype) VALUES (330, 'Michael Xavier', 'ACTOR');
INSERT INTO personnel (personnel_id, name, roletype) VALUES (331, 'Paul Greene', 'ACTOR');
INSERT INTO personnel (personnel_id, name, roletype) VALUES (332, 'Stephen Amell', 'ACTOR');
INSERT INTO personnel (personnel_id, name, roletype) VALUES (333, 'David Ramsey', 'ACTOR');
INSERT INTO personnel (personnel_id, name, roletype) VALUES (334, 'Emily Bett Rickards', 'ACTOR');
INSERT INTO personnel (personnel_id, name, roletype) VALUES (335, 'Willa Holland', 'ACTOR');
INSERT INTO personnel (personnel_id, name, roletype) VALUES (336, 'Paul Blackthorne', 'ACTOR');
INSERT INTO personnel (personnel_id, name, roletype) VALUES (337, 'Katie Cassidy', 'ACTOR');
INSERT INTO personnel (personnel_id, name, roletype) VALUES (338, 'Michelle Monaghan', 'ACTOR');
INSERT INTO personnel (personnel_id, name, roletype) VALUES (339, 'Michael Potts', 'ACTOR');
INSERT INTO personnel (personnel_id, name, roletype) VALUES (340, 'Tory Kittles', 'ACTOR');
INSERT INTO personnel (personnel_id, name, roletype) VALUES (341, 'Colin Farrell', 'ACTOR');
INSERT INTO personnel (personnel_id, name, roletype) VALUES (342, 'Vince Vaughn', 'ACTOR');
INSERT INTO personnel (personnel_id, name, roletype) VALUES (343, 'Eliza Taylor', 'ACTOR');
INSERT INTO personnel (personnel_id, name, roletype) VALUES (344, 'Marie Avgeropoulos', 'ACTOR');
INSERT INTO personnel (personnel_id, name, roletype) VALUES (345, 'Bob Morley', 'ACTOR');
INSERT INTO personnel (personnel_id, name, roletype) VALUES (346, 'Lindsey Morgan', 'ACTOR');
INSERT INTO personnel (personnel_id, name, roletype) VALUES (347, 'Richard Harmon', 'ACTOR');
INSERT INTO personnel (personnel_id, name, roletype) VALUES (348, 'Paige Turco', 'ACTOR');
INSERT INTO personnel (personnel_id, name, roletype) VALUES (349, 'Claire Danes', 'ACTOR');
INSERT INTO personnel (personnel_id, name, roletype) VALUES (350, 'Mandy Patinkin', 'ACTOR');
INSERT INTO personnel (personnel_id, name, roletype) VALUES (351, 'Rupert Friend', 'ACTOR');
INSERT INTO personnel (personnel_id, name, roletype) VALUES (352, 'Maury Sterling', 'ACTOR');
INSERT INTO personnel (personnel_id, name, roletype) VALUES (353, 'Damian Lewis', 'ACTOR');
INSERT INTO personnel (personnel_id, name, roletype) VALUES (354, 'Lea Michele', 'ACTOR');
INSERT INTO personnel (personnel_id, name, roletype) VALUES (355, 'Chris Colfer', 'ACTOR');
INSERT INTO personnel (personnel_id, name, roletype) VALUES (356, 'Kevin McHale', 'ACTOR');
INSERT INTO personnel (personnel_id, name, roletype) VALUES (357, 'Matthew Morrison', 'ACTOR');
INSERT INTO personnel (personnel_id, name, roletype) VALUES (358, 'Jane Lynch', 'ACTOR');
INSERT INTO personnel (personnel_id, name, roletype) VALUES (359, 'Jenna Ushkowitz', 'ACTOR');
INSERT INTO personnel (personnel_id, name, roletype) VALUES (360, 'Emily VanCamp', 'ACTOR');
INSERT INTO personnel (personnel_id, name, roletype) VALUES (361, 'Gabriel Mann', 'ACTOR');
INSERT INTO personnel (personnel_id, name, roletype) VALUES (362, 'Nick Wechsler', 'ACTOR');
INSERT INTO personnel (personnel_id, name, roletype) VALUES (363, 'Madeleine Stowe', 'ACTOR');
INSERT INTO personnel (personnel_id, name, roletype) VALUES (364, 'Josh Bowman', 'ACTOR');
INSERT INTO personnel (personnel_id, name, roletype) VALUES (365, 'Christa B. Allen', 'ACTOR');
INSERT INTO personnel (personnel_id, name, roletype) VALUES (366, 'David Giuntoli', 'ACTOR');
INSERT INTO personnel (personnel_id, name, roletype) VALUES (367, 'Silas Weir Mitchell', 'ACTOR');
INSERT INTO personnel (personnel_id, name, roletype) VALUES (368, 'Sasha Roiz', 'ACTOR');
INSERT INTO personnel (personnel_id, name, roletype) VALUES (369, 'Russell Hornsby', 'ACTOR');
INSERT INTO personnel (personnel_id, name, roletype) VALUES (370, 'Reggie Lee', 'ACTOR');
INSERT INTO personnel (personnel_id, name, roletype) VALUES (371, 'Elizabeth Tulloch', 'ACTOR');
INSERT INTO personnel (personnel_id, name, roletype) VALUES (372, 'Ben McKenzie', 'ACTOR');
INSERT INTO personnel (personnel_id, name, roletype) VALUES (373, 'Donal Logue', 'ACTOR');
INSERT INTO personnel (personnel_id, name, roletype) VALUES (374, 'David Mazouz', 'ACTOR');
INSERT INTO personnel (personnel_id, name, roletype) VALUES (375, 'Robin Lord Taylor', 'ACTOR');
INSERT INTO personnel (personnel_id, name, roletype) VALUES (376, 'Cory Michael Smith', 'ACTOR');
INSERT INTO personnel (personnel_id, name, roletype) VALUES (377, 'Sean Pertwee', 'ACTOR');
INSERT INTO personnel (personnel_id, name, roletype) VALUES (378, 'Anna Silk', 'ACTOR');
INSERT INTO personnel (personnel_id, name, roletype) VALUES (379, 'Kris Holden-Ried', 'ACTOR');
INSERT INTO personnel (personnel_id, name, roletype) VALUES (380, 'Zoie Palmer', 'ACTOR');
INSERT INTO personnel (personnel_id, name, roletype) VALUES (381, 'Ksenia Solo', 'ACTOR');
INSERT INTO personnel (personnel_id, name, roletype) VALUES (382, 'Grant Gustin', 'ACTOR');
INSERT INTO personnel (personnel_id, name, roletype) VALUES (383, 'Candice Patton', 'ACTOR');
INSERT INTO personnel (personnel_id, name, roletype) VALUES (384, 'Danielle Panabaker', 'ACTOR');
INSERT INTO personnel (personnel_id, name, roletype) VALUES (385, 'Jesse L. Martin', 'ACTOR');
INSERT INTO personnel (personnel_id, name, roletype) VALUES (386, 'Carlos Valdés', 'ACTOR');
INSERT INTO personnel (personnel_id, name, roletype) VALUES (387, 'Danielle Nicolet', 'ACTOR');
INSERT INTO personnel (personnel_id, name, roletype) VALUES (388, 'Rachel Nichols', 'ACTOR');
INSERT INTO personnel (personnel_id, name, roletype) VALUES (389, 'Victor Webster', 'ACTOR');
INSERT INTO personnel (personnel_id, name, roletype) VALUES (390, 'Erik Knudsen', 'ACTOR');
INSERT INTO personnel (personnel_id, name, roletype) VALUES (391, 'Stephen Lobo', 'ACTOR');
INSERT INTO personnel (personnel_id, name, roletype) VALUES (392, 'Omari Newton', 'ACTOR');
INSERT INTO personnel (personnel_id, name, roletype) VALUES (393, 'Lexa Doig', 'ACTOR');
INSERT INTO personnel (personnel_id, name, roletype) VALUES (394, 'Matt Ryan', 'ACTOR');
INSERT INTO personnel (personnel_id, name, roletype) VALUES (395, 'Angélica Celaya', 'ACTOR');
INSERT INTO personnel (personnel_id, name, roletype) VALUES (396, 'Charles Halford', 'ACTOR');
INSERT INTO personnel (personnel_id, name, roletype) VALUES (397, 'Harold Perrineau', 'ACTOR');
INSERT INTO personnel (personnel_id, name, roletype) VALUES (398, 'Lucy Griffiths', 'ACTOR');
INSERT INTO personnel (personnel_id, name, roletype) VALUES (399, 'Timothy Dalton', 'ACTOR');
INSERT INTO personnel (personnel_id, name, roletype) VALUES (400, 'Eva Green', 'ACTOR');
INSERT INTO personnel (personnel_id, name, roletype) VALUES (401, 'Harry Treadaway', 'ACTOR');
INSERT INTO personnel (personnel_id, name, roletype) VALUES (402, 'Josh Hartnett', 'ACTOR');
INSERT INTO personnel (personnel_id, name, roletype) VALUES (403, 'Rory Kinnear', 'ACTOR');
INSERT INTO personnel (personnel_id, name, roletype) VALUES (404, 'Billie Piper', 'ACTOR');
INSERT INTO personnel (personnel_id, name, roletype) VALUES (405, 'Phil Keoghan', 'ACTOR');
INSERT INTO personnel (personnel_id, name, roletype) VALUES (406, 'Jared Padalecki', 'ACTOR');
INSERT INTO personnel (personnel_id, name, roletype) VALUES (407, 'Jensen Ackles', 'ACTOR');
INSERT INTO personnel (personnel_id, name, roletype) VALUES (408, 'Misha Collins', 'ACTOR');
INSERT INTO personnel (personnel_id, name, roletype) VALUES (409, 'Mark Sheppard', 'ACTOR');
INSERT INTO personnel (personnel_id, name, roletype) VALUES (410, 'Alexander Calvert', 'ACTOR');
INSERT INTO personnel (personnel_id, name, roletype) VALUES (411, 'Mark Pellegrino', 'ACTOR');
INSERT INTO personnel (personnel_id, name, roletype) VALUES (412, 'Corey Stoll', 'ACTOR');
INSERT INTO personnel (personnel_id, name, roletype) VALUES (413, 'David Bradley', 'ACTOR');
INSERT INTO personnel (personnel_id, name, roletype) VALUES (414, 'Kevin Durand', 'ACTOR');
INSERT INTO personnel (personnel_id, name, roletype) VALUES (415, 'Richard Sammel', 'ACTOR');
INSERT INTO personnel (personnel_id, name, roletype) VALUES (416, 'Ben Hyland', 'ACTOR');
INSERT INTO personnel (personnel_id, name, roletype) VALUES (417, 'Max Charles', 'ACTOR');
INSERT INTO personnel (personnel_id, name, roletype) VALUES (418, 'Adam Baldwin', 'ACTOR');
INSERT INTO personnel (personnel_id, name, roletype) VALUES (419, 'Charles Parnell', 'ACTOR');
INSERT INTO personnel (personnel_id, name, roletype) VALUES (420, 'Travis Van Winkle', 'ACTOR');
INSERT INTO personnel (personnel_id, name, roletype) VALUES (421, 'Marissa Neitling', 'ACTOR');
INSERT INTO personnel (personnel_id, name, roletype) VALUES (422, 'Eric Dane', 'ACTOR');
INSERT INTO personnel (personnel_id, name, roletype) VALUES (423, 'Jocko Sims', 'ACTOR');
INSERT INTO personnel (personnel_id, name, roletype) VALUES (424, 'Anna Paquin', 'ACTOR');
INSERT INTO personnel (personnel_id, name, roletype) VALUES (425, 'Nelsan Ellis', 'ACTOR');
INSERT INTO personnel (personnel_id, name, roletype) VALUES (426, 'Ryan Kwanten', 'ACTOR');
INSERT INTO personnel (personnel_id, name, roletype) VALUES (427, 'Stephen Moyer', 'ACTOR');
INSERT INTO personnel (personnel_id, name, roletype) VALUES (428, 'Sam Trammell', 'ACTOR');
INSERT INTO personnel (personnel_id, name, roletype) VALUES (429, 'Chris Bauer', 'ACTOR');
INSERT INTO personnel (personnel_id, name, roletype) VALUES (430, 'Sophie Lowe', 'ACTOR');
INSERT INTO personnel (personnel_id, name, roletype) VALUES (431, 'Michael Socha', 'ACTOR');
INSERT INTO personnel (personnel_id, name, roletype) VALUES (432, 'Peter Gadiot', 'ACTOR');
INSERT INTO personnel (personnel_id, name, roletype) VALUES (433, 'Emma Rigby', 'ACTOR');
INSERT INTO personnel (personnel_id, name, roletype) VALUES (434, 'Naveen Andrews', 'ACTOR');
INSERT INTO personnel (personnel_id, name, roletype) VALUES (435, 'John Lithgow', 'ACTOR');
INSERT INTO personnel (personnel_id, name, roletype) VALUES (436, 'Alex O''Loughlin', 'ACTOR');
INSERT INTO personnel (personnel_id, name, roletype) VALUES (437, 'Scott Caan', 'ACTOR');
INSERT INTO personnel (personnel_id, name, roletype) VALUES (438, 'Daniel Dae Kim', 'ACTOR');
INSERT INTO personnel (personnel_id, name, roletype) VALUES (439, 'Grace Park', 'ACTOR');
INSERT INTO personnel (personnel_id, name, roletype) VALUES (440, 'Chi McBride', 'ACTOR');
INSERT INTO personnel (personnel_id, name, roletype) VALUES (441, 'Taylor Wily', 'ACTOR');
INSERT INTO personnel (personnel_id, name, roletype) VALUES (442, 'Fumiko Orikasa', 'ACTOR');
INSERT INTO personnel (personnel_id, name, roletype) VALUES (443, 'Jouji Nakata', 'ACTOR');
INSERT INTO personnel (personnel_id, name, roletype) VALUES (444, 'Yoshiko Sakakibara', 'ACTOR');
INSERT INTO personnel (personnel_id, name, roletype) VALUES (445, 'Motomu Kiyokawa', 'ACTOR');
INSERT INTO personnel (personnel_id, name, roletype) VALUES (446, 'Hiroaki Hirata', 'ACTOR');
INSERT INTO personnel (personnel_id, name, roletype) VALUES (447, 'Norio Wakamoto', 'ACTOR');
INSERT INTO personnel (personnel_id, name, roletype) VALUES (448, 'Nobutoshi Canna', 'ACTOR');
INSERT INTO personnel (personnel_id, name, roletype) VALUES (449, 'Toshiyuki Morikawa', 'ACTOR');
INSERT INTO personnel (personnel_id, name, roletype) VALUES (450, 'Yuko Miyamura', 'ACTOR');
INSERT INTO personnel (personnel_id, name, roletype) VALUES (451, 'David Duchovny', 'ACTOR');
INSERT INTO personnel (personnel_id, name, roletype) VALUES (452, 'Evan Handler', 'ACTOR');
INSERT INTO personnel (personnel_id, name, roletype) VALUES (453, 'Natascha McElhone', 'ACTOR');
INSERT INTO personnel (personnel_id, name, roletype) VALUES (454, 'Madeleine Martin', 'ACTOR');
INSERT INTO personnel (personnel_id, name, roletype) VALUES (455, 'Pamela Adlon', 'ACTOR');
INSERT INTO personnel (personnel_id, name, roletype) VALUES (456, 'Madeline Zima', 'ACTOR');
INSERT INTO personnel (personnel_id, name, roletype) VALUES (457, 'Katheryn Winnick', 'ACTOR');
INSERT INTO personnel (personnel_id, name, roletype) VALUES (458, 'Gustaf Skarsgård', 'ACTOR');
INSERT INTO personnel (personnel_id, name, roletype) VALUES (459, 'Alexander Ludwig', 'ACTOR');
INSERT INTO personnel (personnel_id, name, roletype) VALUES (460, 'Georgia Hirst', 'ACTOR');
INSERT INTO personnel (personnel_id, name, roletype) VALUES (461, 'Alex Høgh Andersen', 'ACTOR');
INSERT INTO personnel (personnel_id, name, roletype) VALUES (462, 'Marco Ilsø', 'ACTOR');
INSERT INTO personnel (personnel_id, name, roletype) VALUES (463, 'Emma Roberts', 'ACTOR');
INSERT INTO personnel (personnel_id, name, roletype) VALUES (464, 'Sarah Paulson', 'ACTOR');
INSERT INTO personnel (personnel_id, name, roletype) VALUES (465, 'Taissa Farmiga', 'ACTOR');
INSERT INTO personnel (personnel_id, name, roletype) VALUES (466, 'Frances Conroy', 'ACTOR');
INSERT INTO personnel (personnel_id, name, roletype) VALUES (467, 'Connie Britton', 'ACTOR');
INSERT INTO personnel (personnel_id, name, roletype) VALUES (468, 'Elizabeth Henstridge', 'ACTOR');
INSERT INTO personnel (personnel_id, name, roletype) VALUES (469, 'Chloe Bennet', 'ACTOR');
INSERT INTO personnel (personnel_id, name, roletype) VALUES (470, 'Ming-Na Wen', 'ACTOR');
INSERT INTO personnel (personnel_id, name, roletype) VALUES (471, 'Clark Gregg', 'ACTOR');
INSERT INTO personnel (personnel_id, name, roletype) VALUES (472, 'Iain De Caestecker', 'ACTOR');
INSERT INTO personnel (personnel_id, name, roletype) VALUES (473, 'Henry Simmons', 'ACTOR');
INSERT INTO personnel (personnel_id, name, roletype) VALUES (474, 'Allison Tolman', 'ACTOR');
INSERT INTO personnel (personnel_id, name, roletype) VALUES (475, 'Colin Hanks', 'ACTOR');
INSERT INTO personnel (personnel_id, name, roletype) VALUES (476, 'Billy Bob Thornton', 'ACTOR');
INSERT INTO personnel (personnel_id, name, roletype) VALUES (477, 'Martin Freeman', 'ACTOR');
INSERT INTO personnel (personnel_id, name, roletype) VALUES (478, 'Jesse Plemons', 'ACTOR');
INSERT INTO personnel (personnel_id, name, roletype) VALUES (479, 'Ted Danson', 'ACTOR');
INSERT INTO personnel (personnel_id, name, roletype) VALUES (480, 'Famke Janssen', 'ACTOR');
INSERT INTO personnel (personnel_id, name, roletype) VALUES (481, 'Landon Liboiron', 'ACTOR');
INSERT INTO personnel (personnel_id, name, roletype) VALUES (482, 'Bill Skarsgård', 'ACTOR');
INSERT INTO personnel (personnel_id, name, roletype) VALUES (483, 'Joel de la Fuente', 'ACTOR');
INSERT INTO personnel (personnel_id, name, roletype) VALUES (484, 'Kaniehtiio Horn', 'ACTOR');
INSERT INTO personnel (personnel_id, name, roletype) VALUES (485, 'Dougray Scott', 'ACTOR');
INSERT INTO personnel (personnel_id, name, roletype) VALUES (486, 'Billy Campbell', 'ACTOR');
INSERT INTO personnel (personnel_id, name, roletype) VALUES (487, 'Kyra Zagorsky', 'ACTOR');
INSERT INTO personnel (personnel_id, name, roletype) VALUES (488, 'Mark Ghanimé', 'ACTOR');
INSERT INTO personnel (personnel_id, name, roletype) VALUES (489, 'Hiroyuki Sanada', 'ACTOR');
INSERT INTO personnel (personnel_id, name, roletype) VALUES (490, 'Matt Long', 'ACTOR');
INSERT INTO personnel (personnel_id, name, roletype) VALUES (491, 'Mireille Enos', 'ACTOR');
INSERT INTO personnel (personnel_id, name, roletype) VALUES (492, 'Joel Kinnaman', 'ACTOR');
INSERT INTO personnel (personnel_id, name, roletype) VALUES (493, 'Brent Sexton', 'ACTOR');
INSERT INTO personnel (personnel_id, name, roletype) VALUES (494, 'Eric Ladin', 'ACTOR');
INSERT INTO personnel (personnel_id, name, roletype) VALUES (495, 'Liam James', 'ACTOR');
INSERT INTO personnel (personnel_id, name, roletype) VALUES (496, 'John Simm', 'ACTOR');
INSERT INTO personnel (personnel_id, name, roletype) VALUES (497, 'James Frain', 'ACTOR');
INSERT INTO personnel (personnel_id, name, roletype) VALUES (498, 'Millie Bobby Brown', 'ACTOR');
INSERT INTO personnel (personnel_id, name, roletype) VALUES (499, 'Mira Sorvino', 'ACTOR');
INSERT INTO personnel (personnel_id, name, roletype) VALUES (500, 'Nat Zang', 'ACTOR');
INSERT INTO personnel (personnel_id, name, roletype) VALUES (501, 'Russell Hodgkinson', 'ACTOR');
INSERT INTO personnel (personnel_id, name, roletype) VALUES (502, 'Kellita Smith', 'ACTOR');
INSERT INTO personnel (personnel_id, name, roletype) VALUES (503, 'Keith Allan', 'ACTOR');
INSERT INTO personnel (personnel_id, name, roletype) VALUES (504, 'Anastasia Baranova', 'ACTOR');
INSERT INTO personnel (personnel_id, name, roletype) VALUES (505, 'DJ Qualls', 'ACTOR');
INSERT INTO personnel (personnel_id, name, roletype) VALUES (506, 'Omar Epps', 'ACTOR');
INSERT INTO personnel (personnel_id, name, roletype) VALUES (507, 'Frances Fisher', 'ACTOR');
INSERT INTO personnel (personnel_id, name, roletype) VALUES (508, 'Matt Craven', 'ACTOR');
INSERT INTO personnel (personnel_id, name, roletype) VALUES (509, 'Devin Kelley', 'ACTOR');
INSERT INTO personnel (personnel_id, name, roletype) VALUES (510, 'Mark Hildreth', 'ACTOR');
INSERT INTO personnel (personnel_id, name, roletype) VALUES (511, 'Landon Gimenez', 'ACTOR');
INSERT INTO personnel (personnel_id, name, roletype) VALUES (512, 'Mamoru Miyano', 'ACTOR');
INSERT INTO personnel (personnel_id, name, roletype) VALUES (513, 'Shidō Nakamura', 'ACTOR');
INSERT INTO personnel (personnel_id, name, roletype) VALUES (514, 'Kappei Yamaguchi', 'ACTOR');
INSERT INTO personnel (personnel_id, name, roletype) VALUES (515, 'Aya Hirano', 'ACTOR');
INSERT INTO personnel (personnel_id, name, roletype) VALUES (516, 'Noriko Hidaka', 'ACTOR');
INSERT INTO personnel (personnel_id, name, roletype) VALUES (517, 'Nancy Travis', 'ACTOR');
INSERT INTO personnel (personnel_id, name, roletype) VALUES (518, 'Molly McCook', 'ACTOR');
INSERT INTO personnel (personnel_id, name, roletype) VALUES (519, 'Molly Ephraim', 'ACTOR');
INSERT INTO personnel (personnel_id, name, roletype) VALUES (520, 'Hector Elizondo', 'ACTOR');
INSERT INTO personnel (personnel_id, name, roletype) VALUES (521, 'Christoph Sanders', 'ACTOR');
INSERT INTO personnel (personnel_id, name, roletype) VALUES (522, 'Tom Mison', 'ACTOR');
INSERT INTO personnel (personnel_id, name, roletype) VALUES (523, 'Lyndie Greenwood', 'ACTOR');
INSERT INTO personnel (personnel_id, name, roletype) VALUES (524, 'Nicole Beharie', 'ACTOR');
INSERT INTO personnel (personnel_id, name, roletype) VALUES (525, 'Orlando Jones', 'ACTOR');
INSERT INTO personnel (personnel_id, name, roletype) VALUES (526, 'Katia Winter', 'ACTOR');
INSERT INTO personnel (personnel_id, name, roletype) VALUES (527, 'John Noble', 'ACTOR');
INSERT INTO personnel (personnel_id, name, roletype) VALUES (528, 'Caitríona Balfe', 'ACTOR');
INSERT INTO personnel (personnel_id, name, roletype) VALUES (529, 'Sam Heughan', 'ACTOR');
INSERT INTO personnel (personnel_id, name, roletype) VALUES (530, 'Richard Rankin', 'ACTOR');
INSERT INTO personnel (personnel_id, name, roletype) VALUES (531, 'Sophie Skelton', 'ACTOR');
INSERT INTO personnel (personnel_id, name, roletype) VALUES (532, 'John Bell', 'ACTOR');
INSERT INTO personnel (personnel_id, name, roletype) VALUES (533, 'Duncan Lacroix', 'ACTOR');
INSERT INTO personnel (personnel_id, name, roletype) VALUES (534, 'Jadyn Wong', 'ACTOR');
INSERT INTO personnel (personnel_id, name, roletype) VALUES (535, 'Robert Patrick', 'ACTOR');
INSERT INTO personnel (personnel_id, name, roletype) VALUES (536, 'Ari Stidham', 'ACTOR');
INSERT INTO personnel (personnel_id, name, roletype) VALUES (537, 'Eddie Kaye Thomas', 'ACTOR');
INSERT INTO personnel (personnel_id, name, roletype) VALUES (538, 'Elyes Gabel', 'ACTOR');
INSERT INTO personnel (personnel_id, name, roletype) VALUES (539, 'Katharine McPhee', 'ACTOR');
INSERT INTO personnel (personnel_id, name, roletype) VALUES (540, 'Scott Bakula', 'ACTOR');
INSERT INTO personnel (personnel_id, name, roletype) VALUES (541, 'Rob Kerkovich', 'ACTOR');
INSERT INTO personnel (personnel_id, name, roletype) VALUES (542, 'CCH Pounder', 'ACTOR');
INSERT INTO personnel (personnel_id, name, roletype) VALUES (543, 'Lucas Black', 'ACTOR');
INSERT INTO personnel (personnel_id, name, roletype) VALUES (544, 'Daryl Mitchell', 'ACTOR');
INSERT INTO personnel (personnel_id, name, roletype) VALUES (545, 'Vanessa Ferlito', 'ACTOR');
INSERT INTO personnel (personnel_id, name, roletype) VALUES (546, 'Ioan Gruffudd', 'ACTOR');
INSERT INTO personnel (personnel_id, name, roletype) VALUES (547, 'Alana De La Garza', 'ACTOR');
INSERT INTO personnel (personnel_id, name, roletype) VALUES (548, 'Donnie Keshawarz', 'ACTOR');
INSERT INTO personnel (personnel_id, name, roletype) VALUES (549, 'Judd Hirsch', 'ACTOR');
INSERT INTO personnel (personnel_id, name, roletype) VALUES (550, 'Joel David Moore', 'ACTOR');
INSERT INTO personnel (personnel_id, name, roletype) VALUES (551, 'Lorraine Toussaint', 'ACTOR');
INSERT INTO personnel (personnel_id, name, roletype) VALUES (552, 'Julia Ormond', 'ACTOR');
INSERT INTO personnel (personnel_id, name, roletype) VALUES (553, 'Mädchen Amick', 'ACTOR');
INSERT INTO personnel (personnel_id, name, roletype) VALUES (554, 'Jenna Dewan', 'ACTOR');
INSERT INTO personnel (personnel_id, name, roletype) VALUES (555, 'Rachel Boston', 'ACTOR');
INSERT INTO personnel (personnel_id, name, roletype) VALUES (556, 'Daniel Di Tomasso', 'ACTOR');
INSERT INTO personnel (personnel_id, name, roletype) VALUES (557, 'Eric Winter', 'ACTOR');
INSERT INTO personnel (personnel_id, name, roletype) VALUES (558, 'Téa Leoni', 'ACTOR');
INSERT INTO personnel (personnel_id, name, roletype) VALUES (559, 'Erich Bergen', 'ACTOR');
INSERT INTO personnel (personnel_id, name, roletype) VALUES (560, 'Tim Daly', 'ACTOR');
INSERT INTO personnel (personnel_id, name, roletype) VALUES (561, 'Patina Miller', 'ACTOR');
INSERT INTO personnel (personnel_id, name, roletype) VALUES (562, 'Željko Ivanek', 'ACTOR');
INSERT INTO personnel (personnel_id, name, roletype) VALUES (563, 'Geoffrey Arend', 'ACTOR');
INSERT INTO personnel (personnel_id, name, roletype) VALUES (564, 'Andy Samberg', 'ACTOR');
INSERT INTO personnel (personnel_id, name, roletype) VALUES (565, 'Andre Braugher', 'ACTOR');
INSERT INTO personnel (personnel_id, name, roletype) VALUES (566, 'Joe Lo Truglio', 'ACTOR');
INSERT INTO personnel (personnel_id, name, roletype) VALUES (567, 'Stephanie Beatriz', 'ACTOR');
INSERT INTO personnel (personnel_id, name, roletype) VALUES (568, 'Terry Crews', 'ACTOR');
INSERT INTO personnel (personnel_id, name, roletype) VALUES (569, 'Melissa Fumero', 'ACTOR');
INSERT INTO personnel (personnel_id, name, roletype) VALUES (570, 'Marley Shelton', 'ACTOR');
INSERT INTO personnel (personnel_id, name, roletype) VALUES (571, 'Michael Graziadei', 'ACTOR');
INSERT INTO personnel (personnel_id, name, roletype) VALUES (572, 'Athena Karkanis', 'ACTOR');
INSERT INTO personnel (personnel_id, name, roletype) VALUES (573, 'David Alpay', 'ACTOR');
INSERT INTO personnel (personnel_id, name, roletype) VALUES (574, 'Shelley Conn', 'ACTOR');
INSERT INTO personnel (personnel_id, name, roletype) VALUES (575, 'Yul Vazquez', 'ACTOR');
INSERT INTO personnel (personnel_id, name, roletype) VALUES (576, 'Andre Holland', 'ACTOR');
INSERT INTO personnel (personnel_id, name, roletype) VALUES (577, 'Cara Seymour', 'ACTOR');
INSERT INTO personnel (personnel_id, name, roletype) VALUES (578, 'Clive Owen', 'ACTOR');
INSERT INTO personnel (personnel_id, name, roletype) VALUES (579, 'Eric Johnson', 'ACTOR');
INSERT INTO personnel (personnel_id, name, roletype) VALUES (580, 'Juliet Rylance', 'ACTOR');
INSERT INTO personnel (personnel_id, name, roletype) VALUES (581, 'Michael Angarano', 'ACTOR');
INSERT INTO personnel (personnel_id, name, roletype) VALUES (582, 'Viola Davis', 'ACTOR');
INSERT INTO personnel (personnel_id, name, roletype) VALUES (583, 'Billy Brown', 'ACTOR');
INSERT INTO personnel (personnel_id, name, roletype) VALUES (584, 'Jack Falahee', 'ACTOR');
INSERT INTO personnel (personnel_id, name, roletype) VALUES (585, 'Aja Naomi King', 'ACTOR');
INSERT INTO personnel (personnel_id, name, roletype) VALUES (586, 'Charlie Weber', 'ACTOR');
INSERT INTO personnel (personnel_id, name, roletype) VALUES (587, 'Liza Weil', 'ACTOR');
INSERT INTO personnel (personnel_id, name, roletype) VALUES (588, 'Hayden Panettiere', 'ACTOR');
INSERT INTO personnel (personnel_id, name, roletype) VALUES (589, 'Jonathan Jackson', 'ACTOR');
INSERT INTO personnel (personnel_id, name, roletype) VALUES (590, 'Clare Bowen', 'ACTOR');
INSERT INTO personnel (personnel_id, name, roletype) VALUES (591, 'Charles Esten', 'ACTOR');
INSERT INTO personnel (personnel_id, name, roletype) VALUES (592, 'Sam Palladio', 'ACTOR');
INSERT INTO personnel (personnel_id, name, roletype) VALUES (593, 'Lennon Stella', 'ACTOR');
INSERT INTO personnel (personnel_id, name, roletype) VALUES (594, 'Sean Bean', 'ACTOR');
INSERT INTO personnel (personnel_id, name, roletype) VALUES (595, 'Morris Chestnut', 'ACTOR');
INSERT INTO personnel (personnel_id, name, roletype) VALUES (596, 'Tina Majorino', 'ACTOR');
INSERT INTO personnel (personnel_id, name, roletype) VALUES (597, 'Steve Kazee', 'ACTOR');
INSERT INTO personnel (personnel_id, name, roletype) VALUES (598, 'Winter Ave Zoli', 'ACTOR');
INSERT INTO personnel (personnel_id, name, roletype) VALUES (599, 'Klára Issová', 'ACTOR');
INSERT INTO personnel (personnel_id, name, roletype) VALUES (600, 'Astro', 'ACTOR');
INSERT INTO personnel (personnel_id, name, roletype) VALUES (601, 'Charlie Rowe', 'ACTOR');
INSERT INTO personnel (personnel_id, name, roletype) VALUES (602, 'Ciara Bravo', 'ACTOR');
INSERT INTO personnel (personnel_id, name, roletype) VALUES (603, 'Dave Annable', 'ACTOR');
INSERT INTO personnel (personnel_id, name, roletype) VALUES (604, 'Griffin Gluck', 'ACTOR');
INSERT INTO personnel (personnel_id, name, roletype) VALUES (605, 'Nolan Sotillo', 'ACTOR');
INSERT INTO personnel (personnel_id, name, roletype) VALUES (606, 'Jason Beghe', 'ACTOR');
INSERT INTO personnel (personnel_id, name, roletype) VALUES (607, 'LaRoyce Hawkins', 'ACTOR');
INSERT INTO personnel (personnel_id, name, roletype) VALUES (608, 'Marina Squerciati', 'ACTOR');
INSERT INTO personnel (personnel_id, name, roletype) VALUES (609, 'Patrick John Flueger', 'ACTOR');
INSERT INTO personnel (personnel_id, name, roletype) VALUES (610, 'Amy Morton', 'ACTOR');
INSERT INTO personnel (personnel_id, name, roletype) VALUES (611, 'Jesse Lee Soffer', 'ACTOR');
INSERT INTO personnel (personnel_id, name, roletype) VALUES (612, 'Anthony Anderson', 'ACTOR');
INSERT INTO personnel (personnel_id, name, roletype) VALUES (613, 'Marcus Scribner', 'ACTOR');
INSERT INTO personnel (personnel_id, name, roletype) VALUES (614, 'Marsai Martin', 'ACTOR');
INSERT INTO personnel (personnel_id, name, roletype) VALUES (615, 'Miles Brown', 'ACTOR');
INSERT INTO personnel (personnel_id, name, roletype) VALUES (616, 'Tracee Ellis Ross', 'ACTOR');
INSERT INTO personnel (personnel_id, name, roletype) VALUES (617, 'Peter MacKenzie', 'ACTOR');
INSERT INTO personnel (personnel_id, name, roletype) VALUES (618, 'Zooey Deschanel', 'ACTOR');
INSERT INTO personnel (personnel_id, name, roletype) VALUES (619, 'Max Greenfield', 'ACTOR');
INSERT INTO personnel (personnel_id, name, roletype) VALUES (620, 'Hannah Simone', 'ACTOR');
INSERT INTO personnel (personnel_id, name, roletype) VALUES (621, 'Lamorne Morris', 'ACTOR');
INSERT INTO personnel (personnel_id, name, roletype) VALUES (622, 'Damon Wayans Jr.', 'ACTOR');
INSERT INTO personnel (personnel_id, name, roletype) VALUES (623, 'Joe Miñoso', 'ACTOR');
INSERT INTO personnel (personnel_id, name, roletype) VALUES (624, 'David Eigenberg', 'ACTOR');
INSERT INTO personnel (personnel_id, name, roletype) VALUES (625, 'Christian Stolte', 'ACTOR');
INSERT INTO personnel (personnel_id, name, roletype) VALUES (626, 'Taylor Kinney', 'ACTOR');
INSERT INTO personnel (personnel_id, name, roletype) VALUES (627, 'Eamonn Walker', 'ACTOR');
INSERT INTO personnel (personnel_id, name, roletype) VALUES (628, 'Jesse Spencer', 'ACTOR');
INSERT INTO personnel (personnel_id, name, roletype) VALUES (629, 'Sean Murray', 'ACTOR');
INSERT INTO personnel (personnel_id, name, roletype) VALUES (630, 'Mark Harmon', 'ACTOR');
INSERT INTO personnel (personnel_id, name, roletype) VALUES (631, 'David McCallum', 'ACTOR');
INSERT INTO personnel (personnel_id, name, roletype) VALUES (632, 'Pauley Perrette', 'ACTOR');
INSERT INTO personnel (personnel_id, name, roletype) VALUES (633, 'Rocky Carroll', 'ACTOR');
INSERT INTO personnel (personnel_id, name, roletype) VALUES (634, 'Brian Dietzen', 'ACTOR');
INSERT INTO personnel (personnel_id, name, roletype) VALUES (635, 'Tatiana Maslany', 'ACTOR');
INSERT INTO personnel (personnel_id, name, roletype) VALUES (636, 'Jordan Gavaris', 'ACTOR');
INSERT INTO personnel (personnel_id, name, roletype) VALUES (637, 'Maria Doyle Kennedy', 'ACTOR');
INSERT INTO personnel (personnel_id, name, roletype) VALUES (638, 'Kristian Bruun', 'ACTOR');
INSERT INTO personnel (personnel_id, name, roletype) VALUES (639, 'Joseph Morgan', 'ACTOR');
INSERT INTO personnel (personnel_id, name, roletype) VALUES (640, 'Charles Michael Davis', 'ACTOR');
INSERT INTO personnel (personnel_id, name, roletype) VALUES (641, 'Daniel Gillies', 'ACTOR');
INSERT INTO personnel (personnel_id, name, roletype) VALUES (642, 'Phoebe Tonkin', 'ACTOR');
INSERT INTO personnel (personnel_id, name, roletype) VALUES (643, 'Danielle Campbell', 'ACTOR');
INSERT INTO personnel (personnel_id, name, roletype) VALUES (644, 'Danielle Rose Russell', 'ACTOR');
INSERT INTO personnel (personnel_id, name, roletype) VALUES (645, 'Paul Wesley', 'ACTOR');
INSERT INTO personnel (personnel_id, name, roletype) VALUES (646, 'Ian Somerhalder', 'ACTOR');
INSERT INTO personnel (personnel_id, name, roletype) VALUES (647, 'Candice King', 'ACTOR');
INSERT INTO personnel (personnel_id, name, roletype) VALUES (648, 'Kat Graham', 'ACTOR');
INSERT INTO personnel (personnel_id, name, roletype) VALUES (649, 'Nina Dobrev', 'ACTOR');
INSERT INTO personnel (personnel_id, name, roletype) VALUES (650, 'Zach Roerig', 'ACTOR');
INSERT INTO personnel (personnel_id, name, roletype) VALUES (651, 'Adeel Akhtar', 'ACTOR');
INSERT INTO personnel (personnel_id, name, roletype) VALUES (652, 'Fiona O''Shaughnessy', 'ACTOR');
INSERT INTO personnel (personnel_id, name, roletype) VALUES (653, 'Paul Higgins', 'ACTOR');
INSERT INTO personnel (personnel_id, name, roletype) VALUES (654, 'Alexandra Roach', 'ACTOR');
INSERT INTO personnel (personnel_id, name, roletype) VALUES (655, 'Nathan Stewart-Jarrett', 'ACTOR');
INSERT INTO personnel (personnel_id, name, roletype) VALUES (656, 'Oliver Woollford', 'ACTOR');
INSERT INTO personnel (personnel_id, name, roletype) VALUES (657, 'Emily Deschanel', 'ACTOR');
INSERT INTO personnel (personnel_id, name, roletype) VALUES (658, 'David Boreanaz', 'ACTOR');
INSERT INTO personnel (personnel_id, name, roletype) VALUES (659, 'Michaela Conlin', 'ACTOR');
INSERT INTO personnel (personnel_id, name, roletype) VALUES (660, 'T.J. Thyne', 'ACTOR');
INSERT INTO personnel (personnel_id, name, roletype) VALUES (661, 'Tamara Taylor', 'ACTOR');
INSERT INTO personnel (personnel_id, name, roletype) VALUES (662, 'John Francis Daley', 'ACTOR');
INSERT INTO personnel (personnel_id, name, roletype) VALUES (663, 'Johnny Galecki', 'ACTOR');
INSERT INTO personnel (personnel_id, name, roletype) VALUES (664, 'Jim Parsons', 'ACTOR');
INSERT INTO personnel (personnel_id, name, roletype) VALUES (665, 'Simon Helberg', 'ACTOR');
INSERT INTO personnel (personnel_id, name, roletype) VALUES (666, 'Kunal Nayyar', 'ACTOR');
INSERT INTO personnel (personnel_id, name, roletype) VALUES (667, 'Kaley Cuoco', 'ACTOR');
INSERT INTO personnel (personnel_id, name, roletype) VALUES (668, 'Melissa Rauch', 'ACTOR');
INSERT INTO personnel (personnel_id, name, roletype) VALUES (669, 'Ellen Pompeo', 'ACTOR');
INSERT INTO personnel (personnel_id, name, roletype) VALUES (670, 'James Pickens, Jr.', 'ACTOR');
INSERT INTO personnel (personnel_id, name, roletype) VALUES (671, 'Chandra Wilson', 'ACTOR');
INSERT INTO personnel (personnel_id, name, roletype) VALUES (672, 'Kevin McKidd', 'ACTOR');
INSERT INTO personnel (personnel_id, name, roletype) VALUES (673, 'Justin Chambers', 'ACTOR');
INSERT INTO personnel (personnel_id, name, roletype) VALUES (674, 'Jesse Williams', 'ACTOR');
INSERT INTO personnel (personnel_id, name, roletype) VALUES (675, 'Nathan Fillion', 'ACTOR');
INSERT INTO personnel (personnel_id, name, roletype) VALUES (676, 'Jon Huertas', 'ACTOR');
INSERT INTO personnel (personnel_id, name, roletype) VALUES (677, 'Seamus Dever', 'ACTOR');
INSERT INTO personnel (personnel_id, name, roletype) VALUES (678, 'Stana Katic', 'ACTOR');
INSERT INTO personnel (personnel_id, name, roletype) VALUES (679, 'Susan Sullivan', 'ACTOR');
INSERT INTO personnel (personnel_id, name, roletype) VALUES (680, 'Molly Caitlyn Quinn', 'ACTOR');
INSERT INTO personnel (personnel_id, name, roletype) VALUES (681, 'James Spader', 'ACTOR');
INSERT INTO personnel (personnel_id, name, roletype) VALUES (682, 'Diego Klattenhoff', 'ACTOR');
INSERT INTO personnel (personnel_id, name, roletype) VALUES (683, 'Harry Lennix', 'ACTOR');
INSERT INTO personnel (personnel_id, name, roletype) VALUES (684, 'Hisham Tawfiq', 'ACTOR');
INSERT INTO personnel (personnel_id, name, roletype) VALUES (685, 'Amir Arison', 'ACTOR');
INSERT INTO personnel (personnel_id, name, roletype) VALUES (686, 'Megan Boone', 'ACTOR');
INSERT INTO personnel (personnel_id, name, roletype) VALUES (687, 'Carson Daly', 'ACTOR');
INSERT INTO personnel (personnel_id, name, roletype) VALUES (688, 'Blake Shelton', 'ACTOR');
INSERT INTO personnel (personnel_id, name, roletype) VALUES (689, 'Adam Levine', 'ACTOR');
INSERT INTO personnel (personnel_id, name, roletype) VALUES (690, 'John Legend', 'ACTOR');
INSERT INTO personnel (personnel_id, name, roletype) VALUES (691, 'Kelly Clarkson', 'ACTOR');
INSERT INTO personnel (personnel_id, name, roletype) VALUES (692, 'Gwen Stefani', 'ACTOR');
INSERT INTO personnel (personnel_id, name, roletype) VALUES (693, 'Alan Dedicoat', 'ACTOR');
INSERT INTO personnel (personnel_id, name, roletype) VALUES (694, 'Bruno Tonioli', 'ACTOR');
INSERT INTO personnel (personnel_id, name, roletype) VALUES (695, 'Carrie Ann Inaba', 'ACTOR');
INSERT INTO personnel (personnel_id, name, roletype) VALUES (696, 'Len Goodman', 'ACTOR');
INSERT INTO personnel (personnel_id, name, roletype) VALUES (697, 'Tom Bergeron', 'ACTOR');
INSERT INTO personnel (personnel_id, name, roletype) VALUES (698, 'Samantha Harris', 'ACTOR');
INSERT INTO personnel (personnel_id, name, roletype) VALUES (699, 'LL Cool J', 'ACTOR');
INSERT INTO personnel (personnel_id, name, roletype) VALUES (700, 'Chris O''Donnell', 'ACTOR');
INSERT INTO personnel (personnel_id, name, roletype) VALUES (701, 'Daniela Ruah', 'ACTOR');
INSERT INTO personnel (personnel_id, name, roletype) VALUES (702, 'Eric Christian Olsen', 'ACTOR');
INSERT INTO personnel (personnel_id, name, roletype) VALUES (703, 'Barrett Foa', 'ACTOR');
INSERT INTO personnel (personnel_id, name, roletype) VALUES (704, 'Renée Felice Smith', 'ACTOR');
INSERT INTO personnel (personnel_id, name, roletype) VALUES (705, 'Norman Reedus', 'ACTOR');
INSERT INTO personnel (personnel_id, name, roletype) VALUES (706, 'Melissa McBride', 'ACTOR');
INSERT INTO personnel (personnel_id, name, roletype) VALUES (707, 'Andrew Lincoln', 'ACTOR');
INSERT INTO personnel (personnel_id, name, roletype) VALUES (708, 'Lauren Cohan', 'ACTOR');
INSERT INTO personnel (personnel_id, name, roletype) VALUES (709, 'Christian Serratos', 'ACTOR');
INSERT INTO personnel (personnel_id, name, roletype) VALUES (710, 'Danai Gurira', 'ACTOR');
INSERT INTO personnel (personnel_id, name, roletype) VALUES (711, 'Anson Mount', 'ACTOR');
INSERT INTO personnel (personnel_id, name, roletype) VALUES (712, 'Colm Meaney', 'ACTOR');
INSERT INTO personnel (personnel_id, name, roletype) VALUES (713, 'Phil Burke', 'ACTOR');
INSERT INTO personnel (personnel_id, name, roletype) VALUES (714, 'Robin McLeavy', 'ACTOR');
INSERT INTO personnel (personnel_id, name, roletype) VALUES (715, 'Common', 'ACTOR');
INSERT INTO personnel (personnel_id, name, roletype) VALUES (716, 'Ben Esler', 'ACTOR');
INSERT INTO personnel (personnel_id, name, roletype) VALUES (717, 'Mindy Kaling', 'ACTOR');
INSERT INTO personnel (personnel_id, name, roletype) VALUES (718, 'Ike Barinholtz', 'ACTOR');
INSERT INTO personnel (personnel_id, name, roletype) VALUES (719, 'Ed Weeks', 'ACTOR');
INSERT INTO personnel (personnel_id, name, roletype) VALUES (720, 'Chris Messina', 'ACTOR');
INSERT INTO personnel (personnel_id, name, roletype) VALUES (721, 'Xosha Roquemore', 'ACTOR');
INSERT INTO personnel (personnel_id, name, roletype) VALUES (722, 'Beth Grant', 'ACTOR');
INSERT INTO personnel (personnel_id, name, roletype) VALUES (723, 'Charlie Hunnam', 'ACTOR');
INSERT INTO personnel (personnel_id, name, roletype) VALUES (724, 'Katey Sagal', 'ACTOR');
INSERT INTO personnel (personnel_id, name, roletype) VALUES (725, 'Tommy Flanagan', 'ACTOR');
INSERT INTO personnel (personnel_id, name, roletype) VALUES (726, 'Mark Boone Junior', 'ACTOR');
INSERT INTO personnel (personnel_id, name, roletype) VALUES (727, 'Kim Coates', 'ACTOR');
INSERT INTO personnel (personnel_id, name, roletype) VALUES (728, 'Theo Rossi', 'ACTOR');
INSERT INTO personnel (personnel_id, name, roletype) VALUES (729, 'Patricia Heaton', 'ACTOR');
INSERT INTO personnel (personnel_id, name, roletype) VALUES (730, 'Charlie McDermott', 'ACTOR');
INSERT INTO personnel (personnel_id, name, roletype) VALUES (731, 'Eden Sher', 'ACTOR');
INSERT INTO personnel (personnel_id, name, roletype) VALUES (732, 'Atticus Shaffer', 'ACTOR');
INSERT INTO personnel (personnel_id, name, roletype) VALUES (733, 'Neil Flynn', 'ACTOR');
INSERT INTO personnel (personnel_id, name, roletype) VALUES (734, 'Chris Kattan', 'ACTOR');
INSERT INTO personnel (personnel_id, name, roletype) VALUES (735, 'Debra Messing', 'ACTOR');
INSERT INTO personnel (personnel_id, name, roletype) VALUES (736, 'Josh Lucas', 'ACTOR');
INSERT INTO personnel (personnel_id, name, roletype) VALUES (737, 'Laz Alonso', 'ACTOR');
INSERT INTO personnel (personnel_id, name, roletype) VALUES (738, 'Janina Gavankar', 'ACTOR');
INSERT INTO personnel (personnel_id, name, roletype) VALUES (739, 'Max Jenkins', 'ACTOR');
INSERT INTO personnel (personnel_id, name, roletype) VALUES (740, 'Wendi McLendon-Covey', 'ACTOR');
INSERT INTO personnel (personnel_id, name, roletype) VALUES (741, 'Sean Giambrone', 'ACTOR');
INSERT INTO personnel (personnel_id, name, roletype) VALUES (742, 'Hayley Orrantia', 'ACTOR');
INSERT INTO personnel (personnel_id, name, roletype) VALUES (743, 'Troy Gentile', 'ACTOR');
INSERT INTO personnel (personnel_id, name, roletype) VALUES (744, 'Sam Lerner', 'ACTOR');
INSERT INTO personnel (personnel_id, name, roletype) VALUES (745, 'Ed O''Neill', 'ACTOR');
INSERT INTO personnel (personnel_id, name, roletype) VALUES (746, 'Sofía Vergara', 'ACTOR');
INSERT INTO personnel (personnel_id, name, roletype) VALUES (747, 'Julie Bowen', 'ACTOR');
INSERT INTO personnel (personnel_id, name, roletype) VALUES (748, 'Ty Burrell', 'ACTOR');
INSERT INTO personnel (personnel_id, name, roletype) VALUES (749, 'Jesse Tyler Ferguson', 'ACTOR');
INSERT INTO personnel (personnel_id, name, roletype) VALUES (750, 'Eric Stonestreet', 'ACTOR');
INSERT INTO personnel (personnel_id, name, roletype) VALUES (751, 'Kirsten Vangsness', 'ACTOR');
INSERT INTO personnel (personnel_id, name, roletype) VALUES (752, 'A.J. Cook', 'ACTOR');
INSERT INTO personnel (personnel_id, name, roletype) VALUES (753, 'Matthew Gray Gubler', 'ACTOR');
INSERT INTO personnel (personnel_id, name, roletype) VALUES (754, 'Joe Mantegna', 'ACTOR');
INSERT INTO personnel (personnel_id, name, roletype) VALUES (755, 'Thomas Gibson', 'ACTOR');
INSERT INTO personnel (personnel_id, name, roletype) VALUES (756, 'Shemar Moore', 'ACTOR');
INSERT INTO personnel (personnel_id, name, roletype) VALUES (757, 'Peter Dinklage', 'ACTOR');
INSERT INTO personnel (personnel_id, name, roletype) VALUES (758, 'Kit Harington', 'ACTOR');
INSERT INTO personnel (personnel_id, name, roletype) VALUES (759, 'Lena Headey', 'ACTOR');
INSERT INTO personnel (personnel_id, name, roletype) VALUES (760, 'Emilia Clarke', 'ACTOR');
INSERT INTO personnel (personnel_id, name, roletype) VALUES (761, 'Sophie Turner', 'ACTOR');
INSERT INTO personnel (personnel_id, name, roletype) VALUES (762, 'Maisie Williams', 'ACTOR');
INSERT INTO personnel (personnel_id, name, roletype) VALUES (763, 'Dan Castellaneta', 'ACTOR');
INSERT INTO personnel (personnel_id, name, roletype) VALUES (764, 'Julie Kavner', 'ACTOR');
INSERT INTO personnel (personnel_id, name, roletype) VALUES (765, 'Yeardley Smith', 'ACTOR');
INSERT INTO personnel (personnel_id, name, roletype) VALUES (766, 'Nancy Cartwright', 'ACTOR');
INSERT INTO personnel (personnel_id, name, roletype) VALUES (767, 'Hank Azaria', 'ACTOR');
INSERT INTO personnel (personnel_id, name, roletype) VALUES (768, 'Harry Shearer', 'ACTOR');
INSERT INTO personnel (personnel_id, name, roletype) VALUES (769, 'Lacey Chabert', 'ACTOR');
INSERT INTO personnel (personnel_id, name, roletype) VALUES (770, 'Mila Kunis', 'ACTOR');
INSERT INTO personnel (personnel_id, name, roletype) VALUES (771, 'Seth MacFarlane', 'ACTOR');
INSERT INTO personnel (personnel_id, name, roletype) VALUES (772, 'Alex Borstein', 'ACTOR');
INSERT INTO personnel (personnel_id, name, roletype) VALUES (773, 'Seth Green', 'ACTOR');
INSERT INTO personnel (personnel_id, name, roletype) VALUES (774, 'Dylan McDermott', 'ACTOR');
INSERT INTO personnel (personnel_id, name, roletype) VALUES (775, 'Mariana Klaveno', 'ACTOR');
INSERT INTO personnel (personnel_id, name, roletype) VALUES (776, 'Victor Rasuk', 'ACTOR');
INSERT INTO personnel (personnel_id, name, roletype) VALUES (777, 'Maggie Q', 'ACTOR');
INSERT INTO personnel (personnel_id, name, roletype) VALUES (778, 'Elisabeth Röhm', 'ACTOR');
INSERT INTO personnel (personnel_id, name, roletype) VALUES (779, 'Demian Bichir', 'ACTOR');
INSERT INTO personnel (personnel_id, name, roletype) VALUES (780, 'Ted Levine', 'ACTOR');
INSERT INTO personnel (personnel_id, name, roletype) VALUES (781, 'Matthew Lillard', 'ACTOR');
INSERT INTO personnel (personnel_id, name, roletype) VALUES (782, 'Emily Rios', 'ACTOR');
INSERT INTO personnel (personnel_id, name, roletype) VALUES (783, 'Annabeth Gish', 'ACTOR');
INSERT INTO personnel (personnel_id, name, roletype) VALUES (784, 'Adelaide Kane', 'ACTOR');
INSERT INTO personnel (personnel_id, name, roletype) VALUES (785, 'Megan Follows', 'ACTOR');
INSERT INTO personnel (personnel_id, name, roletype) VALUES (786, 'Celina Sinden', 'ACTOR');
INSERT INTO personnel (personnel_id, name, roletype) VALUES (787, 'Torrance Coombs', 'ACTOR');
INSERT INTO personnel (personnel_id, name, roletype) VALUES (788, 'Anna Popplewell', 'ACTOR');
INSERT INTO personnel (personnel_id, name, roletype) VALUES (789, 'Jonathan Keltz', 'ACTOR');
INSERT INTO personnel (personnel_id, name, roletype) VALUES (790, 'Poppy Montgomery', 'ACTOR');
INSERT INTO personnel (personnel_id, name, roletype) VALUES (791, 'Dylan Walsh', 'ACTOR');
INSERT INTO personnel (personnel_id, name, roletype) VALUES (792, 'James Hiroyuki Liao', 'ACTOR');
INSERT INTO personnel (personnel_id, name, roletype) VALUES (793, 'Jane Curtin', 'ACTOR');
INSERT INTO personnel (personnel_id, name, roletype) VALUES (794, 'Dallas Roberts', 'ACTOR');
INSERT INTO personnel (personnel_id, name, roletype) VALUES (795, 'Tawny Cypress', 'ACTOR');
INSERT INTO personnel (personnel_id, name, roletype) VALUES (796, 'Emily Rose', 'ACTOR');
INSERT INTO personnel (personnel_id, name, roletype) VALUES (797, 'Lucas Bryant', 'ACTOR');
INSERT INTO personnel (personnel_id, name, roletype) VALUES (798, 'Eric Balfour', 'ACTOR');
INSERT INTO personnel (personnel_id, name, roletype) VALUES (799, 'Nicholas Campbell', 'ACTOR');
INSERT INTO personnel (personnel_id, name, roletype) VALUES (800, 'John Ducey', 'ACTOR');
INSERT INTO personnel (personnel_id, name, roletype) VALUES (801, 'Kate Walsh', 'ACTOR');
INSERT INTO personnel (personnel_id, name, roletype) VALUES (802, 'Miguel Sandoval', 'ACTOR');
INSERT INTO personnel (personnel_id, name, roletype) VALUES (803, 'Tone Bell', 'ACTOR');
INSERT INTO personnel (personnel_id, name, roletype) VALUES (804, 'Ryan Hansen', 'ACTOR');
INSERT INTO personnel (personnel_id, name, roletype) VALUES (805, 'Theodore John Barnes', 'ACTOR');
INSERT INTO personnel (personnel_id, name, roletype) VALUES (806, 'Ben Feldman', 'ACTOR');
INSERT INTO personnel (personnel_id, name, roletype) VALUES (807, 'Christina Kirk', 'ACTOR');
INSERT INTO personnel (personnel_id, name, roletype) VALUES (808, 'Cristin Milioti', 'ACTOR');
INSERT INTO personnel (personnel_id, name, roletype) VALUES (809, 'Henry Zebrowski', 'ACTOR');
INSERT INTO personnel (personnel_id, name, roletype) VALUES (810, 'Hong Chau', 'ACTOR');
INSERT INTO personnel (personnel_id, name, roletype) VALUES (811, 'Peter Krause', 'ACTOR');
INSERT INTO personnel (personnel_id, name, roletype) VALUES (812, 'Dax Shepard', 'ACTOR');
INSERT INTO personnel (personnel_id, name, roletype) VALUES (813, 'Lauren Graham', 'ACTOR');
INSERT INTO personnel (personnel_id, name, roletype) VALUES (814, 'Erika Christensen', 'ACTOR');
INSERT INTO personnel (personnel_id, name, roletype) VALUES (815, 'Monica Potter', 'ACTOR');
INSERT INTO personnel (personnel_id, name, roletype) VALUES (816, 'Mae Whitman', 'ACTOR');
INSERT INTO personnel (personnel_id, name, roletype) VALUES (817, 'Grant Bowler', 'ACTOR');
INSERT INTO personnel (personnel_id, name, roletype) VALUES (818, 'Julie Benz', 'ACTOR');
INSERT INTO personnel (personnel_id, name, roletype) VALUES (819, 'Stephanie Leonidas', 'ACTOR');
INSERT INTO personnel (personnel_id, name, roletype) VALUES (820, 'Jaime Murray', 'ACTOR');
INSERT INTO personnel (personnel_id, name, roletype) VALUES (821, 'Tony Curran', 'ACTOR');
INSERT INTO personnel (personnel_id, name, roletype) VALUES (822, 'Jesse Rath', 'ACTOR');
INSERT INTO personnel (personnel_id, name, roletype) VALUES (823, 'Noah Wyle', 'ACTOR');
INSERT INTO personnel (personnel_id, name, roletype) VALUES (824, 'Maxim Knight', 'ACTOR');
INSERT INTO personnel (personnel_id, name, roletype) VALUES (825, 'Will Patton', 'ACTOR');
INSERT INTO personnel (personnel_id, name, roletype) VALUES (826, 'Drew Roy', 'ACTOR');
INSERT INTO personnel (personnel_id, name, roletype) VALUES (827, 'Sarah Carter', 'ACTOR');
INSERT INTO personnel (personnel_id, name, roletype) VALUES (828, 'Moon Bloodgood', 'ACTOR');
INSERT INTO personnel (personnel_id, name, roletype) VALUES (829, 'Lio Tipton', 'ACTOR');
INSERT INTO personnel (personnel_id, name, roletype) VALUES (830, 'Jake McDorman', 'ACTOR');
INSERT INTO personnel (personnel_id, name, roletype) VALUES (831, 'Ajay Naidu', 'ACTOR');
INSERT INTO personnel (personnel_id, name, roletype) VALUES (832, 'Chloe Wepper', 'ACTOR');
INSERT INTO personnel (personnel_id, name, roletype) VALUES (833, 'Jade Catta-Preta', 'ACTOR');
INSERT INTO personnel (personnel_id, name, roletype) VALUES (834, 'Kurt Fuller', 'ACTOR');
INSERT INTO personnel (personnel_id, name, roletype) VALUES (835, 'Bob Harper', 'ACTOR');
INSERT INTO personnel (personnel_id, name, roletype) VALUES (836, 'Alison Sweeney', 'ACTOR');
INSERT INTO personnel (personnel_id, name, roletype) VALUES (837, 'Jillian Michaels', 'ACTOR');
INSERT INTO personnel (personnel_id, name, roletype) VALUES (838, 'Dolvett Quince', 'ACTOR');
INSERT INTO personnel (personnel_id, name, roletype) VALUES (839, 'Caroline Rhea', 'ACTOR');
INSERT INTO personnel (personnel_id, name, roletype) VALUES (840, 'Kim Lyons', 'ACTOR');
INSERT INTO personnel (personnel_id, name, roletype) VALUES (841, 'Kerry Washington', 'ACTOR');
INSERT INTO personnel (personnel_id, name, roletype) VALUES (842, 'Darby Stanchfield', 'ACTOR');
INSERT INTO personnel (personnel_id, name, roletype) VALUES (843, 'Katie Lowes', 'ACTOR');
INSERT INTO personnel (personnel_id, name, roletype) VALUES (844, 'Guillermo Diaz', 'ACTOR');
INSERT INTO personnel (personnel_id, name, roletype) VALUES (845, 'Tony Goldwyn', 'ACTOR');
INSERT INTO personnel (personnel_id, name, roletype) VALUES (846, 'Jeff Perry', 'ACTOR');
INSERT INTO personnel (personnel_id, name, roletype) VALUES (847, 'Tyra Banks', 'ACTOR');
INSERT INTO personnel (personnel_id, name, roletype) VALUES (848, 'Nigel Barker', 'ACTOR');
INSERT INTO personnel (personnel_id, name, roletype) VALUES (849, 'J. Alexander', 'ACTOR');
INSERT INTO personnel (personnel_id, name, roletype) VALUES (850, 'Kelly Cutrone', 'ACTOR');
INSERT INTO personnel (personnel_id, name, roletype) VALUES (851, 'Twiggy', 'ACTOR');
INSERT INTO personnel (personnel_id, name, roletype) VALUES (852, 'André Leon Talley', 'ACTOR');
INSERT INTO personnel (personnel_id, name, roletype) VALUES (853, 'Donnie Wahlberg', 'ACTOR');
INSERT INTO personnel (personnel_id, name, roletype) VALUES (854, 'Will Estes', 'ACTOR');
INSERT INTO personnel (personnel_id, name, roletype) VALUES (855, 'Len Cariou', 'ACTOR');
INSERT INTO personnel (personnel_id, name, roletype) VALUES (856, 'Tom Selleck', 'ACTOR');
INSERT INTO personnel (personnel_id, name, roletype) VALUES (857, 'Bridget Moynahan', 'ACTOR');
INSERT INTO personnel (personnel_id, name, roletype) VALUES (858, 'Marisa Ramirez', 'ACTOR');
INSERT INTO personnel (personnel_id, name, roletype) VALUES (859, 'Julianna Margulies', 'ACTOR');
INSERT INTO personnel (personnel_id, name, roletype) VALUES (860, 'Christine Baranski', 'ACTOR');
INSERT INTO personnel (personnel_id, name, roletype) VALUES (861, 'Matt Czuchry', 'ACTOR');
INSERT INTO personnel (personnel_id, name, roletype) VALUES (862, 'Archie Panjabi', 'ACTOR');
INSERT INTO personnel (personnel_id, name, roletype) VALUES (863, 'Josh Charles', 'ACTOR');
INSERT INTO personnel (personnel_id, name, roletype) VALUES (864, 'Alan Cumming', 'ACTOR');
INSERT INTO personnel (personnel_id, name, roletype) VALUES (865, 'Steve Buscemi', 'ACTOR');
INSERT INTO personnel (personnel_id, name, roletype) VALUES (866, 'Shea Whigham', 'ACTOR');
INSERT INTO personnel (personnel_id, name, roletype) VALUES (867, 'Kelly Macdonald', 'ACTOR');
INSERT INTO personnel (personnel_id, name, roletype) VALUES (868, 'Vincent Piazza', 'ACTOR');
INSERT INTO personnel (personnel_id, name, roletype) VALUES (869, 'Gretchen Mol', 'ACTOR');
INSERT INTO personnel (personnel_id, name, roletype) VALUES (870, 'Paul Sparks', 'ACTOR');
INSERT INTO personnel (personnel_id, name, roletype) VALUES (871, 'Mariska Hargitay', 'ACTOR');
INSERT INTO personnel (personnel_id, name, roletype) VALUES (872, 'Ice-T', 'ACTOR');
INSERT INTO personnel (personnel_id, name, roletype) VALUES (873, 'Dann Florek', 'ACTOR');
INSERT INTO personnel (personnel_id, name, roletype) VALUES (874, 'Richard Belzer', 'ACTOR');
INSERT INTO personnel (personnel_id, name, roletype) VALUES (875, 'Christopher Meloni', 'ACTOR');
INSERT INTO personnel (personnel_id, name, roletype) VALUES (876, 'Kelli Giddish', 'ACTOR');

INSERT INTO content_has_personnel (content_content_id, personnel_personnel_id) VALUES (1, 1) ON CONFLICT DO NOTHING;
INSERT INTO content_has_personnel (content_content_id, personnel_personnel_id) VALUES (1, 2) ON CONFLICT DO NOTHING;
INSERT INTO content_has_personnel (content_content_id, personnel_personnel_id) VALUES (1, 3) ON CONFLICT DO NOTHING;
INSERT INTO content_has_personnel (content_content_id, personnel_personnel_id) VALUES (1, 4) ON CONFLICT DO NOTHING;
INSERT INTO content_has_personnel (content_content_id, personnel_personnel_id) VALUES (2, 5) ON CONFLICT DO NOTHING;
INSERT INTO content_has_personnel (content_content_id, personnel_personnel_id) VALUES (2, 6) ON CONFLICT DO NOTHING;
INSERT INTO content_has_personnel (content_content_id, personnel_personnel_id) VALUES (2, 7) ON CONFLICT DO NOTHING;
INSERT INTO content_has_personnel (content_content_id, personnel_personnel_id) VALUES (2, 8) ON CONFLICT DO NOTHING;
INSERT INTO content_has_personnel (content_content_id, personnel_personnel_id) VALUES (3, 9) ON CONFLICT DO NOTHING;
INSERT INTO content_has_personnel (content_content_id, personnel_personnel_id) VALUES (3, 10) ON CONFLICT DO NOTHING;
INSERT INTO content_has_personnel (content_content_id, personnel_personnel_id) VALUES (3, 11) ON CONFLICT DO NOTHING;
INSERT INTO content_has_personnel (content_content_id, personnel_personnel_id) VALUES (3, 12) ON CONFLICT DO NOTHING;
INSERT INTO content_has_personnel (content_content_id, personnel_personnel_id) VALUES (4, 5) ON CONFLICT DO NOTHING;
INSERT INTO content_has_personnel (content_content_id, personnel_personnel_id) VALUES (4, 7) ON CONFLICT DO NOTHING;
INSERT INTO content_has_personnel (content_content_id, personnel_personnel_id) VALUES (4, 13) ON CONFLICT DO NOTHING;
INSERT INTO content_has_personnel (content_content_id, personnel_personnel_id) VALUES (4, 14) ON CONFLICT DO NOTHING;
INSERT INTO content_has_personnel (content_content_id, personnel_personnel_id) VALUES (5, 15) ON CONFLICT DO NOTHING;
INSERT INTO content_has_personnel (content_content_id, personnel_personnel_id) VALUES (5, 16) ON CONFLICT DO NOTHING;
INSERT INTO content_has_personnel (content_content_id, personnel_personnel_id) VALUES (5, 17) ON CONFLICT DO NOTHING;
INSERT INTO content_has_personnel (content_content_id, personnel_personnel_id) VALUES (5, 18) ON CONFLICT DO NOTHING;
INSERT INTO content_has_personnel (content_content_id, personnel_personnel_id) VALUES (6, 19) ON CONFLICT DO NOTHING;
INSERT INTO content_has_personnel (content_content_id, personnel_personnel_id) VALUES (6, 20) ON CONFLICT DO NOTHING;
INSERT INTO content_has_personnel (content_content_id, personnel_personnel_id) VALUES (6, 21) ON CONFLICT DO NOTHING;
INSERT INTO content_has_personnel (content_content_id, personnel_personnel_id) VALUES (6, 22) ON CONFLICT DO NOTHING;
INSERT INTO content_has_personnel (content_content_id, personnel_personnel_id) VALUES (7, 23) ON CONFLICT DO NOTHING;
INSERT INTO content_has_personnel (content_content_id, personnel_personnel_id) VALUES (7, 24) ON CONFLICT DO NOTHING;
INSERT INTO content_has_personnel (content_content_id, personnel_personnel_id) VALUES (7, 25) ON CONFLICT DO NOTHING;
INSERT INTO content_has_personnel (content_content_id, personnel_personnel_id) VALUES (7, 26) ON CONFLICT DO NOTHING;
INSERT INTO content_has_personnel (content_content_id, personnel_personnel_id) VALUES (8, 27) ON CONFLICT DO NOTHING;
INSERT INTO content_has_personnel (content_content_id, personnel_personnel_id) VALUES (8, 28) ON CONFLICT DO NOTHING;
INSERT INTO content_has_personnel (content_content_id, personnel_personnel_id) VALUES (8, 29) ON CONFLICT DO NOTHING;
INSERT INTO content_has_personnel (content_content_id, personnel_personnel_id) VALUES (8, 30) ON CONFLICT DO NOTHING;
INSERT INTO content_has_personnel (content_content_id, personnel_personnel_id) VALUES (9, 23) ON CONFLICT DO NOTHING;
INSERT INTO content_has_personnel (content_content_id, personnel_personnel_id) VALUES (9, 24) ON CONFLICT DO NOTHING;
INSERT INTO content_has_personnel (content_content_id, personnel_personnel_id) VALUES (9, 26) ON CONFLICT DO NOTHING;
INSERT INTO content_has_personnel (content_content_id, personnel_personnel_id) VALUES (9, 31) ON CONFLICT DO NOTHING;
INSERT INTO content_has_personnel (content_content_id, personnel_personnel_id) VALUES (10, 32) ON CONFLICT DO NOTHING;
INSERT INTO content_has_personnel (content_content_id, personnel_personnel_id) VALUES (10, 33) ON CONFLICT DO NOTHING;
INSERT INTO content_has_personnel (content_content_id, personnel_personnel_id) VALUES (10, 34) ON CONFLICT DO NOTHING;
INSERT INTO content_has_personnel (content_content_id, personnel_personnel_id) VALUES (10, 35) ON CONFLICT DO NOTHING;
INSERT INTO content_has_personnel (content_content_id, personnel_personnel_id) VALUES (11, 36) ON CONFLICT DO NOTHING;
INSERT INTO content_has_personnel (content_content_id, personnel_personnel_id) VALUES (11, 37) ON CONFLICT DO NOTHING;
INSERT INTO content_has_personnel (content_content_id, personnel_personnel_id) VALUES (11, 38) ON CONFLICT DO NOTHING;
INSERT INTO content_has_personnel (content_content_id, personnel_personnel_id) VALUES (11, 39) ON CONFLICT DO NOTHING;
INSERT INTO content_has_personnel (content_content_id, personnel_personnel_id) VALUES (12, 40) ON CONFLICT DO NOTHING;
INSERT INTO content_has_personnel (content_content_id, personnel_personnel_id) VALUES (12, 41) ON CONFLICT DO NOTHING;
INSERT INTO content_has_personnel (content_content_id, personnel_personnel_id) VALUES (12, 42) ON CONFLICT DO NOTHING;
INSERT INTO content_has_personnel (content_content_id, personnel_personnel_id) VALUES (12, 43) ON CONFLICT DO NOTHING;
INSERT INTO content_has_personnel (content_content_id, personnel_personnel_id) VALUES (13, 9) ON CONFLICT DO NOTHING;
INSERT INTO content_has_personnel (content_content_id, personnel_personnel_id) VALUES (13, 44) ON CONFLICT DO NOTHING;
INSERT INTO content_has_personnel (content_content_id, personnel_personnel_id) VALUES (13, 45) ON CONFLICT DO NOTHING;
INSERT INTO content_has_personnel (content_content_id, personnel_personnel_id) VALUES (13, 46) ON CONFLICT DO NOTHING;
INSERT INTO content_has_personnel (content_content_id, personnel_personnel_id) VALUES (14, 23) ON CONFLICT DO NOTHING;
INSERT INTO content_has_personnel (content_content_id, personnel_personnel_id) VALUES (14, 24) ON CONFLICT DO NOTHING;
INSERT INTO content_has_personnel (content_content_id, personnel_personnel_id) VALUES (14, 26) ON CONFLICT DO NOTHING;
INSERT INTO content_has_personnel (content_content_id, personnel_personnel_id) VALUES (14, 25) ON CONFLICT DO NOTHING;
INSERT INTO content_has_personnel (content_content_id, personnel_personnel_id) VALUES (15, 47) ON CONFLICT DO NOTHING;
INSERT INTO content_has_personnel (content_content_id, personnel_personnel_id) VALUES (15, 48) ON CONFLICT DO NOTHING;
INSERT INTO content_has_personnel (content_content_id, personnel_personnel_id) VALUES (15, 49) ON CONFLICT DO NOTHING;
INSERT INTO content_has_personnel (content_content_id, personnel_personnel_id) VALUES (15, 50) ON CONFLICT DO NOTHING;
INSERT INTO content_has_personnel (content_content_id, personnel_personnel_id) VALUES (16, 51) ON CONFLICT DO NOTHING;
INSERT INTO content_has_personnel (content_content_id, personnel_personnel_id) VALUES (16, 52) ON CONFLICT DO NOTHING;
INSERT INTO content_has_personnel (content_content_id, personnel_personnel_id) VALUES (16, 53) ON CONFLICT DO NOTHING;
INSERT INTO content_has_personnel (content_content_id, personnel_personnel_id) VALUES (16, 54) ON CONFLICT DO NOTHING;
INSERT INTO content_has_personnel (content_content_id, personnel_personnel_id) VALUES (17, 55) ON CONFLICT DO NOTHING;
INSERT INTO content_has_personnel (content_content_id, personnel_personnel_id) VALUES (17, 13) ON CONFLICT DO NOTHING;
INSERT INTO content_has_personnel (content_content_id, personnel_personnel_id) VALUES (17, 56) ON CONFLICT DO NOTHING;
INSERT INTO content_has_personnel (content_content_id, personnel_personnel_id) VALUES (17, 57) ON CONFLICT DO NOTHING;
INSERT INTO content_has_personnel (content_content_id, personnel_personnel_id) VALUES (18, 58) ON CONFLICT DO NOTHING;
INSERT INTO content_has_personnel (content_content_id, personnel_personnel_id) VALUES (18, 59) ON CONFLICT DO NOTHING;
INSERT INTO content_has_personnel (content_content_id, personnel_personnel_id) VALUES (18, 60) ON CONFLICT DO NOTHING;
INSERT INTO content_has_personnel (content_content_id, personnel_personnel_id) VALUES (18, 61) ON CONFLICT DO NOTHING;
INSERT INTO content_has_personnel (content_content_id, personnel_personnel_id) VALUES (19, 40) ON CONFLICT DO NOTHING;
INSERT INTO content_has_personnel (content_content_id, personnel_personnel_id) VALUES (19, 3) ON CONFLICT DO NOTHING;
INSERT INTO content_has_personnel (content_content_id, personnel_personnel_id) VALUES (19, 41) ON CONFLICT DO NOTHING;
INSERT INTO content_has_personnel (content_content_id, personnel_personnel_id) VALUES (19, 62) ON CONFLICT DO NOTHING;
INSERT INTO content_has_personnel (content_content_id, personnel_personnel_id) VALUES (20, 63) ON CONFLICT DO NOTHING;
INSERT INTO content_has_personnel (content_content_id, personnel_personnel_id) VALUES (20, 64) ON CONFLICT DO NOTHING;
INSERT INTO content_has_personnel (content_content_id, personnel_personnel_id) VALUES (20, 65) ON CONFLICT DO NOTHING;
INSERT INTO content_has_personnel (content_content_id, personnel_personnel_id) VALUES (20, 66) ON CONFLICT DO NOTHING;
INSERT INTO content_has_personnel (content_content_id, personnel_personnel_id) VALUES (21, 67) ON CONFLICT DO NOTHING;
INSERT INTO content_has_personnel (content_content_id, personnel_personnel_id) VALUES (21, 68) ON CONFLICT DO NOTHING;
INSERT INTO content_has_personnel (content_content_id, personnel_personnel_id) VALUES (21, 69) ON CONFLICT DO NOTHING;
INSERT INTO content_has_personnel (content_content_id, personnel_personnel_id) VALUES (21, 70) ON CONFLICT DO NOTHING;
INSERT INTO content_has_personnel (content_content_id, personnel_personnel_id) VALUES (22, 71) ON CONFLICT DO NOTHING;
INSERT INTO content_has_personnel (content_content_id, personnel_personnel_id) VALUES (22, 72) ON CONFLICT DO NOTHING;
INSERT INTO content_has_personnel (content_content_id, personnel_personnel_id) VALUES (22, 73) ON CONFLICT DO NOTHING;
INSERT INTO content_has_personnel (content_content_id, personnel_personnel_id) VALUES (22, 74) ON CONFLICT DO NOTHING;
INSERT INTO content_has_personnel (content_content_id, personnel_personnel_id) VALUES (23, 19) ON CONFLICT DO NOTHING;
INSERT INTO content_has_personnel (content_content_id, personnel_personnel_id) VALUES (23, 37) ON CONFLICT DO NOTHING;
INSERT INTO content_has_personnel (content_content_id, personnel_personnel_id) VALUES (23, 75) ON CONFLICT DO NOTHING;
INSERT INTO content_has_personnel (content_content_id, personnel_personnel_id) VALUES (23, 76) ON CONFLICT DO NOTHING;
INSERT INTO content_has_personnel (content_content_id, personnel_personnel_id) VALUES (24, 77) ON CONFLICT DO NOTHING;
INSERT INTO content_has_personnel (content_content_id, personnel_personnel_id) VALUES (24, 78) ON CONFLICT DO NOTHING;
INSERT INTO content_has_personnel (content_content_id, personnel_personnel_id) VALUES (24, 79) ON CONFLICT DO NOTHING;
INSERT INTO content_has_personnel (content_content_id, personnel_personnel_id) VALUES (24, 80) ON CONFLICT DO NOTHING;
INSERT INTO content_has_personnel (content_content_id, personnel_personnel_id) VALUES (25, 81) ON CONFLICT DO NOTHING;
INSERT INTO content_has_personnel (content_content_id, personnel_personnel_id) VALUES (25, 82) ON CONFLICT DO NOTHING;
INSERT INTO content_has_personnel (content_content_id, personnel_personnel_id) VALUES (25, 83) ON CONFLICT DO NOTHING;
INSERT INTO content_has_personnel (content_content_id, personnel_personnel_id) VALUES (25, 84) ON CONFLICT DO NOTHING;
INSERT INTO content_has_personnel (content_content_id, personnel_personnel_id) VALUES (26, 1) ON CONFLICT DO NOTHING;
INSERT INTO content_has_personnel (content_content_id, personnel_personnel_id) VALUES (26, 37) ON CONFLICT DO NOTHING;
INSERT INTO content_has_personnel (content_content_id, personnel_personnel_id) VALUES (26, 85) ON CONFLICT DO NOTHING;
INSERT INTO content_has_personnel (content_content_id, personnel_personnel_id) VALUES (26, 86) ON CONFLICT DO NOTHING;
INSERT INTO content_has_personnel (content_content_id, personnel_personnel_id) VALUES (27, 87) ON CONFLICT DO NOTHING;
INSERT INTO content_has_personnel (content_content_id, personnel_personnel_id) VALUES (27, 48) ON CONFLICT DO NOTHING;
INSERT INTO content_has_personnel (content_content_id, personnel_personnel_id) VALUES (27, 49) ON CONFLICT DO NOTHING;
INSERT INTO content_has_personnel (content_content_id, personnel_personnel_id) VALUES (27, 50) ON CONFLICT DO NOTHING;
INSERT INTO content_has_personnel (content_content_id, personnel_personnel_id) VALUES (28, 9) ON CONFLICT DO NOTHING;
INSERT INTO content_has_personnel (content_content_id, personnel_personnel_id) VALUES (28, 88) ON CONFLICT DO NOTHING;
INSERT INTO content_has_personnel (content_content_id, personnel_personnel_id) VALUES (28, 89) ON CONFLICT DO NOTHING;
INSERT INTO content_has_personnel (content_content_id, personnel_personnel_id) VALUES (28, 90) ON CONFLICT DO NOTHING;
INSERT INTO content_has_personnel (content_content_id, personnel_personnel_id) VALUES (29, 91) ON CONFLICT DO NOTHING;
INSERT INTO content_has_personnel (content_content_id, personnel_personnel_id) VALUES (29, 92) ON CONFLICT DO NOTHING;
INSERT INTO content_has_personnel (content_content_id, personnel_personnel_id) VALUES (29, 93) ON CONFLICT DO NOTHING;
INSERT INTO content_has_personnel (content_content_id, personnel_personnel_id) VALUES (29, 94) ON CONFLICT DO NOTHING;
INSERT INTO content_has_personnel (content_content_id, personnel_personnel_id) VALUES (30, 36) ON CONFLICT DO NOTHING;
INSERT INTO content_has_personnel (content_content_id, personnel_personnel_id) VALUES (30, 95) ON CONFLICT DO NOTHING;
INSERT INTO content_has_personnel (content_content_id, personnel_personnel_id) VALUES (30, 96) ON CONFLICT DO NOTHING;
INSERT INTO content_has_personnel (content_content_id, personnel_personnel_id) VALUES (30, 97) ON CONFLICT DO NOTHING;
INSERT INTO content_has_personnel (content_content_id, personnel_personnel_id) VALUES (31, 98) ON CONFLICT DO NOTHING;
INSERT INTO content_has_personnel (content_content_id, personnel_personnel_id) VALUES (31, 99) ON CONFLICT DO NOTHING;
INSERT INTO content_has_personnel (content_content_id, personnel_personnel_id) VALUES (31, 100) ON CONFLICT DO NOTHING;
INSERT INTO content_has_personnel (content_content_id, personnel_personnel_id) VALUES (31, 101) ON CONFLICT DO NOTHING;
INSERT INTO content_has_personnel (content_content_id, personnel_personnel_id) VALUES (32, 102) ON CONFLICT DO NOTHING;
INSERT INTO content_has_personnel (content_content_id, personnel_personnel_id) VALUES (32, 103) ON CONFLICT DO NOTHING;
INSERT INTO content_has_personnel (content_content_id, personnel_personnel_id) VALUES (32, 104) ON CONFLICT DO NOTHING;
INSERT INTO content_has_personnel (content_content_id, personnel_personnel_id) VALUES (32, 105) ON CONFLICT DO NOTHING;
INSERT INTO content_has_personnel (content_content_id, personnel_personnel_id) VALUES (33, 106) ON CONFLICT DO NOTHING;
INSERT INTO content_has_personnel (content_content_id, personnel_personnel_id) VALUES (33, 107) ON CONFLICT DO NOTHING;
INSERT INTO content_has_personnel (content_content_id, personnel_personnel_id) VALUES (33, 108) ON CONFLICT DO NOTHING;
INSERT INTO content_has_personnel (content_content_id, personnel_personnel_id) VALUES (33, 109) ON CONFLICT DO NOTHING;
INSERT INTO content_has_personnel (content_content_id, personnel_personnel_id) VALUES (34, 110) ON CONFLICT DO NOTHING;
INSERT INTO content_has_personnel (content_content_id, personnel_personnel_id) VALUES (34, 111) ON CONFLICT DO NOTHING;
INSERT INTO content_has_personnel (content_content_id, personnel_personnel_id) VALUES (34, 112) ON CONFLICT DO NOTHING;
INSERT INTO content_has_personnel (content_content_id, personnel_personnel_id) VALUES (34, 113) ON CONFLICT DO NOTHING;
INSERT INTO content_has_personnel (content_content_id, personnel_personnel_id) VALUES (35, 114) ON CONFLICT DO NOTHING;
INSERT INTO content_has_personnel (content_content_id, personnel_personnel_id) VALUES (35, 115) ON CONFLICT DO NOTHING;
INSERT INTO content_has_personnel (content_content_id, personnel_personnel_id) VALUES (35, 116) ON CONFLICT DO NOTHING;
INSERT INTO content_has_personnel (content_content_id, personnel_personnel_id) VALUES (35, 117) ON CONFLICT DO NOTHING;
INSERT INTO content_has_personnel (content_content_id, personnel_personnel_id) VALUES (36, 118) ON CONFLICT DO NOTHING;
INSERT INTO content_has_personnel (content_content_id, personnel_personnel_id) VALUES (36, 119) ON CONFLICT DO NOTHING;
INSERT INTO content_has_personnel (content_content_id, personnel_personnel_id) VALUES (36, 120) ON CONFLICT DO NOTHING;
INSERT INTO content_has_personnel (content_content_id, personnel_personnel_id) VALUES (36, 121) ON CONFLICT DO NOTHING;
INSERT INTO content_has_personnel (content_content_id, personnel_personnel_id) VALUES (37, 122) ON CONFLICT DO NOTHING;
INSERT INTO content_has_personnel (content_content_id, personnel_personnel_id) VALUES (37, 123) ON CONFLICT DO NOTHING;
INSERT INTO content_has_personnel (content_content_id, personnel_personnel_id) VALUES (37, 124) ON CONFLICT DO NOTHING;
INSERT INTO content_has_personnel (content_content_id, personnel_personnel_id) VALUES (37, 125) ON CONFLICT DO NOTHING;
INSERT INTO content_has_personnel (content_content_id, personnel_personnel_id) VALUES (38, 126) ON CONFLICT DO NOTHING;
INSERT INTO content_has_personnel (content_content_id, personnel_personnel_id) VALUES (38, 42) ON CONFLICT DO NOTHING;
INSERT INTO content_has_personnel (content_content_id, personnel_personnel_id) VALUES (38, 94) ON CONFLICT DO NOTHING;
INSERT INTO content_has_personnel (content_content_id, personnel_personnel_id) VALUES (38, 127) ON CONFLICT DO NOTHING;
INSERT INTO content_has_personnel (content_content_id, personnel_personnel_id) VALUES (39, 128) ON CONFLICT DO NOTHING;
INSERT INTO content_has_personnel (content_content_id, personnel_personnel_id) VALUES (39, 62) ON CONFLICT DO NOTHING;
INSERT INTO content_has_personnel (content_content_id, personnel_personnel_id) VALUES (39, 129) ON CONFLICT DO NOTHING;
INSERT INTO content_has_personnel (content_content_id, personnel_personnel_id) VALUES (39, 130) ON CONFLICT DO NOTHING;
INSERT INTO content_has_personnel (content_content_id, personnel_personnel_id) VALUES (40, 55) ON CONFLICT DO NOTHING;
INSERT INTO content_has_personnel (content_content_id, personnel_personnel_id) VALUES (40, 44) ON CONFLICT DO NOTHING;
INSERT INTO content_has_personnel (content_content_id, personnel_personnel_id) VALUES (40, 75) ON CONFLICT DO NOTHING;
INSERT INTO content_has_personnel (content_content_id, personnel_personnel_id) VALUES (40, 59) ON CONFLICT DO NOTHING;
INSERT INTO content_has_personnel (content_content_id, personnel_personnel_id) VALUES (41, 9) ON CONFLICT DO NOTHING;
INSERT INTO content_has_personnel (content_content_id, personnel_personnel_id) VALUES (41, 10) ON CONFLICT DO NOTHING;
INSERT INTO content_has_personnel (content_content_id, personnel_personnel_id) VALUES (41, 131) ON CONFLICT DO NOTHING;
INSERT INTO content_has_personnel (content_content_id, personnel_personnel_id) VALUES (41, 132) ON CONFLICT DO NOTHING;
INSERT INTO content_has_personnel (content_content_id, personnel_personnel_id) VALUES (42, 133) ON CONFLICT DO NOTHING;
INSERT INTO content_has_personnel (content_content_id, personnel_personnel_id) VALUES (42, 134) ON CONFLICT DO NOTHING;
INSERT INTO content_has_personnel (content_content_id, personnel_personnel_id) VALUES (42, 135) ON CONFLICT DO NOTHING;
INSERT INTO content_has_personnel (content_content_id, personnel_personnel_id) VALUES (42, 136) ON CONFLICT DO NOTHING;
INSERT INTO content_has_personnel (content_content_id, personnel_personnel_id) VALUES (43, 137) ON CONFLICT DO NOTHING;
INSERT INTO content_has_personnel (content_content_id, personnel_personnel_id) VALUES (43, 138) ON CONFLICT DO NOTHING;
INSERT INTO content_has_personnel (content_content_id, personnel_personnel_id) VALUES (43, 139) ON CONFLICT DO NOTHING;
INSERT INTO content_has_personnel (content_content_id, personnel_personnel_id) VALUES (43, 140) ON CONFLICT DO NOTHING;
INSERT INTO content_has_personnel (content_content_id, personnel_personnel_id) VALUES (44, 141) ON CONFLICT DO NOTHING;
INSERT INTO content_has_personnel (content_content_id, personnel_personnel_id) VALUES (44, 142) ON CONFLICT DO NOTHING;
INSERT INTO content_has_personnel (content_content_id, personnel_personnel_id) VALUES (44, 143) ON CONFLICT DO NOTHING;
INSERT INTO content_has_personnel (content_content_id, personnel_personnel_id) VALUES (44, 144) ON CONFLICT DO NOTHING;
INSERT INTO content_has_personnel (content_content_id, personnel_personnel_id) VALUES (45, 145) ON CONFLICT DO NOTHING;
INSERT INTO content_has_personnel (content_content_id, personnel_personnel_id) VALUES (45, 146) ON CONFLICT DO NOTHING;
INSERT INTO content_has_personnel (content_content_id, personnel_personnel_id) VALUES (45, 147) ON CONFLICT DO NOTHING;
INSERT INTO content_has_personnel (content_content_id, personnel_personnel_id) VALUES (45, 148) ON CONFLICT DO NOTHING;
INSERT INTO content_has_personnel (content_content_id, personnel_personnel_id) VALUES (46, 32) ON CONFLICT DO NOTHING;
INSERT INTO content_has_personnel (content_content_id, personnel_personnel_id) VALUES (46, 16) ON CONFLICT DO NOTHING;
INSERT INTO content_has_personnel (content_content_id, personnel_personnel_id) VALUES (46, 149) ON CONFLICT DO NOTHING;
INSERT INTO content_has_personnel (content_content_id, personnel_personnel_id) VALUES (46, 150) ON CONFLICT DO NOTHING;
INSERT INTO content_has_personnel (content_content_id, personnel_personnel_id) VALUES (47, 151) ON CONFLICT DO NOTHING;
INSERT INTO content_has_personnel (content_content_id, personnel_personnel_id) VALUES (47, 152) ON CONFLICT DO NOTHING;
INSERT INTO content_has_personnel (content_content_id, personnel_personnel_id) VALUES (47, 153) ON CONFLICT DO NOTHING;
INSERT INTO content_has_personnel (content_content_id, personnel_personnel_id) VALUES (47, 154) ON CONFLICT DO NOTHING;
INSERT INTO content_has_personnel (content_content_id, personnel_personnel_id) VALUES (48, 155) ON CONFLICT DO NOTHING;
INSERT INTO content_has_personnel (content_content_id, personnel_personnel_id) VALUES (48, 156) ON CONFLICT DO NOTHING;
INSERT INTO content_has_personnel (content_content_id, personnel_personnel_id) VALUES (48, 157) ON CONFLICT DO NOTHING;
INSERT INTO content_has_personnel (content_content_id, personnel_personnel_id) VALUES (48, 158) ON CONFLICT DO NOTHING;
INSERT INTO content_has_personnel (content_content_id, personnel_personnel_id) VALUES (49, 122) ON CONFLICT DO NOTHING;
INSERT INTO content_has_personnel (content_content_id, personnel_personnel_id) VALUES (49, 159) ON CONFLICT DO NOTHING;
INSERT INTO content_has_personnel (content_content_id, personnel_personnel_id) VALUES (49, 160) ON CONFLICT DO NOTHING;
INSERT INTO content_has_personnel (content_content_id, personnel_personnel_id) VALUES (49, 161) ON CONFLICT DO NOTHING;
INSERT INTO content_has_personnel (content_content_id, personnel_personnel_id) VALUES (50, 102) ON CONFLICT DO NOTHING;
INSERT INTO content_has_personnel (content_content_id, personnel_personnel_id) VALUES (50, 68) ON CONFLICT DO NOTHING;
INSERT INTO content_has_personnel (content_content_id, personnel_personnel_id) VALUES (50, 162) ON CONFLICT DO NOTHING;
INSERT INTO content_has_personnel (content_content_id, personnel_personnel_id) VALUES (50, 163) ON CONFLICT DO NOTHING;
INSERT INTO content_has_personnel (content_content_id, personnel_personnel_id) VALUES (51, 145) ON CONFLICT DO NOTHING;
INSERT INTO content_has_personnel (content_content_id, personnel_personnel_id) VALUES (51, 146) ON CONFLICT DO NOTHING;
INSERT INTO content_has_personnel (content_content_id, personnel_personnel_id) VALUES (51, 164) ON CONFLICT DO NOTHING;
INSERT INTO content_has_personnel (content_content_id, personnel_personnel_id) VALUES (51, 165) ON CONFLICT DO NOTHING;
INSERT INTO content_has_personnel (content_content_id, personnel_personnel_id) VALUES (52, 9) ON CONFLICT DO NOTHING;
INSERT INTO content_has_personnel (content_content_id, personnel_personnel_id) VALUES (52, 166) ON CONFLICT DO NOTHING;
INSERT INTO content_has_personnel (content_content_id, personnel_personnel_id) VALUES (52, 54) ON CONFLICT DO NOTHING;
INSERT INTO content_has_personnel (content_content_id, personnel_personnel_id) VALUES (52, 167) ON CONFLICT DO NOTHING;
INSERT INTO content_has_personnel (content_content_id, personnel_personnel_id) VALUES (53, 168) ON CONFLICT DO NOTHING;
INSERT INTO content_has_personnel (content_content_id, personnel_personnel_id) VALUES (53, 169) ON CONFLICT DO NOTHING;
INSERT INTO content_has_personnel (content_content_id, personnel_personnel_id) VALUES (53, 170) ON CONFLICT DO NOTHING;
INSERT INTO content_has_personnel (content_content_id, personnel_personnel_id) VALUES (53, 171) ON CONFLICT DO NOTHING;
INSERT INTO content_has_personnel (content_content_id, personnel_personnel_id) VALUES (54, 5) ON CONFLICT DO NOTHING;
INSERT INTO content_has_personnel (content_content_id, personnel_personnel_id) VALUES (54, 172) ON CONFLICT DO NOTHING;
INSERT INTO content_has_personnel (content_content_id, personnel_personnel_id) VALUES (54, 6) ON CONFLICT DO NOTHING;
INSERT INTO content_has_personnel (content_content_id, personnel_personnel_id) VALUES (54, 14) ON CONFLICT DO NOTHING;
INSERT INTO content_has_personnel (content_content_id, personnel_personnel_id) VALUES (55, 19) ON CONFLICT DO NOTHING;
INSERT INTO content_has_personnel (content_content_id, personnel_personnel_id) VALUES (55, 49) ON CONFLICT DO NOTHING;
INSERT INTO content_has_personnel (content_content_id, personnel_personnel_id) VALUES (55, 173) ON CONFLICT DO NOTHING;
INSERT INTO content_has_personnel (content_content_id, personnel_personnel_id) VALUES (55, 174) ON CONFLICT DO NOTHING;
INSERT INTO content_has_personnel (content_content_id, personnel_personnel_id) VALUES (56, 27) ON CONFLICT DO NOTHING;
INSERT INTO content_has_personnel (content_content_id, personnel_personnel_id) VALUES (56, 175) ON CONFLICT DO NOTHING;
INSERT INTO content_has_personnel (content_content_id, personnel_personnel_id) VALUES (56, 176) ON CONFLICT DO NOTHING;
INSERT INTO content_has_personnel (content_content_id, personnel_personnel_id) VALUES (56, 44) ON CONFLICT DO NOTHING;
INSERT INTO content_has_personnel (content_content_id, personnel_personnel_id) VALUES (57, 177) ON CONFLICT DO NOTHING;
INSERT INTO content_has_personnel (content_content_id, personnel_personnel_id) VALUES (57, 178) ON CONFLICT DO NOTHING;
INSERT INTO content_has_personnel (content_content_id, personnel_personnel_id) VALUES (57, 179) ON CONFLICT DO NOTHING;
INSERT INTO content_has_personnel (content_content_id, personnel_personnel_id) VALUES (57, 180) ON CONFLICT DO NOTHING;
INSERT INTO content_has_personnel (content_content_id, personnel_personnel_id) VALUES (58, 181) ON CONFLICT DO NOTHING;
INSERT INTO content_has_personnel (content_content_id, personnel_personnel_id) VALUES (58, 182) ON CONFLICT DO NOTHING;
INSERT INTO content_has_personnel (content_content_id, personnel_personnel_id) VALUES (58, 183) ON CONFLICT DO NOTHING;
INSERT INTO content_has_personnel (content_content_id, personnel_personnel_id) VALUES (58, 184) ON CONFLICT DO NOTHING;
INSERT INTO content_has_personnel (content_content_id, personnel_personnel_id) VALUES (59, 185) ON CONFLICT DO NOTHING;
INSERT INTO content_has_personnel (content_content_id, personnel_personnel_id) VALUES (59, 186) ON CONFLICT DO NOTHING;
INSERT INTO content_has_personnel (content_content_id, personnel_personnel_id) VALUES (59, 187) ON CONFLICT DO NOTHING;
INSERT INTO content_has_personnel (content_content_id, personnel_personnel_id) VALUES (59, 188) ON CONFLICT DO NOTHING;
INSERT INTO content_has_personnel (content_content_id, personnel_personnel_id) VALUES (60, 189) ON CONFLICT DO NOTHING;
INSERT INTO content_has_personnel (content_content_id, personnel_personnel_id) VALUES (60, 59) ON CONFLICT DO NOTHING;
INSERT INTO content_has_personnel (content_content_id, personnel_personnel_id) VALUES (60, 190) ON CONFLICT DO NOTHING;
INSERT INTO content_has_personnel (content_content_id, personnel_personnel_id) VALUES (60, 191) ON CONFLICT DO NOTHING;
INSERT INTO content_has_personnel (content_content_id, personnel_personnel_id) VALUES (61, 189) ON CONFLICT DO NOTHING;
INSERT INTO content_has_personnel (content_content_id, personnel_personnel_id) VALUES (61, 192) ON CONFLICT DO NOTHING;
INSERT INTO content_has_personnel (content_content_id, personnel_personnel_id) VALUES (61, 193) ON CONFLICT DO NOTHING;
INSERT INTO content_has_personnel (content_content_id, personnel_personnel_id) VALUES (61, 194) ON CONFLICT DO NOTHING;
INSERT INTO content_has_personnel (content_content_id, personnel_personnel_id) VALUES (62, 145) ON CONFLICT DO NOTHING;
INSERT INTO content_has_personnel (content_content_id, personnel_personnel_id) VALUES (62, 146) ON CONFLICT DO NOTHING;
INSERT INTO content_has_personnel (content_content_id, personnel_personnel_id) VALUES (62, 147) ON CONFLICT DO NOTHING;
INSERT INTO content_has_personnel (content_content_id, personnel_personnel_id) VALUES (62, 195) ON CONFLICT DO NOTHING;
INSERT INTO content_has_personnel (content_content_id, personnel_personnel_id) VALUES (63, 196) ON CONFLICT DO NOTHING;
INSERT INTO content_has_personnel (content_content_id, personnel_personnel_id) VALUES (63, 197) ON CONFLICT DO NOTHING;
INSERT INTO content_has_personnel (content_content_id, personnel_personnel_id) VALUES (63, 198) ON CONFLICT DO NOTHING;
INSERT INTO content_has_personnel (content_content_id, personnel_personnel_id) VALUES (63, 199) ON CONFLICT DO NOTHING;
INSERT INTO content_has_personnel (content_content_id, personnel_personnel_id) VALUES (64, 185) ON CONFLICT DO NOTHING;
INSERT INTO content_has_personnel (content_content_id, personnel_personnel_id) VALUES (64, 200) ON CONFLICT DO NOTHING;
INSERT INTO content_has_personnel (content_content_id, personnel_personnel_id) VALUES (64, 201) ON CONFLICT DO NOTHING;
INSERT INTO content_has_personnel (content_content_id, personnel_personnel_id) VALUES (64, 202) ON CONFLICT DO NOTHING;
INSERT INTO content_has_personnel (content_content_id, personnel_personnel_id) VALUES (65, 91) ON CONFLICT DO NOTHING;
INSERT INTO content_has_personnel (content_content_id, personnel_personnel_id) VALUES (65, 159) ON CONFLICT DO NOTHING;
INSERT INTO content_has_personnel (content_content_id, personnel_personnel_id) VALUES (65, 203) ON CONFLICT DO NOTHING;
INSERT INTO content_has_personnel (content_content_id, personnel_personnel_id) VALUES (65, 204) ON CONFLICT DO NOTHING;
INSERT INTO content_has_personnel (content_content_id, personnel_personnel_id) VALUES (66, 205) ON CONFLICT DO NOTHING;
INSERT INTO content_has_personnel (content_content_id, personnel_personnel_id) VALUES (66, 62) ON CONFLICT DO NOTHING;
INSERT INTO content_has_personnel (content_content_id, personnel_personnel_id) VALUES (66, 206) ON CONFLICT DO NOTHING;
INSERT INTO content_has_personnel (content_content_id, personnel_personnel_id) VALUES (66, 207) ON CONFLICT DO NOTHING;
INSERT INTO content_has_personnel (content_content_id, personnel_personnel_id) VALUES (67, 9) ON CONFLICT DO NOTHING;
INSERT INTO content_has_personnel (content_content_id, personnel_personnel_id) VALUES (67, 10) ON CONFLICT DO NOTHING;
INSERT INTO content_has_personnel (content_content_id, personnel_personnel_id) VALUES (67, 208) ON CONFLICT DO NOTHING;
INSERT INTO content_has_personnel (content_content_id, personnel_personnel_id) VALUES (67, 89) ON CONFLICT DO NOTHING;
INSERT INTO content_has_personnel (content_content_id, personnel_personnel_id) VALUES (68, 189) ON CONFLICT DO NOTHING;
INSERT INTO content_has_personnel (content_content_id, personnel_personnel_id) VALUES (68, 209) ON CONFLICT DO NOTHING;
INSERT INTO content_has_personnel (content_content_id, personnel_personnel_id) VALUES (68, 210) ON CONFLICT DO NOTHING;
INSERT INTO content_has_personnel (content_content_id, personnel_personnel_id) VALUES (68, 211) ON CONFLICT DO NOTHING;
INSERT INTO content_has_personnel (content_content_id, personnel_personnel_id) VALUES (69, 212) ON CONFLICT DO NOTHING;
INSERT INTO content_has_personnel (content_content_id, personnel_personnel_id) VALUES (69, 213) ON CONFLICT DO NOTHING;
INSERT INTO content_has_personnel (content_content_id, personnel_personnel_id) VALUES (69, 214) ON CONFLICT DO NOTHING;
INSERT INTO content_has_personnel (content_content_id, personnel_personnel_id) VALUES (69, 215) ON CONFLICT DO NOTHING;
INSERT INTO content_has_personnel (content_content_id, personnel_personnel_id) VALUES (70, 216) ON CONFLICT DO NOTHING;
INSERT INTO content_has_personnel (content_content_id, personnel_personnel_id) VALUES (70, 124) ON CONFLICT DO NOTHING;
INSERT INTO content_has_personnel (content_content_id, personnel_personnel_id) VALUES (70, 13) ON CONFLICT DO NOTHING;
INSERT INTO content_has_personnel (content_content_id, personnel_personnel_id) VALUES (70, 217) ON CONFLICT DO NOTHING;
INSERT INTO content_has_personnel (content_content_id, personnel_personnel_id) VALUES (71, 218) ON CONFLICT DO NOTHING;
INSERT INTO content_has_personnel (content_content_id, personnel_personnel_id) VALUES (71, 219) ON CONFLICT DO NOTHING;
INSERT INTO content_has_personnel (content_content_id, personnel_personnel_id) VALUES (71, 220) ON CONFLICT DO NOTHING;
INSERT INTO content_has_personnel (content_content_id, personnel_personnel_id) VALUES (71, 221) ON CONFLICT DO NOTHING;
INSERT INTO content_has_personnel (content_content_id, personnel_personnel_id) VALUES (72, 222) ON CONFLICT DO NOTHING;
INSERT INTO content_has_personnel (content_content_id, personnel_personnel_id) VALUES (72, 223) ON CONFLICT DO NOTHING;
INSERT INTO content_has_personnel (content_content_id, personnel_personnel_id) VALUES (72, 224) ON CONFLICT DO NOTHING;
INSERT INTO content_has_personnel (content_content_id, personnel_personnel_id) VALUES (72, 225) ON CONFLICT DO NOTHING;
INSERT INTO content_has_personnel (content_content_id, personnel_personnel_id) VALUES (73, 226) ON CONFLICT DO NOTHING;
INSERT INTO content_has_personnel (content_content_id, personnel_personnel_id) VALUES (73, 37) ON CONFLICT DO NOTHING;
INSERT INTO content_has_personnel (content_content_id, personnel_personnel_id) VALUES (73, 227) ON CONFLICT DO NOTHING;
INSERT INTO content_has_personnel (content_content_id, personnel_personnel_id) VALUES (73, 228) ON CONFLICT DO NOTHING;
INSERT INTO content_has_personnel (content_content_id, personnel_personnel_id) VALUES (74, 58) ON CONFLICT DO NOTHING;
INSERT INTO content_has_personnel (content_content_id, personnel_personnel_id) VALUES (74, 229) ON CONFLICT DO NOTHING;
INSERT INTO content_has_personnel (content_content_id, personnel_personnel_id) VALUES (74, 230) ON CONFLICT DO NOTHING;
INSERT INTO content_has_personnel (content_content_id, personnel_personnel_id) VALUES (74, 231) ON CONFLICT DO NOTHING;
INSERT INTO content_has_personnel (content_content_id, personnel_personnel_id) VALUES (75, 232) ON CONFLICT DO NOTHING;
INSERT INTO content_has_personnel (content_content_id, personnel_personnel_id) VALUES (75, 233) ON CONFLICT DO NOTHING;
INSERT INTO content_has_personnel (content_content_id, personnel_personnel_id) VALUES (75, 234) ON CONFLICT DO NOTHING;
INSERT INTO content_has_personnel (content_content_id, personnel_personnel_id) VALUES (75, 235) ON CONFLICT DO NOTHING;
INSERT INTO content_has_personnel (content_content_id, personnel_personnel_id) VALUES (76, 236) ON CONFLICT DO NOTHING;
INSERT INTO content_has_personnel (content_content_id, personnel_personnel_id) VALUES (76, 237) ON CONFLICT DO NOTHING;
INSERT INTO content_has_personnel (content_content_id, personnel_personnel_id) VALUES (76, 238) ON CONFLICT DO NOTHING;
INSERT INTO content_has_personnel (content_content_id, personnel_personnel_id) VALUES (76, 239) ON CONFLICT DO NOTHING;
INSERT INTO content_has_personnel (content_content_id, personnel_personnel_id) VALUES (77, 27) ON CONFLICT DO NOTHING;
INSERT INTO content_has_personnel (content_content_id, personnel_personnel_id) VALUES (77, 41) ON CONFLICT DO NOTHING;
INSERT INTO content_has_personnel (content_content_id, personnel_personnel_id) VALUES (77, 240) ON CONFLICT DO NOTHING;
INSERT INTO content_has_personnel (content_content_id, personnel_personnel_id) VALUES (77, 241) ON CONFLICT DO NOTHING;
INSERT INTO content_has_personnel (content_content_id, personnel_personnel_id) VALUES (78, 242) ON CONFLICT DO NOTHING;
INSERT INTO content_has_personnel (content_content_id, personnel_personnel_id) VALUES (78, 243) ON CONFLICT DO NOTHING;
INSERT INTO content_has_personnel (content_content_id, personnel_personnel_id) VALUES (78, 244) ON CONFLICT DO NOTHING;
INSERT INTO content_has_personnel (content_content_id, personnel_personnel_id) VALUES (78, 245) ON CONFLICT DO NOTHING;
INSERT INTO content_has_personnel (content_content_id, personnel_personnel_id) VALUES (79, 196) ON CONFLICT DO NOTHING;
INSERT INTO content_has_personnel (content_content_id, personnel_personnel_id) VALUES (79, 197) ON CONFLICT DO NOTHING;
INSERT INTO content_has_personnel (content_content_id, personnel_personnel_id) VALUES (79, 246) ON CONFLICT DO NOTHING;
INSERT INTO content_has_personnel (content_content_id, personnel_personnel_id) VALUES (79, 199) ON CONFLICT DO NOTHING;
INSERT INTO content_has_personnel (content_content_id, personnel_personnel_id) VALUES (80, 98) ON CONFLICT DO NOTHING;
INSERT INTO content_has_personnel (content_content_id, personnel_personnel_id) VALUES (80, 247) ON CONFLICT DO NOTHING;
INSERT INTO content_has_personnel (content_content_id, personnel_personnel_id) VALUES (80, 248) ON CONFLICT DO NOTHING;
INSERT INTO content_has_personnel (content_content_id, personnel_personnel_id) VALUES (80, 249) ON CONFLICT DO NOTHING;
INSERT INTO content_has_personnel (content_content_id, personnel_personnel_id) VALUES (81, 32) ON CONFLICT DO NOTHING;
INSERT INTO content_has_personnel (content_content_id, personnel_personnel_id) VALUES (81, 13) ON CONFLICT DO NOTHING;
INSERT INTO content_has_personnel (content_content_id, personnel_personnel_id) VALUES (81, 250) ON CONFLICT DO NOTHING;
INSERT INTO content_has_personnel (content_content_id, personnel_personnel_id) VALUES (81, 251) ON CONFLICT DO NOTHING;
INSERT INTO content_has_personnel (content_content_id, personnel_personnel_id) VALUES (82, 252) ON CONFLICT DO NOTHING;
INSERT INTO content_has_personnel (content_content_id, personnel_personnel_id) VALUES (82, 253) ON CONFLICT DO NOTHING;
INSERT INTO content_has_personnel (content_content_id, personnel_personnel_id) VALUES (82, 75) ON CONFLICT DO NOTHING;
INSERT INTO content_has_personnel (content_content_id, personnel_personnel_id) VALUES (82, 254) ON CONFLICT DO NOTHING;
INSERT INTO content_has_personnel (content_content_id, personnel_personnel_id) VALUES (83, 255) ON CONFLICT DO NOTHING;
INSERT INTO content_has_personnel (content_content_id, personnel_personnel_id) VALUES (83, 37) ON CONFLICT DO NOTHING;
INSERT INTO content_has_personnel (content_content_id, personnel_personnel_id) VALUES (83, 227) ON CONFLICT DO NOTHING;
INSERT INTO content_has_personnel (content_content_id, personnel_personnel_id) VALUES (83, 256) ON CONFLICT DO NOTHING;
INSERT INTO content_has_personnel (content_content_id, personnel_personnel_id) VALUES (84, 257) ON CONFLICT DO NOTHING;
INSERT INTO content_has_personnel (content_content_id, personnel_personnel_id) VALUES (84, 258) ON CONFLICT DO NOTHING;
INSERT INTO content_has_personnel (content_content_id, personnel_personnel_id) VALUES (84, 259) ON CONFLICT DO NOTHING;
INSERT INTO content_has_personnel (content_content_id, personnel_personnel_id) VALUES (84, 260) ON CONFLICT DO NOTHING;
INSERT INTO content_has_personnel (content_content_id, personnel_personnel_id) VALUES (85, 261) ON CONFLICT DO NOTHING;
INSERT INTO content_has_personnel (content_content_id, personnel_personnel_id) VALUES (85, 262) ON CONFLICT DO NOTHING;
INSERT INTO content_has_personnel (content_content_id, personnel_personnel_id) VALUES (85, 263) ON CONFLICT DO NOTHING;
INSERT INTO content_has_personnel (content_content_id, personnel_personnel_id) VALUES (85, 264) ON CONFLICT DO NOTHING;
INSERT INTO content_has_personnel (content_content_id, personnel_personnel_id) VALUES (86, 265) ON CONFLICT DO NOTHING;
INSERT INTO content_has_personnel (content_content_id, personnel_personnel_id) VALUES (86, 266) ON CONFLICT DO NOTHING;
INSERT INTO content_has_personnel (content_content_id, personnel_personnel_id) VALUES (86, 267) ON CONFLICT DO NOTHING;
INSERT INTO content_has_personnel (content_content_id, personnel_personnel_id) VALUES (86, 268) ON CONFLICT DO NOTHING;
INSERT INTO content_has_personnel (content_content_id, personnel_personnel_id) VALUES (87, 269) ON CONFLICT DO NOTHING;
INSERT INTO content_has_personnel (content_content_id, personnel_personnel_id) VALUES (87, 270) ON CONFLICT DO NOTHING;
INSERT INTO content_has_personnel (content_content_id, personnel_personnel_id) VALUES (87, 271) ON CONFLICT DO NOTHING;
INSERT INTO content_has_personnel (content_content_id, personnel_personnel_id) VALUES (87, 272) ON CONFLICT DO NOTHING;
INSERT INTO content_has_personnel (content_content_id, personnel_personnel_id) VALUES (88, 273) ON CONFLICT DO NOTHING;
INSERT INTO content_has_personnel (content_content_id, personnel_personnel_id) VALUES (88, 48) ON CONFLICT DO NOTHING;
INSERT INTO content_has_personnel (content_content_id, personnel_personnel_id) VALUES (88, 49) ON CONFLICT DO NOTHING;
INSERT INTO content_has_personnel (content_content_id, personnel_personnel_id) VALUES (88, 50) ON CONFLICT DO NOTHING;
INSERT INTO content_has_personnel (content_content_id, personnel_personnel_id) VALUES (89, 27) ON CONFLICT DO NOTHING;
INSERT INTO content_has_personnel (content_content_id, personnel_personnel_id) VALUES (89, 274) ON CONFLICT DO NOTHING;
INSERT INTO content_has_personnel (content_content_id, personnel_personnel_id) VALUES (89, 275) ON CONFLICT DO NOTHING;
INSERT INTO content_has_personnel (content_content_id, personnel_personnel_id) VALUES (89, 276) ON CONFLICT DO NOTHING;
INSERT INTO content_has_personnel (content_content_id, personnel_personnel_id) VALUES (90, 277) ON CONFLICT DO NOTHING;
INSERT INTO content_has_personnel (content_content_id, personnel_personnel_id) VALUES (90, 278) ON CONFLICT DO NOTHING;
INSERT INTO content_has_personnel (content_content_id, personnel_personnel_id) VALUES (90, 279) ON CONFLICT DO NOTHING;
INSERT INTO content_has_personnel (content_content_id, personnel_personnel_id) VALUES (90, 280) ON CONFLICT DO NOTHING;
INSERT INTO content_has_personnel (content_content_id, personnel_personnel_id) VALUES (91, 189) ON CONFLICT DO NOTHING;
INSERT INTO content_has_personnel (content_content_id, personnel_personnel_id) VALUES (91, 281) ON CONFLICT DO NOTHING;
INSERT INTO content_has_personnel (content_content_id, personnel_personnel_id) VALUES (91, 282) ON CONFLICT DO NOTHING;
INSERT INTO content_has_personnel (content_content_id, personnel_personnel_id) VALUES (91, 283) ON CONFLICT DO NOTHING;
INSERT INTO content_has_personnel (content_content_id, personnel_personnel_id) VALUES (92, 63) ON CONFLICT DO NOTHING;
INSERT INTO content_has_personnel (content_content_id, personnel_personnel_id) VALUES (92, 64) ON CONFLICT DO NOTHING;
INSERT INTO content_has_personnel (content_content_id, personnel_personnel_id) VALUES (92, 284) ON CONFLICT DO NOTHING;
INSERT INTO content_has_personnel (content_content_id, personnel_personnel_id) VALUES (92, 152) ON CONFLICT DO NOTHING;
INSERT INTO content_has_personnel (content_content_id, personnel_personnel_id) VALUES (93, 285) ON CONFLICT DO NOTHING;
INSERT INTO content_has_personnel (content_content_id, personnel_personnel_id) VALUES (93, 286) ON CONFLICT DO NOTHING;
INSERT INTO content_has_personnel (content_content_id, personnel_personnel_id) VALUES (93, 287) ON CONFLICT DO NOTHING;
INSERT INTO content_has_personnel (content_content_id, personnel_personnel_id) VALUES (93, 288) ON CONFLICT DO NOTHING;
INSERT INTO content_has_personnel (content_content_id, personnel_personnel_id) VALUES (94, 289) ON CONFLICT DO NOTHING;
INSERT INTO content_has_personnel (content_content_id, personnel_personnel_id) VALUES (94, 290) ON CONFLICT DO NOTHING;
INSERT INTO content_has_personnel (content_content_id, personnel_personnel_id) VALUES (94, 291) ON CONFLICT DO NOTHING;
INSERT INTO content_has_personnel (content_content_id, personnel_personnel_id) VALUES (94, 292) ON CONFLICT DO NOTHING;
INSERT INTO content_has_personnel (content_content_id, personnel_personnel_id) VALUES (95, 293) ON CONFLICT DO NOTHING;
INSERT INTO content_has_personnel (content_content_id, personnel_personnel_id) VALUES (95, 294) ON CONFLICT DO NOTHING;
INSERT INTO content_has_personnel (content_content_id, personnel_personnel_id) VALUES (95, 295) ON CONFLICT DO NOTHING;
INSERT INTO content_has_personnel (content_content_id, personnel_personnel_id) VALUES (95, 296) ON CONFLICT DO NOTHING;
INSERT INTO content_has_personnel (content_content_id, personnel_personnel_id) VALUES (96, 297) ON CONFLICT DO NOTHING;
INSERT INTO content_has_personnel (content_content_id, personnel_personnel_id) VALUES (96, 298) ON CONFLICT DO NOTHING;
INSERT INTO content_has_personnel (content_content_id, personnel_personnel_id) VALUES (96, 299) ON CONFLICT DO NOTHING;
INSERT INTO content_has_personnel (content_content_id, personnel_personnel_id) VALUES (96, 300) ON CONFLICT DO NOTHING;
INSERT INTO content_has_personnel (content_content_id, personnel_personnel_id) VALUES (97, 102) ON CONFLICT DO NOTHING;
INSERT INTO content_has_personnel (content_content_id, personnel_personnel_id) VALUES (97, 301) ON CONFLICT DO NOTHING;
INSERT INTO content_has_personnel (content_content_id, personnel_personnel_id) VALUES (97, 302) ON CONFLICT DO NOTHING;
INSERT INTO content_has_personnel (content_content_id, personnel_personnel_id) VALUES (97, 303) ON CONFLICT DO NOTHING;
INSERT INTO content_has_personnel (content_content_id, personnel_personnel_id) VALUES (98, 304) ON CONFLICT DO NOTHING;
INSERT INTO content_has_personnel (content_content_id, personnel_personnel_id) VALUES (98, 305) ON CONFLICT DO NOTHING;
INSERT INTO content_has_personnel (content_content_id, personnel_personnel_id) VALUES (98, 306) ON CONFLICT DO NOTHING;
INSERT INTO content_has_personnel (content_content_id, personnel_personnel_id) VALUES (98, 307) ON CONFLICT DO NOTHING;
INSERT INTO content_has_personnel (content_content_id, personnel_personnel_id) VALUES (99, 102) ON CONFLICT DO NOTHING;
INSERT INTO content_has_personnel (content_content_id, personnel_personnel_id) VALUES (99, 68) ON CONFLICT DO NOTHING;
INSERT INTO content_has_personnel (content_content_id, personnel_personnel_id) VALUES (99, 308) ON CONFLICT DO NOTHING;
INSERT INTO content_has_personnel (content_content_id, personnel_personnel_id) VALUES (99, 309) ON CONFLICT DO NOTHING;
INSERT INTO content_has_personnel (content_content_id, personnel_personnel_id) VALUES (100, 310) ON CONFLICT DO NOTHING;
INSERT INTO content_has_personnel (content_content_id, personnel_personnel_id) VALUES (100, 311) ON CONFLICT DO NOTHING;
INSERT INTO content_has_personnel (content_content_id, personnel_personnel_id) VALUES (100, 312) ON CONFLICT DO NOTHING;
INSERT INTO content_has_personnel (content_content_id, personnel_personnel_id) VALUES (100, 313) ON CONFLICT DO NOTHING;
INSERT INTO content_has_personnel (content_content_id, personnel_personnel_id) VALUES (101, 314) ON CONFLICT DO NOTHING;
INSERT INTO content_has_personnel (content_content_id, personnel_personnel_id) VALUES (101, 315) ON CONFLICT DO NOTHING;
INSERT INTO content_has_personnel (content_content_id, personnel_personnel_id) VALUES (101, 316) ON CONFLICT DO NOTHING;
INSERT INTO content_has_personnel (content_content_id, personnel_personnel_id) VALUES (101, 317) ON CONFLICT DO NOTHING;
INSERT INTO content_has_personnel (content_content_id, personnel_personnel_id) VALUES (101, 318) ON CONFLICT DO NOTHING;
INSERT INTO content_has_personnel (content_content_id, personnel_personnel_id) VALUES (101, 319) ON CONFLICT DO NOTHING;
INSERT INTO content_has_personnel (content_content_id, personnel_personnel_id) VALUES (102, 320) ON CONFLICT DO NOTHING;
INSERT INTO content_has_personnel (content_content_id, personnel_personnel_id) VALUES (102, 321) ON CONFLICT DO NOTHING;
INSERT INTO content_has_personnel (content_content_id, personnel_personnel_id) VALUES (102, 322) ON CONFLICT DO NOTHING;
INSERT INTO content_has_personnel (content_content_id, personnel_personnel_id) VALUES (102, 323) ON CONFLICT DO NOTHING;
INSERT INTO content_has_personnel (content_content_id, personnel_personnel_id) VALUES (102, 324) ON CONFLICT DO NOTHING;
INSERT INTO content_has_personnel (content_content_id, personnel_personnel_id) VALUES (102, 325) ON CONFLICT DO NOTHING;
INSERT INTO content_has_personnel (content_content_id, personnel_personnel_id) VALUES (103, 326) ON CONFLICT DO NOTHING;
INSERT INTO content_has_personnel (content_content_id, personnel_personnel_id) VALUES (103, 327) ON CONFLICT DO NOTHING;
INSERT INTO content_has_personnel (content_content_id, personnel_personnel_id) VALUES (103, 328) ON CONFLICT DO NOTHING;
INSERT INTO content_has_personnel (content_content_id, personnel_personnel_id) VALUES (103, 329) ON CONFLICT DO NOTHING;
INSERT INTO content_has_personnel (content_content_id, personnel_personnel_id) VALUES (103, 330) ON CONFLICT DO NOTHING;
INSERT INTO content_has_personnel (content_content_id, personnel_personnel_id) VALUES (103, 331) ON CONFLICT DO NOTHING;
INSERT INTO content_has_personnel (content_content_id, personnel_personnel_id) VALUES (104, 332) ON CONFLICT DO NOTHING;
INSERT INTO content_has_personnel (content_content_id, personnel_personnel_id) VALUES (104, 333) ON CONFLICT DO NOTHING;
INSERT INTO content_has_personnel (content_content_id, personnel_personnel_id) VALUES (104, 334) ON CONFLICT DO NOTHING;
INSERT INTO content_has_personnel (content_content_id, personnel_personnel_id) VALUES (104, 335) ON CONFLICT DO NOTHING;
INSERT INTO content_has_personnel (content_content_id, personnel_personnel_id) VALUES (104, 336) ON CONFLICT DO NOTHING;
INSERT INTO content_has_personnel (content_content_id, personnel_personnel_id) VALUES (104, 337) ON CONFLICT DO NOTHING;
INSERT INTO content_has_personnel (content_content_id, personnel_personnel_id) VALUES (105, 338) ON CONFLICT DO NOTHING;
INSERT INTO content_has_personnel (content_content_id, personnel_personnel_id) VALUES (105, 339) ON CONFLICT DO NOTHING;
INSERT INTO content_has_personnel (content_content_id, personnel_personnel_id) VALUES (105, 340) ON CONFLICT DO NOTHING;
INSERT INTO content_has_personnel (content_content_id, personnel_personnel_id) VALUES (105, 341) ON CONFLICT DO NOTHING;
INSERT INTO content_has_personnel (content_content_id, personnel_personnel_id) VALUES (105, 342) ON CONFLICT DO NOTHING;
INSERT INTO content_has_personnel (content_content_id, personnel_personnel_id) VALUES (105, 88) ON CONFLICT DO NOTHING;
INSERT INTO content_has_personnel (content_content_id, personnel_personnel_id) VALUES (106, 343) ON CONFLICT DO NOTHING;
INSERT INTO content_has_personnel (content_content_id, personnel_personnel_id) VALUES (106, 344) ON CONFLICT DO NOTHING;
INSERT INTO content_has_personnel (content_content_id, personnel_personnel_id) VALUES (106, 345) ON CONFLICT DO NOTHING;
INSERT INTO content_has_personnel (content_content_id, personnel_personnel_id) VALUES (106, 346) ON CONFLICT DO NOTHING;
INSERT INTO content_has_personnel (content_content_id, personnel_personnel_id) VALUES (106, 347) ON CONFLICT DO NOTHING;
INSERT INTO content_has_personnel (content_content_id, personnel_personnel_id) VALUES (106, 348) ON CONFLICT DO NOTHING;
INSERT INTO content_has_personnel (content_content_id, personnel_personnel_id) VALUES (107, 349) ON CONFLICT DO NOTHING;
INSERT INTO content_has_personnel (content_content_id, personnel_personnel_id) VALUES (107, 350) ON CONFLICT DO NOTHING;
INSERT INTO content_has_personnel (content_content_id, personnel_personnel_id) VALUES (107, 351) ON CONFLICT DO NOTHING;
INSERT INTO content_has_personnel (content_content_id, personnel_personnel_id) VALUES (107, 352) ON CONFLICT DO NOTHING;
INSERT INTO content_has_personnel (content_content_id, personnel_personnel_id) VALUES (107, 229) ON CONFLICT DO NOTHING;
INSERT INTO content_has_personnel (content_content_id, personnel_personnel_id) VALUES (107, 353) ON CONFLICT DO NOTHING;
INSERT INTO content_has_personnel (content_content_id, personnel_personnel_id) VALUES (108, 354) ON CONFLICT DO NOTHING;
INSERT INTO content_has_personnel (content_content_id, personnel_personnel_id) VALUES (108, 355) ON CONFLICT DO NOTHING;
INSERT INTO content_has_personnel (content_content_id, personnel_personnel_id) VALUES (108, 356) ON CONFLICT DO NOTHING;
INSERT INTO content_has_personnel (content_content_id, personnel_personnel_id) VALUES (108, 357) ON CONFLICT DO NOTHING;
INSERT INTO content_has_personnel (content_content_id, personnel_personnel_id) VALUES (108, 358) ON CONFLICT DO NOTHING;
INSERT INTO content_has_personnel (content_content_id, personnel_personnel_id) VALUES (108, 359) ON CONFLICT DO NOTHING;
INSERT INTO content_has_personnel (content_content_id, personnel_personnel_id) VALUES (109, 360) ON CONFLICT DO NOTHING;
INSERT INTO content_has_personnel (content_content_id, personnel_personnel_id) VALUES (109, 361) ON CONFLICT DO NOTHING;
INSERT INTO content_has_personnel (content_content_id, personnel_personnel_id) VALUES (109, 362) ON CONFLICT DO NOTHING;
INSERT INTO content_has_personnel (content_content_id, personnel_personnel_id) VALUES (109, 363) ON CONFLICT DO NOTHING;
INSERT INTO content_has_personnel (content_content_id, personnel_personnel_id) VALUES (109, 364) ON CONFLICT DO NOTHING;
INSERT INTO content_has_personnel (content_content_id, personnel_personnel_id) VALUES (109, 365) ON CONFLICT DO NOTHING;
INSERT INTO content_has_personnel (content_content_id, personnel_personnel_id) VALUES (110, 366) ON CONFLICT DO NOTHING;
INSERT INTO content_has_personnel (content_content_id, personnel_personnel_id) VALUES (110, 367) ON CONFLICT DO NOTHING;
INSERT INTO content_has_personnel (content_content_id, personnel_personnel_id) VALUES (110, 368) ON CONFLICT DO NOTHING;
INSERT INTO content_has_personnel (content_content_id, personnel_personnel_id) VALUES (110, 369) ON CONFLICT DO NOTHING;
INSERT INTO content_has_personnel (content_content_id, personnel_personnel_id) VALUES (110, 370) ON CONFLICT DO NOTHING;
INSERT INTO content_has_personnel (content_content_id, personnel_personnel_id) VALUES (110, 371) ON CONFLICT DO NOTHING;
INSERT INTO content_has_personnel (content_content_id, personnel_personnel_id) VALUES (111, 372) ON CONFLICT DO NOTHING;
INSERT INTO content_has_personnel (content_content_id, personnel_personnel_id) VALUES (111, 373) ON CONFLICT DO NOTHING;
INSERT INTO content_has_personnel (content_content_id, personnel_personnel_id) VALUES (111, 374) ON CONFLICT DO NOTHING;
INSERT INTO content_has_personnel (content_content_id, personnel_personnel_id) VALUES (111, 375) ON CONFLICT DO NOTHING;
INSERT INTO content_has_personnel (content_content_id, personnel_personnel_id) VALUES (111, 376) ON CONFLICT DO NOTHING;
INSERT INTO content_has_personnel (content_content_id, personnel_personnel_id) VALUES (111, 377) ON CONFLICT DO NOTHING;
INSERT INTO content_has_personnel (content_content_id, personnel_personnel_id) VALUES (112, 378) ON CONFLICT DO NOTHING;
INSERT INTO content_has_personnel (content_content_id, personnel_personnel_id) VALUES (112, 379) ON CONFLICT DO NOTHING;
INSERT INTO content_has_personnel (content_content_id, personnel_personnel_id) VALUES (112, 380) ON CONFLICT DO NOTHING;
INSERT INTO content_has_personnel (content_content_id, personnel_personnel_id) VALUES (112, 381) ON CONFLICT DO NOTHING;
INSERT INTO content_has_personnel (content_content_id, personnel_personnel_id) VALUES (113, 382) ON CONFLICT DO NOTHING;
INSERT INTO content_has_personnel (content_content_id, personnel_personnel_id) VALUES (113, 383) ON CONFLICT DO NOTHING;
INSERT INTO content_has_personnel (content_content_id, personnel_personnel_id) VALUES (113, 384) ON CONFLICT DO NOTHING;
INSERT INTO content_has_personnel (content_content_id, personnel_personnel_id) VALUES (113, 385) ON CONFLICT DO NOTHING;
INSERT INTO content_has_personnel (content_content_id, personnel_personnel_id) VALUES (113, 386) ON CONFLICT DO NOTHING;
INSERT INTO content_has_personnel (content_content_id, personnel_personnel_id) VALUES (113, 387) ON CONFLICT DO NOTHING;
INSERT INTO content_has_personnel (content_content_id, personnel_personnel_id) VALUES (114, 388) ON CONFLICT DO NOTHING;
INSERT INTO content_has_personnel (content_content_id, personnel_personnel_id) VALUES (114, 389) ON CONFLICT DO NOTHING;
INSERT INTO content_has_personnel (content_content_id, personnel_personnel_id) VALUES (114, 390) ON CONFLICT DO NOTHING;
INSERT INTO content_has_personnel (content_content_id, personnel_personnel_id) VALUES (114, 391) ON CONFLICT DO NOTHING;
INSERT INTO content_has_personnel (content_content_id, personnel_personnel_id) VALUES (114, 392) ON CONFLICT DO NOTHING;
INSERT INTO content_has_personnel (content_content_id, personnel_personnel_id) VALUES (114, 393) ON CONFLICT DO NOTHING;
INSERT INTO content_has_personnel (content_content_id, personnel_personnel_id) VALUES (115, 394) ON CONFLICT DO NOTHING;
INSERT INTO content_has_personnel (content_content_id, personnel_personnel_id) VALUES (115, 395) ON CONFLICT DO NOTHING;
INSERT INTO content_has_personnel (content_content_id, personnel_personnel_id) VALUES (115, 396) ON CONFLICT DO NOTHING;
INSERT INTO content_has_personnel (content_content_id, personnel_personnel_id) VALUES (115, 397) ON CONFLICT DO NOTHING;
INSERT INTO content_has_personnel (content_content_id, personnel_personnel_id) VALUES (115, 398) ON CONFLICT DO NOTHING;
INSERT INTO content_has_personnel (content_content_id, personnel_personnel_id) VALUES (116, 399) ON CONFLICT DO NOTHING;
INSERT INTO content_has_personnel (content_content_id, personnel_personnel_id) VALUES (116, 400) ON CONFLICT DO NOTHING;
INSERT INTO content_has_personnel (content_content_id, personnel_personnel_id) VALUES (116, 401) ON CONFLICT DO NOTHING;
INSERT INTO content_has_personnel (content_content_id, personnel_personnel_id) VALUES (116, 402) ON CONFLICT DO NOTHING;
INSERT INTO content_has_personnel (content_content_id, personnel_personnel_id) VALUES (116, 403) ON CONFLICT DO NOTHING;
INSERT INTO content_has_personnel (content_content_id, personnel_personnel_id) VALUES (116, 404) ON CONFLICT DO NOTHING;
INSERT INTO content_has_personnel (content_content_id, personnel_personnel_id) VALUES (117, 405) ON CONFLICT DO NOTHING;
INSERT INTO content_has_personnel (content_content_id, personnel_personnel_id) VALUES (118, 406) ON CONFLICT DO NOTHING;
INSERT INTO content_has_personnel (content_content_id, personnel_personnel_id) VALUES (118, 407) ON CONFLICT DO NOTHING;
INSERT INTO content_has_personnel (content_content_id, personnel_personnel_id) VALUES (118, 408) ON CONFLICT DO NOTHING;
INSERT INTO content_has_personnel (content_content_id, personnel_personnel_id) VALUES (118, 409) ON CONFLICT DO NOTHING;
INSERT INTO content_has_personnel (content_content_id, personnel_personnel_id) VALUES (118, 410) ON CONFLICT DO NOTHING;
INSERT INTO content_has_personnel (content_content_id, personnel_personnel_id) VALUES (118, 411) ON CONFLICT DO NOTHING;
INSERT INTO content_has_personnel (content_content_id, personnel_personnel_id) VALUES (119, 412) ON CONFLICT DO NOTHING;
INSERT INTO content_has_personnel (content_content_id, personnel_personnel_id) VALUES (119, 413) ON CONFLICT DO NOTHING;
INSERT INTO content_has_personnel (content_content_id, personnel_personnel_id) VALUES (119, 414) ON CONFLICT DO NOTHING;
INSERT INTO content_has_personnel (content_content_id, personnel_personnel_id) VALUES (119, 415) ON CONFLICT DO NOTHING;
INSERT INTO content_has_personnel (content_content_id, personnel_personnel_id) VALUES (119, 416) ON CONFLICT DO NOTHING;
INSERT INTO content_has_personnel (content_content_id, personnel_personnel_id) VALUES (119, 417) ON CONFLICT DO NOTHING;
INSERT INTO content_has_personnel (content_content_id, personnel_personnel_id) VALUES (120, 418) ON CONFLICT DO NOTHING;
INSERT INTO content_has_personnel (content_content_id, personnel_personnel_id) VALUES (120, 419) ON CONFLICT DO NOTHING;
INSERT INTO content_has_personnel (content_content_id, personnel_personnel_id) VALUES (120, 420) ON CONFLICT DO NOTHING;
INSERT INTO content_has_personnel (content_content_id, personnel_personnel_id) VALUES (120, 421) ON CONFLICT DO NOTHING;
INSERT INTO content_has_personnel (content_content_id, personnel_personnel_id) VALUES (120, 422) ON CONFLICT DO NOTHING;
INSERT INTO content_has_personnel (content_content_id, personnel_personnel_id) VALUES (120, 423) ON CONFLICT DO NOTHING;
INSERT INTO content_has_personnel (content_content_id, personnel_personnel_id) VALUES (121, 424) ON CONFLICT DO NOTHING;
INSERT INTO content_has_personnel (content_content_id, personnel_personnel_id) VALUES (121, 425) ON CONFLICT DO NOTHING;
INSERT INTO content_has_personnel (content_content_id, personnel_personnel_id) VALUES (121, 426) ON CONFLICT DO NOTHING;
INSERT INTO content_has_personnel (content_content_id, personnel_personnel_id) VALUES (121, 427) ON CONFLICT DO NOTHING;
INSERT INTO content_has_personnel (content_content_id, personnel_personnel_id) VALUES (121, 428) ON CONFLICT DO NOTHING;
INSERT INTO content_has_personnel (content_content_id, personnel_personnel_id) VALUES (121, 429) ON CONFLICT DO NOTHING;
INSERT INTO content_has_personnel (content_content_id, personnel_personnel_id) VALUES (122, 430) ON CONFLICT DO NOTHING;
INSERT INTO content_has_personnel (content_content_id, personnel_personnel_id) VALUES (122, 431) ON CONFLICT DO NOTHING;
INSERT INTO content_has_personnel (content_content_id, personnel_personnel_id) VALUES (122, 432) ON CONFLICT DO NOTHING;
INSERT INTO content_has_personnel (content_content_id, personnel_personnel_id) VALUES (122, 433) ON CONFLICT DO NOTHING;
INSERT INTO content_has_personnel (content_content_id, personnel_personnel_id) VALUES (122, 434) ON CONFLICT DO NOTHING;
INSERT INTO content_has_personnel (content_content_id, personnel_personnel_id) VALUES (122, 435) ON CONFLICT DO NOTHING;
INSERT INTO content_has_personnel (content_content_id, personnel_personnel_id) VALUES (123, 436) ON CONFLICT DO NOTHING;
INSERT INTO content_has_personnel (content_content_id, personnel_personnel_id) VALUES (123, 437) ON CONFLICT DO NOTHING;
INSERT INTO content_has_personnel (content_content_id, personnel_personnel_id) VALUES (123, 438) ON CONFLICT DO NOTHING;
INSERT INTO content_has_personnel (content_content_id, personnel_personnel_id) VALUES (123, 439) ON CONFLICT DO NOTHING;
INSERT INTO content_has_personnel (content_content_id, personnel_personnel_id) VALUES (123, 440) ON CONFLICT DO NOTHING;
INSERT INTO content_has_personnel (content_content_id, personnel_personnel_id) VALUES (123, 441) ON CONFLICT DO NOTHING;
INSERT INTO content_has_personnel (content_content_id, personnel_personnel_id) VALUES (124, 442) ON CONFLICT DO NOTHING;
INSERT INTO content_has_personnel (content_content_id, personnel_personnel_id) VALUES (124, 443) ON CONFLICT DO NOTHING;
INSERT INTO content_has_personnel (content_content_id, personnel_personnel_id) VALUES (124, 444) ON CONFLICT DO NOTHING;
INSERT INTO content_has_personnel (content_content_id, personnel_personnel_id) VALUES (124, 445) ON CONFLICT DO NOTHING;
INSERT INTO content_has_personnel (content_content_id, personnel_personnel_id) VALUES (124, 446) ON CONFLICT DO NOTHING;
INSERT INTO content_has_personnel (content_content_id, personnel_personnel_id) VALUES (125, 442) ON CONFLICT DO NOTHING;
INSERT INTO content_has_personnel (content_content_id, personnel_personnel_id) VALUES (125, 443) ON CONFLICT DO NOTHING;
INSERT INTO content_has_personnel (content_content_id, personnel_personnel_id) VALUES (125, 444) ON CONFLICT DO NOTHING;
INSERT INTO content_has_personnel (content_content_id, personnel_personnel_id) VALUES (125, 447) ON CONFLICT DO NOTHING;
INSERT INTO content_has_personnel (content_content_id, personnel_personnel_id) VALUES (126, 448) ON CONFLICT DO NOTHING;
INSERT INTO content_has_personnel (content_content_id, personnel_personnel_id) VALUES (126, 449) ON CONFLICT DO NOTHING;
INSERT INTO content_has_personnel (content_content_id, personnel_personnel_id) VALUES (126, 450) ON CONFLICT DO NOTHING;
INSERT INTO content_has_personnel (content_content_id, personnel_personnel_id) VALUES (127, 451) ON CONFLICT DO NOTHING;
INSERT INTO content_has_personnel (content_content_id, personnel_personnel_id) VALUES (127, 452) ON CONFLICT DO NOTHING;
INSERT INTO content_has_personnel (content_content_id, personnel_personnel_id) VALUES (127, 453) ON CONFLICT DO NOTHING;
INSERT INTO content_has_personnel (content_content_id, personnel_personnel_id) VALUES (127, 454) ON CONFLICT DO NOTHING;
INSERT INTO content_has_personnel (content_content_id, personnel_personnel_id) VALUES (127, 455) ON CONFLICT DO NOTHING;
INSERT INTO content_has_personnel (content_content_id, personnel_personnel_id) VALUES (127, 456) ON CONFLICT DO NOTHING;
INSERT INTO content_has_personnel (content_content_id, personnel_personnel_id) VALUES (128, 457) ON CONFLICT DO NOTHING;
INSERT INTO content_has_personnel (content_content_id, personnel_personnel_id) VALUES (128, 458) ON CONFLICT DO NOTHING;
INSERT INTO content_has_personnel (content_content_id, personnel_personnel_id) VALUES (128, 459) ON CONFLICT DO NOTHING;
INSERT INTO content_has_personnel (content_content_id, personnel_personnel_id) VALUES (128, 460) ON CONFLICT DO NOTHING;
INSERT INTO content_has_personnel (content_content_id, personnel_personnel_id) VALUES (128, 461) ON CONFLICT DO NOTHING;
INSERT INTO content_has_personnel (content_content_id, personnel_personnel_id) VALUES (128, 462) ON CONFLICT DO NOTHING;
INSERT INTO content_has_personnel (content_content_id, personnel_personnel_id) VALUES (129, 463) ON CONFLICT DO NOTHING;
INSERT INTO content_has_personnel (content_content_id, personnel_personnel_id) VALUES (129, 464) ON CONFLICT DO NOTHING;
INSERT INTO content_has_personnel (content_content_id, personnel_personnel_id) VALUES (129, 465) ON CONFLICT DO NOTHING;
INSERT INTO content_has_personnel (content_content_id, personnel_personnel_id) VALUES (129, 466) ON CONFLICT DO NOTHING;
INSERT INTO content_has_personnel (content_content_id, personnel_personnel_id) VALUES (129, 464) ON CONFLICT DO NOTHING;
INSERT INTO content_has_personnel (content_content_id, personnel_personnel_id) VALUES (129, 467) ON CONFLICT DO NOTHING;
INSERT INTO content_has_personnel (content_content_id, personnel_personnel_id) VALUES (130, 468) ON CONFLICT DO NOTHING;
INSERT INTO content_has_personnel (content_content_id, personnel_personnel_id) VALUES (130, 469) ON CONFLICT DO NOTHING;
INSERT INTO content_has_personnel (content_content_id, personnel_personnel_id) VALUES (130, 470) ON CONFLICT DO NOTHING;
INSERT INTO content_has_personnel (content_content_id, personnel_personnel_id) VALUES (130, 471) ON CONFLICT DO NOTHING;
INSERT INTO content_has_personnel (content_content_id, personnel_personnel_id) VALUES (130, 472) ON CONFLICT DO NOTHING;
INSERT INTO content_has_personnel (content_content_id, personnel_personnel_id) VALUES (130, 473) ON CONFLICT DO NOTHING;
INSERT INTO content_has_personnel (content_content_id, personnel_personnel_id) VALUES (131, 474) ON CONFLICT DO NOTHING;
INSERT INTO content_has_personnel (content_content_id, personnel_personnel_id) VALUES (131, 475) ON CONFLICT DO NOTHING;
INSERT INTO content_has_personnel (content_content_id, personnel_personnel_id) VALUES (131, 476) ON CONFLICT DO NOTHING;
INSERT INTO content_has_personnel (content_content_id, personnel_personnel_id) VALUES (131, 477) ON CONFLICT DO NOTHING;
INSERT INTO content_has_personnel (content_content_id, personnel_personnel_id) VALUES (131, 478) ON CONFLICT DO NOTHING;
INSERT INTO content_has_personnel (content_content_id, personnel_personnel_id) VALUES (131, 479) ON CONFLICT DO NOTHING;
INSERT INTO content_has_personnel (content_content_id, personnel_personnel_id) VALUES (132, 480) ON CONFLICT DO NOTHING;
INSERT INTO content_has_personnel (content_content_id, personnel_personnel_id) VALUES (132, 481) ON CONFLICT DO NOTHING;
INSERT INTO content_has_personnel (content_content_id, personnel_personnel_id) VALUES (132, 482) ON CONFLICT DO NOTHING;
INSERT INTO content_has_personnel (content_content_id, personnel_personnel_id) VALUES (132, 483) ON CONFLICT DO NOTHING;
INSERT INTO content_has_personnel (content_content_id, personnel_personnel_id) VALUES (132, 484) ON CONFLICT DO NOTHING;
INSERT INTO content_has_personnel (content_content_id, personnel_personnel_id) VALUES (132, 485) ON CONFLICT DO NOTHING;
INSERT INTO content_has_personnel (content_content_id, personnel_personnel_id) VALUES (133, 486) ON CONFLICT DO NOTHING;
INSERT INTO content_has_personnel (content_content_id, personnel_personnel_id) VALUES (133, 487) ON CONFLICT DO NOTHING;
INSERT INTO content_has_personnel (content_content_id, personnel_personnel_id) VALUES (133, 488) ON CONFLICT DO NOTHING;
INSERT INTO content_has_personnel (content_content_id, personnel_personnel_id) VALUES (133, 489) ON CONFLICT DO NOTHING;
INSERT INTO content_has_personnel (content_content_id, personnel_personnel_id) VALUES (133, 490) ON CONFLICT DO NOTHING;
INSERT INTO content_has_personnel (content_content_id, personnel_personnel_id) VALUES (134, 491) ON CONFLICT DO NOTHING;
INSERT INTO content_has_personnel (content_content_id, personnel_personnel_id) VALUES (134, 492) ON CONFLICT DO NOTHING;
INSERT INTO content_has_personnel (content_content_id, personnel_personnel_id) VALUES (134, 486) ON CONFLICT DO NOTHING;
INSERT INTO content_has_personnel (content_content_id, personnel_personnel_id) VALUES (134, 493) ON CONFLICT DO NOTHING;
INSERT INTO content_has_personnel (content_content_id, personnel_personnel_id) VALUES (134, 494) ON CONFLICT DO NOTHING;
INSERT INTO content_has_personnel (content_content_id, personnel_personnel_id) VALUES (134, 495) ON CONFLICT DO NOTHING;
INSERT INTO content_has_personnel (content_content_id, personnel_personnel_id) VALUES (135, 496) ON CONFLICT DO NOTHING;
INSERT INTO content_has_personnel (content_content_id, personnel_personnel_id) VALUES (135, 497) ON CONFLICT DO NOTHING;
INSERT INTO content_has_personnel (content_content_id, personnel_personnel_id) VALUES (135, 498) ON CONFLICT DO NOTHING;
INSERT INTO content_has_personnel (content_content_id, personnel_personnel_id) VALUES (135, 499) ON CONFLICT DO NOTHING;
INSERT INTO content_has_personnel (content_content_id, personnel_personnel_id) VALUES (135, 340) ON CONFLICT DO NOTHING;
INSERT INTO content_has_personnel (content_content_id, personnel_personnel_id) VALUES (136, 500) ON CONFLICT DO NOTHING;
INSERT INTO content_has_personnel (content_content_id, personnel_personnel_id) VALUES (136, 501) ON CONFLICT DO NOTHING;
INSERT INTO content_has_personnel (content_content_id, personnel_personnel_id) VALUES (136, 502) ON CONFLICT DO NOTHING;
INSERT INTO content_has_personnel (content_content_id, personnel_personnel_id) VALUES (136, 503) ON CONFLICT DO NOTHING;
INSERT INTO content_has_personnel (content_content_id, personnel_personnel_id) VALUES (136, 504) ON CONFLICT DO NOTHING;
INSERT INTO content_has_personnel (content_content_id, personnel_personnel_id) VALUES (136, 505) ON CONFLICT DO NOTHING;
INSERT INTO content_has_personnel (content_content_id, personnel_personnel_id) VALUES (137, 506) ON CONFLICT DO NOTHING;
INSERT INTO content_has_personnel (content_content_id, personnel_personnel_id) VALUES (137, 507) ON CONFLICT DO NOTHING;
INSERT INTO content_has_personnel (content_content_id, personnel_personnel_id) VALUES (137, 508) ON CONFLICT DO NOTHING;
INSERT INTO content_has_personnel (content_content_id, personnel_personnel_id) VALUES (137, 509) ON CONFLICT DO NOTHING;
INSERT INTO content_has_personnel (content_content_id, personnel_personnel_id) VALUES (137, 510) ON CONFLICT DO NOTHING;
INSERT INTO content_has_personnel (content_content_id, personnel_personnel_id) VALUES (137, 511) ON CONFLICT DO NOTHING;
INSERT INTO content_has_personnel (content_content_id, personnel_personnel_id) VALUES (138, 512) ON CONFLICT DO NOTHING;
INSERT INTO content_has_personnel (content_content_id, personnel_personnel_id) VALUES (138, 513) ON CONFLICT DO NOTHING;
INSERT INTO content_has_personnel (content_content_id, personnel_personnel_id) VALUES (138, 514) ON CONFLICT DO NOTHING;
INSERT INTO content_has_personnel (content_content_id, personnel_personnel_id) VALUES (138, 515) ON CONFLICT DO NOTHING;
INSERT INTO content_has_personnel (content_content_id, personnel_personnel_id) VALUES (138, 516) ON CONFLICT DO NOTHING;
INSERT INTO content_has_personnel (content_content_id, personnel_personnel_id) VALUES (139, 227) ON CONFLICT DO NOTHING;
INSERT INTO content_has_personnel (content_content_id, personnel_personnel_id) VALUES (139, 517) ON CONFLICT DO NOTHING;
INSERT INTO content_has_personnel (content_content_id, personnel_personnel_id) VALUES (139, 518) ON CONFLICT DO NOTHING;
INSERT INTO content_has_personnel (content_content_id, personnel_personnel_id) VALUES (139, 519) ON CONFLICT DO NOTHING;
INSERT INTO content_has_personnel (content_content_id, personnel_personnel_id) VALUES (139, 520) ON CONFLICT DO NOTHING;
INSERT INTO content_has_personnel (content_content_id, personnel_personnel_id) VALUES (139, 521) ON CONFLICT DO NOTHING;
INSERT INTO content_has_personnel (content_content_id, personnel_personnel_id) VALUES (140, 522) ON CONFLICT DO NOTHING;
INSERT INTO content_has_personnel (content_content_id, personnel_personnel_id) VALUES (140, 523) ON CONFLICT DO NOTHING;
INSERT INTO content_has_personnel (content_content_id, personnel_personnel_id) VALUES (140, 524) ON CONFLICT DO NOTHING;
INSERT INTO content_has_personnel (content_content_id, personnel_personnel_id) VALUES (140, 525) ON CONFLICT DO NOTHING;
INSERT INTO content_has_personnel (content_content_id, personnel_personnel_id) VALUES (140, 526) ON CONFLICT DO NOTHING;
INSERT INTO content_has_personnel (content_content_id, personnel_personnel_id) VALUES (140, 527) ON CONFLICT DO NOTHING;
INSERT INTO content_has_personnel (content_content_id, personnel_personnel_id) VALUES (141, 528) ON CONFLICT DO NOTHING;
INSERT INTO content_has_personnel (content_content_id, personnel_personnel_id) VALUES (141, 529) ON CONFLICT DO NOTHING;
INSERT INTO content_has_personnel (content_content_id, personnel_personnel_id) VALUES (141, 530) ON CONFLICT DO NOTHING;
INSERT INTO content_has_personnel (content_content_id, personnel_personnel_id) VALUES (141, 531) ON CONFLICT DO NOTHING;
INSERT INTO content_has_personnel (content_content_id, personnel_personnel_id) VALUES (141, 532) ON CONFLICT DO NOTHING;
INSERT INTO content_has_personnel (content_content_id, personnel_personnel_id) VALUES (141, 533) ON CONFLICT DO NOTHING;
INSERT INTO content_has_personnel (content_content_id, personnel_personnel_id) VALUES (142, 534) ON CONFLICT DO NOTHING;
INSERT INTO content_has_personnel (content_content_id, personnel_personnel_id) VALUES (142, 535) ON CONFLICT DO NOTHING;
INSERT INTO content_has_personnel (content_content_id, personnel_personnel_id) VALUES (142, 536) ON CONFLICT DO NOTHING;
INSERT INTO content_has_personnel (content_content_id, personnel_personnel_id) VALUES (142, 537) ON CONFLICT DO NOTHING;
INSERT INTO content_has_personnel (content_content_id, personnel_personnel_id) VALUES (142, 538) ON CONFLICT DO NOTHING;
INSERT INTO content_has_personnel (content_content_id, personnel_personnel_id) VALUES (142, 539) ON CONFLICT DO NOTHING;
INSERT INTO content_has_personnel (content_content_id, personnel_personnel_id) VALUES (143, 540) ON CONFLICT DO NOTHING;
INSERT INTO content_has_personnel (content_content_id, personnel_personnel_id) VALUES (143, 541) ON CONFLICT DO NOTHING;
INSERT INTO content_has_personnel (content_content_id, personnel_personnel_id) VALUES (143, 542) ON CONFLICT DO NOTHING;
INSERT INTO content_has_personnel (content_content_id, personnel_personnel_id) VALUES (143, 543) ON CONFLICT DO NOTHING;
INSERT INTO content_has_personnel (content_content_id, personnel_personnel_id) VALUES (143, 544) ON CONFLICT DO NOTHING;
INSERT INTO content_has_personnel (content_content_id, personnel_personnel_id) VALUES (143, 545) ON CONFLICT DO NOTHING;
INSERT INTO content_has_personnel (content_content_id, personnel_personnel_id) VALUES (144, 546) ON CONFLICT DO NOTHING;
INSERT INTO content_has_personnel (content_content_id, personnel_personnel_id) VALUES (144, 547) ON CONFLICT DO NOTHING;
INSERT INTO content_has_personnel (content_content_id, personnel_personnel_id) VALUES (144, 548) ON CONFLICT DO NOTHING;
INSERT INTO content_has_personnel (content_content_id, personnel_personnel_id) VALUES (144, 549) ON CONFLICT DO NOTHING;
INSERT INTO content_has_personnel (content_content_id, personnel_personnel_id) VALUES (144, 550) ON CONFLICT DO NOTHING;
INSERT INTO content_has_personnel (content_content_id, personnel_personnel_id) VALUES (144, 551) ON CONFLICT DO NOTHING;
INSERT INTO content_has_personnel (content_content_id, personnel_personnel_id) VALUES (145, 552) ON CONFLICT DO NOTHING;
INSERT INTO content_has_personnel (content_content_id, personnel_personnel_id) VALUES (145, 553) ON CONFLICT DO NOTHING;
INSERT INTO content_has_personnel (content_content_id, personnel_personnel_id) VALUES (145, 554) ON CONFLICT DO NOTHING;
INSERT INTO content_has_personnel (content_content_id, personnel_personnel_id) VALUES (145, 555) ON CONFLICT DO NOTHING;
INSERT INTO content_has_personnel (content_content_id, personnel_personnel_id) VALUES (145, 556) ON CONFLICT DO NOTHING;
INSERT INTO content_has_personnel (content_content_id, personnel_personnel_id) VALUES (145, 557) ON CONFLICT DO NOTHING;
INSERT INTO content_has_personnel (content_content_id, personnel_personnel_id) VALUES (146, 558) ON CONFLICT DO NOTHING;
INSERT INTO content_has_personnel (content_content_id, personnel_personnel_id) VALUES (146, 559) ON CONFLICT DO NOTHING;
INSERT INTO content_has_personnel (content_content_id, personnel_personnel_id) VALUES (146, 560) ON CONFLICT DO NOTHING;
INSERT INTO content_has_personnel (content_content_id, personnel_personnel_id) VALUES (146, 561) ON CONFLICT DO NOTHING;
INSERT INTO content_has_personnel (content_content_id, personnel_personnel_id) VALUES (146, 562) ON CONFLICT DO NOTHING;
INSERT INTO content_has_personnel (content_content_id, personnel_personnel_id) VALUES (146, 563) ON CONFLICT DO NOTHING;
INSERT INTO content_has_personnel (content_content_id, personnel_personnel_id) VALUES (147, 564) ON CONFLICT DO NOTHING;
INSERT INTO content_has_personnel (content_content_id, personnel_personnel_id) VALUES (147, 565) ON CONFLICT DO NOTHING;
INSERT INTO content_has_personnel (content_content_id, personnel_personnel_id) VALUES (147, 566) ON CONFLICT DO NOTHING;
INSERT INTO content_has_personnel (content_content_id, personnel_personnel_id) VALUES (147, 567) ON CONFLICT DO NOTHING;
INSERT INTO content_has_personnel (content_content_id, personnel_personnel_id) VALUES (147, 568) ON CONFLICT DO NOTHING;
INSERT INTO content_has_personnel (content_content_id, personnel_personnel_id) VALUES (147, 569) ON CONFLICT DO NOTHING;
INSERT INTO content_has_personnel (content_content_id, personnel_personnel_id) VALUES (148, 570) ON CONFLICT DO NOTHING;
INSERT INTO content_has_personnel (content_content_id, personnel_personnel_id) VALUES (148, 571) ON CONFLICT DO NOTHING;
INSERT INTO content_has_personnel (content_content_id, personnel_personnel_id) VALUES (148, 572) ON CONFLICT DO NOTHING;
INSERT INTO content_has_personnel (content_content_id, personnel_personnel_id) VALUES (148, 573) ON CONFLICT DO NOTHING;
INSERT INTO content_has_personnel (content_content_id, personnel_personnel_id) VALUES (148, 574) ON CONFLICT DO NOTHING;
INSERT INTO content_has_personnel (content_content_id, personnel_personnel_id) VALUES (148, 575) ON CONFLICT DO NOTHING;
INSERT INTO content_has_personnel (content_content_id, personnel_personnel_id) VALUES (149, 576) ON CONFLICT DO NOTHING;
INSERT INTO content_has_personnel (content_content_id, personnel_personnel_id) VALUES (149, 577) ON CONFLICT DO NOTHING;
INSERT INTO content_has_personnel (content_content_id, personnel_personnel_id) VALUES (149, 578) ON CONFLICT DO NOTHING;
INSERT INTO content_has_personnel (content_content_id, personnel_personnel_id) VALUES (149, 579) ON CONFLICT DO NOTHING;
INSERT INTO content_has_personnel (content_content_id, personnel_personnel_id) VALUES (149, 580) ON CONFLICT DO NOTHING;
INSERT INTO content_has_personnel (content_content_id, personnel_personnel_id) VALUES (149, 581) ON CONFLICT DO NOTHING;
INSERT INTO content_has_personnel (content_content_id, personnel_personnel_id) VALUES (150, 582) ON CONFLICT DO NOTHING;
INSERT INTO content_has_personnel (content_content_id, personnel_personnel_id) VALUES (150, 583) ON CONFLICT DO NOTHING;
INSERT INTO content_has_personnel (content_content_id, personnel_personnel_id) VALUES (150, 584) ON CONFLICT DO NOTHING;
INSERT INTO content_has_personnel (content_content_id, personnel_personnel_id) VALUES (150, 585) ON CONFLICT DO NOTHING;
INSERT INTO content_has_personnel (content_content_id, personnel_personnel_id) VALUES (150, 586) ON CONFLICT DO NOTHING;
INSERT INTO content_has_personnel (content_content_id, personnel_personnel_id) VALUES (150, 587) ON CONFLICT DO NOTHING;
INSERT INTO content_has_personnel (content_content_id, personnel_personnel_id) VALUES (151, 588) ON CONFLICT DO NOTHING;
INSERT INTO content_has_personnel (content_content_id, personnel_personnel_id) VALUES (151, 589) ON CONFLICT DO NOTHING;
INSERT INTO content_has_personnel (content_content_id, personnel_personnel_id) VALUES (151, 590) ON CONFLICT DO NOTHING;
INSERT INTO content_has_personnel (content_content_id, personnel_personnel_id) VALUES (151, 591) ON CONFLICT DO NOTHING;
INSERT INTO content_has_personnel (content_content_id, personnel_personnel_id) VALUES (151, 592) ON CONFLICT DO NOTHING;
INSERT INTO content_has_personnel (content_content_id, personnel_personnel_id) VALUES (151, 593) ON CONFLICT DO NOTHING;
INSERT INTO content_has_personnel (content_content_id, personnel_personnel_id) VALUES (152, 594) ON CONFLICT DO NOTHING;
INSERT INTO content_has_personnel (content_content_id, personnel_personnel_id) VALUES (152, 595) ON CONFLICT DO NOTHING;
INSERT INTO content_has_personnel (content_content_id, personnel_personnel_id) VALUES (152, 596) ON CONFLICT DO NOTHING;
INSERT INTO content_has_personnel (content_content_id, personnel_personnel_id) VALUES (152, 597) ON CONFLICT DO NOTHING;
INSERT INTO content_has_personnel (content_content_id, personnel_personnel_id) VALUES (152, 598) ON CONFLICT DO NOTHING;
INSERT INTO content_has_personnel (content_content_id, personnel_personnel_id) VALUES (152, 599) ON CONFLICT DO NOTHING;
INSERT INTO content_has_personnel (content_content_id, personnel_personnel_id) VALUES (153, 600) ON CONFLICT DO NOTHING;
INSERT INTO content_has_personnel (content_content_id, personnel_personnel_id) VALUES (153, 601) ON CONFLICT DO NOTHING;
INSERT INTO content_has_personnel (content_content_id, personnel_personnel_id) VALUES (153, 602) ON CONFLICT DO NOTHING;
INSERT INTO content_has_personnel (content_content_id, personnel_personnel_id) VALUES (153, 603) ON CONFLICT DO NOTHING;
INSERT INTO content_has_personnel (content_content_id, personnel_personnel_id) VALUES (153, 604) ON CONFLICT DO NOTHING;
INSERT INTO content_has_personnel (content_content_id, personnel_personnel_id) VALUES (153, 605) ON CONFLICT DO NOTHING;
INSERT INTO content_has_personnel (content_content_id, personnel_personnel_id) VALUES (154, 606) ON CONFLICT DO NOTHING;
INSERT INTO content_has_personnel (content_content_id, personnel_personnel_id) VALUES (154, 607) ON CONFLICT DO NOTHING;
INSERT INTO content_has_personnel (content_content_id, personnel_personnel_id) VALUES (154, 608) ON CONFLICT DO NOTHING;
INSERT INTO content_has_personnel (content_content_id, personnel_personnel_id) VALUES (154, 609) ON CONFLICT DO NOTHING;
INSERT INTO content_has_personnel (content_content_id, personnel_personnel_id) VALUES (154, 610) ON CONFLICT DO NOTHING;
INSERT INTO content_has_personnel (content_content_id, personnel_personnel_id) VALUES (154, 611) ON CONFLICT DO NOTHING;
INSERT INTO content_has_personnel (content_content_id, personnel_personnel_id) VALUES (155, 612) ON CONFLICT DO NOTHING;
INSERT INTO content_has_personnel (content_content_id, personnel_personnel_id) VALUES (155, 613) ON CONFLICT DO NOTHING;
INSERT INTO content_has_personnel (content_content_id, personnel_personnel_id) VALUES (155, 614) ON CONFLICT DO NOTHING;
INSERT INTO content_has_personnel (content_content_id, personnel_personnel_id) VALUES (155, 615) ON CONFLICT DO NOTHING;
INSERT INTO content_has_personnel (content_content_id, personnel_personnel_id) VALUES (155, 616) ON CONFLICT DO NOTHING;
INSERT INTO content_has_personnel (content_content_id, personnel_personnel_id) VALUES (155, 617) ON CONFLICT DO NOTHING;
INSERT INTO content_has_personnel (content_content_id, personnel_personnel_id) VALUES (156, 618) ON CONFLICT DO NOTHING;
INSERT INTO content_has_personnel (content_content_id, personnel_personnel_id) VALUES (156, 214) ON CONFLICT DO NOTHING;
INSERT INTO content_has_personnel (content_content_id, personnel_personnel_id) VALUES (156, 619) ON CONFLICT DO NOTHING;
INSERT INTO content_has_personnel (content_content_id, personnel_personnel_id) VALUES (156, 620) ON CONFLICT DO NOTHING;
INSERT INTO content_has_personnel (content_content_id, personnel_personnel_id) VALUES (156, 621) ON CONFLICT DO NOTHING;
INSERT INTO content_has_personnel (content_content_id, personnel_personnel_id) VALUES (156, 622) ON CONFLICT DO NOTHING;
INSERT INTO content_has_personnel (content_content_id, personnel_personnel_id) VALUES (157, 623) ON CONFLICT DO NOTHING;
INSERT INTO content_has_personnel (content_content_id, personnel_personnel_id) VALUES (157, 624) ON CONFLICT DO NOTHING;
INSERT INTO content_has_personnel (content_content_id, personnel_personnel_id) VALUES (157, 625) ON CONFLICT DO NOTHING;
INSERT INTO content_has_personnel (content_content_id, personnel_personnel_id) VALUES (157, 626) ON CONFLICT DO NOTHING;
INSERT INTO content_has_personnel (content_content_id, personnel_personnel_id) VALUES (157, 627) ON CONFLICT DO NOTHING;
INSERT INTO content_has_personnel (content_content_id, personnel_personnel_id) VALUES (157, 628) ON CONFLICT DO NOTHING;
INSERT INTO content_has_personnel (content_content_id, personnel_personnel_id) VALUES (158, 629) ON CONFLICT DO NOTHING;
INSERT INTO content_has_personnel (content_content_id, personnel_personnel_id) VALUES (158, 630) ON CONFLICT DO NOTHING;
INSERT INTO content_has_personnel (content_content_id, personnel_personnel_id) VALUES (158, 631) ON CONFLICT DO NOTHING;
INSERT INTO content_has_personnel (content_content_id, personnel_personnel_id) VALUES (158, 632) ON CONFLICT DO NOTHING;
INSERT INTO content_has_personnel (content_content_id, personnel_personnel_id) VALUES (158, 633) ON CONFLICT DO NOTHING;
INSERT INTO content_has_personnel (content_content_id, personnel_personnel_id) VALUES (158, 634) ON CONFLICT DO NOTHING;
INSERT INTO content_has_personnel (content_content_id, personnel_personnel_id) VALUES (159, 635) ON CONFLICT DO NOTHING;
INSERT INTO content_has_personnel (content_content_id, personnel_personnel_id) VALUES (159, 635) ON CONFLICT DO NOTHING;
INSERT INTO content_has_personnel (content_content_id, personnel_personnel_id) VALUES (159, 636) ON CONFLICT DO NOTHING;
INSERT INTO content_has_personnel (content_content_id, personnel_personnel_id) VALUES (159, 635) ON CONFLICT DO NOTHING;
INSERT INTO content_has_personnel (content_content_id, personnel_personnel_id) VALUES (159, 637) ON CONFLICT DO NOTHING;
INSERT INTO content_has_personnel (content_content_id, personnel_personnel_id) VALUES (159, 638) ON CONFLICT DO NOTHING;
INSERT INTO content_has_personnel (content_content_id, personnel_personnel_id) VALUES (160, 639) ON CONFLICT DO NOTHING;
INSERT INTO content_has_personnel (content_content_id, personnel_personnel_id) VALUES (160, 640) ON CONFLICT DO NOTHING;
INSERT INTO content_has_personnel (content_content_id, personnel_personnel_id) VALUES (160, 641) ON CONFLICT DO NOTHING;
INSERT INTO content_has_personnel (content_content_id, personnel_personnel_id) VALUES (160, 642) ON CONFLICT DO NOTHING;
INSERT INTO content_has_personnel (content_content_id, personnel_personnel_id) VALUES (160, 643) ON CONFLICT DO NOTHING;
INSERT INTO content_has_personnel (content_content_id, personnel_personnel_id) VALUES (160, 644) ON CONFLICT DO NOTHING;
INSERT INTO content_has_personnel (content_content_id, personnel_personnel_id) VALUES (161, 645) ON CONFLICT DO NOTHING;
INSERT INTO content_has_personnel (content_content_id, personnel_personnel_id) VALUES (161, 646) ON CONFLICT DO NOTHING;
INSERT INTO content_has_personnel (content_content_id, personnel_personnel_id) VALUES (161, 647) ON CONFLICT DO NOTHING;
INSERT INTO content_has_personnel (content_content_id, personnel_personnel_id) VALUES (161, 648) ON CONFLICT DO NOTHING;
INSERT INTO content_has_personnel (content_content_id, personnel_personnel_id) VALUES (161, 649) ON CONFLICT DO NOTHING;
INSERT INTO content_has_personnel (content_content_id, personnel_personnel_id) VALUES (161, 650) ON CONFLICT DO NOTHING;
INSERT INTO content_has_personnel (content_content_id, personnel_personnel_id) VALUES (162, 651) ON CONFLICT DO NOTHING;
INSERT INTO content_has_personnel (content_content_id, personnel_personnel_id) VALUES (162, 652) ON CONFLICT DO NOTHING;
INSERT INTO content_has_personnel (content_content_id, personnel_personnel_id) VALUES (162, 653) ON CONFLICT DO NOTHING;
INSERT INTO content_has_personnel (content_content_id, personnel_personnel_id) VALUES (162, 654) ON CONFLICT DO NOTHING;
INSERT INTO content_has_personnel (content_content_id, personnel_personnel_id) VALUES (162, 655) ON CONFLICT DO NOTHING;
INSERT INTO content_has_personnel (content_content_id, personnel_personnel_id) VALUES (162, 656) ON CONFLICT DO NOTHING;
INSERT INTO content_has_personnel (content_content_id, personnel_personnel_id) VALUES (163, 657) ON CONFLICT DO NOTHING;
INSERT INTO content_has_personnel (content_content_id, personnel_personnel_id) VALUES (163, 658) ON CONFLICT DO NOTHING;
INSERT INTO content_has_personnel (content_content_id, personnel_personnel_id) VALUES (163, 659) ON CONFLICT DO NOTHING;
INSERT INTO content_has_personnel (content_content_id, personnel_personnel_id) VALUES (163, 660) ON CONFLICT DO NOTHING;
INSERT INTO content_has_personnel (content_content_id, personnel_personnel_id) VALUES (163, 661) ON CONFLICT DO NOTHING;
INSERT INTO content_has_personnel (content_content_id, personnel_personnel_id) VALUES (163, 662) ON CONFLICT DO NOTHING;
INSERT INTO content_has_personnel (content_content_id, personnel_personnel_id) VALUES (164, 663) ON CONFLICT DO NOTHING;
INSERT INTO content_has_personnel (content_content_id, personnel_personnel_id) VALUES (164, 664) ON CONFLICT DO NOTHING;
INSERT INTO content_has_personnel (content_content_id, personnel_personnel_id) VALUES (164, 665) ON CONFLICT DO NOTHING;
INSERT INTO content_has_personnel (content_content_id, personnel_personnel_id) VALUES (164, 666) ON CONFLICT DO NOTHING;
INSERT INTO content_has_personnel (content_content_id, personnel_personnel_id) VALUES (164, 667) ON CONFLICT DO NOTHING;
INSERT INTO content_has_personnel (content_content_id, personnel_personnel_id) VALUES (164, 668) ON CONFLICT DO NOTHING;
INSERT INTO content_has_personnel (content_content_id, personnel_personnel_id) VALUES (165, 669) ON CONFLICT DO NOTHING;
INSERT INTO content_has_personnel (content_content_id, personnel_personnel_id) VALUES (165, 670) ON CONFLICT DO NOTHING;
INSERT INTO content_has_personnel (content_content_id, personnel_personnel_id) VALUES (165, 671) ON CONFLICT DO NOTHING;
INSERT INTO content_has_personnel (content_content_id, personnel_personnel_id) VALUES (165, 672) ON CONFLICT DO NOTHING;
INSERT INTO content_has_personnel (content_content_id, personnel_personnel_id) VALUES (165, 673) ON CONFLICT DO NOTHING;
INSERT INTO content_has_personnel (content_content_id, personnel_personnel_id) VALUES (165, 674) ON CONFLICT DO NOTHING;
INSERT INTO content_has_personnel (content_content_id, personnel_personnel_id) VALUES (166, 675) ON CONFLICT DO NOTHING;
INSERT INTO content_has_personnel (content_content_id, personnel_personnel_id) VALUES (166, 676) ON CONFLICT DO NOTHING;
INSERT INTO content_has_personnel (content_content_id, personnel_personnel_id) VALUES (166, 677) ON CONFLICT DO NOTHING;
INSERT INTO content_has_personnel (content_content_id, personnel_personnel_id) VALUES (166, 678) ON CONFLICT DO NOTHING;
INSERT INTO content_has_personnel (content_content_id, personnel_personnel_id) VALUES (166, 679) ON CONFLICT DO NOTHING;
INSERT INTO content_has_personnel (content_content_id, personnel_personnel_id) VALUES (166, 680) ON CONFLICT DO NOTHING;
INSERT INTO content_has_personnel (content_content_id, personnel_personnel_id) VALUES (167, 681) ON CONFLICT DO NOTHING;
INSERT INTO content_has_personnel (content_content_id, personnel_personnel_id) VALUES (167, 682) ON CONFLICT DO NOTHING;
INSERT INTO content_has_personnel (content_content_id, personnel_personnel_id) VALUES (167, 683) ON CONFLICT DO NOTHING;
INSERT INTO content_has_personnel (content_content_id, personnel_personnel_id) VALUES (167, 684) ON CONFLICT DO NOTHING;
INSERT INTO content_has_personnel (content_content_id, personnel_personnel_id) VALUES (167, 685) ON CONFLICT DO NOTHING;
INSERT INTO content_has_personnel (content_content_id, personnel_personnel_id) VALUES (167, 686) ON CONFLICT DO NOTHING;
INSERT INTO content_has_personnel (content_content_id, personnel_personnel_id) VALUES (168, 687) ON CONFLICT DO NOTHING;
INSERT INTO content_has_personnel (content_content_id, personnel_personnel_id) VALUES (168, 688) ON CONFLICT DO NOTHING;
INSERT INTO content_has_personnel (content_content_id, personnel_personnel_id) VALUES (168, 689) ON CONFLICT DO NOTHING;
INSERT INTO content_has_personnel (content_content_id, personnel_personnel_id) VALUES (168, 690) ON CONFLICT DO NOTHING;
INSERT INTO content_has_personnel (content_content_id, personnel_personnel_id) VALUES (168, 691) ON CONFLICT DO NOTHING;
INSERT INTO content_has_personnel (content_content_id, personnel_personnel_id) VALUES (168, 692) ON CONFLICT DO NOTHING;
INSERT INTO content_has_personnel (content_content_id, personnel_personnel_id) VALUES (169, 693) ON CONFLICT DO NOTHING;
INSERT INTO content_has_personnel (content_content_id, personnel_personnel_id) VALUES (169, 694) ON CONFLICT DO NOTHING;
INSERT INTO content_has_personnel (content_content_id, personnel_personnel_id) VALUES (169, 695) ON CONFLICT DO NOTHING;
INSERT INTO content_has_personnel (content_content_id, personnel_personnel_id) VALUES (169, 696) ON CONFLICT DO NOTHING;
INSERT INTO content_has_personnel (content_content_id, personnel_personnel_id) VALUES (169, 697) ON CONFLICT DO NOTHING;
INSERT INTO content_has_personnel (content_content_id, personnel_personnel_id) VALUES (169, 698) ON CONFLICT DO NOTHING;
INSERT INTO content_has_personnel (content_content_id, personnel_personnel_id) VALUES (170, 699) ON CONFLICT DO NOTHING;
INSERT INTO content_has_personnel (content_content_id, personnel_personnel_id) VALUES (170, 700) ON CONFLICT DO NOTHING;
INSERT INTO content_has_personnel (content_content_id, personnel_personnel_id) VALUES (170, 701) ON CONFLICT DO NOTHING;
INSERT INTO content_has_personnel (content_content_id, personnel_personnel_id) VALUES (170, 702) ON CONFLICT DO NOTHING;
INSERT INTO content_has_personnel (content_content_id, personnel_personnel_id) VALUES (170, 703) ON CONFLICT DO NOTHING;
INSERT INTO content_has_personnel (content_content_id, personnel_personnel_id) VALUES (170, 704) ON CONFLICT DO NOTHING;
INSERT INTO content_has_personnel (content_content_id, personnel_personnel_id) VALUES (171, 705) ON CONFLICT DO NOTHING;
INSERT INTO content_has_personnel (content_content_id, personnel_personnel_id) VALUES (171, 706) ON CONFLICT DO NOTHING;
INSERT INTO content_has_personnel (content_content_id, personnel_personnel_id) VALUES (171, 707) ON CONFLICT DO NOTHING;
INSERT INTO content_has_personnel (content_content_id, personnel_personnel_id) VALUES (171, 708) ON CONFLICT DO NOTHING;
INSERT INTO content_has_personnel (content_content_id, personnel_personnel_id) VALUES (171, 709) ON CONFLICT DO NOTHING;
INSERT INTO content_has_personnel (content_content_id, personnel_personnel_id) VALUES (171, 710) ON CONFLICT DO NOTHING;
INSERT INTO content_has_personnel (content_content_id, personnel_personnel_id) VALUES (172, 711) ON CONFLICT DO NOTHING;
INSERT INTO content_has_personnel (content_content_id, personnel_personnel_id) VALUES (172, 712) ON CONFLICT DO NOTHING;
INSERT INTO content_has_personnel (content_content_id, personnel_personnel_id) VALUES (172, 713) ON CONFLICT DO NOTHING;
INSERT INTO content_has_personnel (content_content_id, personnel_personnel_id) VALUES (172, 714) ON CONFLICT DO NOTHING;
INSERT INTO content_has_personnel (content_content_id, personnel_personnel_id) VALUES (172, 715) ON CONFLICT DO NOTHING;
INSERT INTO content_has_personnel (content_content_id, personnel_personnel_id) VALUES (172, 716) ON CONFLICT DO NOTHING;
INSERT INTO content_has_personnel (content_content_id, personnel_personnel_id) VALUES (173, 717) ON CONFLICT DO NOTHING;
INSERT INTO content_has_personnel (content_content_id, personnel_personnel_id) VALUES (173, 718) ON CONFLICT DO NOTHING;
INSERT INTO content_has_personnel (content_content_id, personnel_personnel_id) VALUES (173, 719) ON CONFLICT DO NOTHING;
INSERT INTO content_has_personnel (content_content_id, personnel_personnel_id) VALUES (173, 720) ON CONFLICT DO NOTHING;
INSERT INTO content_has_personnel (content_content_id, personnel_personnel_id) VALUES (173, 721) ON CONFLICT DO NOTHING;
INSERT INTO content_has_personnel (content_content_id, personnel_personnel_id) VALUES (173, 722) ON CONFLICT DO NOTHING;
INSERT INTO content_has_personnel (content_content_id, personnel_personnel_id) VALUES (174, 723) ON CONFLICT DO NOTHING;
INSERT INTO content_has_personnel (content_content_id, personnel_personnel_id) VALUES (174, 724) ON CONFLICT DO NOTHING;
INSERT INTO content_has_personnel (content_content_id, personnel_personnel_id) VALUES (174, 725) ON CONFLICT DO NOTHING;
INSERT INTO content_has_personnel (content_content_id, personnel_personnel_id) VALUES (174, 726) ON CONFLICT DO NOTHING;
INSERT INTO content_has_personnel (content_content_id, personnel_personnel_id) VALUES (174, 727) ON CONFLICT DO NOTHING;
INSERT INTO content_has_personnel (content_content_id, personnel_personnel_id) VALUES (174, 728) ON CONFLICT DO NOTHING;
INSERT INTO content_has_personnel (content_content_id, personnel_personnel_id) VALUES (175, 729) ON CONFLICT DO NOTHING;
INSERT INTO content_has_personnel (content_content_id, personnel_personnel_id) VALUES (175, 730) ON CONFLICT DO NOTHING;
INSERT INTO content_has_personnel (content_content_id, personnel_personnel_id) VALUES (175, 731) ON CONFLICT DO NOTHING;
INSERT INTO content_has_personnel (content_content_id, personnel_personnel_id) VALUES (175, 732) ON CONFLICT DO NOTHING;
INSERT INTO content_has_personnel (content_content_id, personnel_personnel_id) VALUES (175, 733) ON CONFLICT DO NOTHING;
INSERT INTO content_has_personnel (content_content_id, personnel_personnel_id) VALUES (175, 734) ON CONFLICT DO NOTHING;
INSERT INTO content_has_personnel (content_content_id, personnel_personnel_id) VALUES (176, 735) ON CONFLICT DO NOTHING;
INSERT INTO content_has_personnel (content_content_id, personnel_personnel_id) VALUES (176, 736) ON CONFLICT DO NOTHING;
INSERT INTO content_has_personnel (content_content_id, personnel_personnel_id) VALUES (176, 737) ON CONFLICT DO NOTHING;
INSERT INTO content_has_personnel (content_content_id, personnel_personnel_id) VALUES (176, 738) ON CONFLICT DO NOTHING;
INSERT INTO content_has_personnel (content_content_id, personnel_personnel_id) VALUES (176, 739) ON CONFLICT DO NOTHING;
INSERT INTO content_has_personnel (content_content_id, personnel_personnel_id) VALUES (177, 740) ON CONFLICT DO NOTHING;
INSERT INTO content_has_personnel (content_content_id, personnel_personnel_id) VALUES (177, 741) ON CONFLICT DO NOTHING;
INSERT INTO content_has_personnel (content_content_id, personnel_personnel_id) VALUES (177, 742) ON CONFLICT DO NOTHING;
INSERT INTO content_has_personnel (content_content_id, personnel_personnel_id) VALUES (177, 743) ON CONFLICT DO NOTHING;
INSERT INTO content_has_personnel (content_content_id, personnel_personnel_id) VALUES (177, 180) ON CONFLICT DO NOTHING;
INSERT INTO content_has_personnel (content_content_id, personnel_personnel_id) VALUES (177, 744) ON CONFLICT DO NOTHING;
INSERT INTO content_has_personnel (content_content_id, personnel_personnel_id) VALUES (178, 745) ON CONFLICT DO NOTHING;
INSERT INTO content_has_personnel (content_content_id, personnel_personnel_id) VALUES (178, 746) ON CONFLICT DO NOTHING;
INSERT INTO content_has_personnel (content_content_id, personnel_personnel_id) VALUES (178, 747) ON CONFLICT DO NOTHING;
INSERT INTO content_has_personnel (content_content_id, personnel_personnel_id) VALUES (178, 748) ON CONFLICT DO NOTHING;
INSERT INTO content_has_personnel (content_content_id, personnel_personnel_id) VALUES (178, 749) ON CONFLICT DO NOTHING;
INSERT INTO content_has_personnel (content_content_id, personnel_personnel_id) VALUES (178, 750) ON CONFLICT DO NOTHING;
INSERT INTO content_has_personnel (content_content_id, personnel_personnel_id) VALUES (179, 751) ON CONFLICT DO NOTHING;
INSERT INTO content_has_personnel (content_content_id, personnel_personnel_id) VALUES (179, 752) ON CONFLICT DO NOTHING;
INSERT INTO content_has_personnel (content_content_id, personnel_personnel_id) VALUES (179, 753) ON CONFLICT DO NOTHING;
INSERT INTO content_has_personnel (content_content_id, personnel_personnel_id) VALUES (179, 754) ON CONFLICT DO NOTHING;
INSERT INTO content_has_personnel (content_content_id, personnel_personnel_id) VALUES (179, 755) ON CONFLICT DO NOTHING;
INSERT INTO content_has_personnel (content_content_id, personnel_personnel_id) VALUES (179, 756) ON CONFLICT DO NOTHING;
INSERT INTO content_has_personnel (content_content_id, personnel_personnel_id) VALUES (180, 757) ON CONFLICT DO NOTHING;
INSERT INTO content_has_personnel (content_content_id, personnel_personnel_id) VALUES (180, 758) ON CONFLICT DO NOTHING;
INSERT INTO content_has_personnel (content_content_id, personnel_personnel_id) VALUES (180, 759) ON CONFLICT DO NOTHING;
INSERT INTO content_has_personnel (content_content_id, personnel_personnel_id) VALUES (180, 760) ON CONFLICT DO NOTHING;
INSERT INTO content_has_personnel (content_content_id, personnel_personnel_id) VALUES (180, 761) ON CONFLICT DO NOTHING;
INSERT INTO content_has_personnel (content_content_id, personnel_personnel_id) VALUES (180, 762) ON CONFLICT DO NOTHING;
INSERT INTO content_has_personnel (content_content_id, personnel_personnel_id) VALUES (181, 763) ON CONFLICT DO NOTHING;
INSERT INTO content_has_personnel (content_content_id, personnel_personnel_id) VALUES (181, 764) ON CONFLICT DO NOTHING;
INSERT INTO content_has_personnel (content_content_id, personnel_personnel_id) VALUES (181, 765) ON CONFLICT DO NOTHING;
INSERT INTO content_has_personnel (content_content_id, personnel_personnel_id) VALUES (181, 766) ON CONFLICT DO NOTHING;
INSERT INTO content_has_personnel (content_content_id, personnel_personnel_id) VALUES (181, 767) ON CONFLICT DO NOTHING;
INSERT INTO content_has_personnel (content_content_id, personnel_personnel_id) VALUES (181, 768) ON CONFLICT DO NOTHING;
INSERT INTO content_has_personnel (content_content_id, personnel_personnel_id) VALUES (182, 769) ON CONFLICT DO NOTHING;
INSERT INTO content_has_personnel (content_content_id, personnel_personnel_id) VALUES (182, 770) ON CONFLICT DO NOTHING;
INSERT INTO content_has_personnel (content_content_id, personnel_personnel_id) VALUES (182, 771) ON CONFLICT DO NOTHING;
INSERT INTO content_has_personnel (content_content_id, personnel_personnel_id) VALUES (182, 772) ON CONFLICT DO NOTHING;
INSERT INTO content_has_personnel (content_content_id, personnel_personnel_id) VALUES (182, 773) ON CONFLICT DO NOTHING;
INSERT INTO content_has_personnel (content_content_id, personnel_personnel_id) VALUES (182, 771) ON CONFLICT DO NOTHING;
INSERT INTO content_has_personnel (content_content_id, personnel_personnel_id) VALUES (183, 774) ON CONFLICT DO NOTHING;
INSERT INTO content_has_personnel (content_content_id, personnel_personnel_id) VALUES (183, 775) ON CONFLICT DO NOTHING;
INSERT INTO content_has_personnel (content_content_id, personnel_personnel_id) VALUES (183, 776) ON CONFLICT DO NOTHING;
INSERT INTO content_has_personnel (content_content_id, personnel_personnel_id) VALUES (183, 777) ON CONFLICT DO NOTHING;
INSERT INTO content_has_personnel (content_content_id, personnel_personnel_id) VALUES (183, 778) ON CONFLICT DO NOTHING;
INSERT INTO content_has_personnel (content_content_id, personnel_personnel_id) VALUES (184, 240) ON CONFLICT DO NOTHING;
INSERT INTO content_has_personnel (content_content_id, personnel_personnel_id) VALUES (184, 779) ON CONFLICT DO NOTHING;
INSERT INTO content_has_personnel (content_content_id, personnel_personnel_id) VALUES (184, 780) ON CONFLICT DO NOTHING;
INSERT INTO content_has_personnel (content_content_id, personnel_personnel_id) VALUES (184, 781) ON CONFLICT DO NOTHING;
INSERT INTO content_has_personnel (content_content_id, personnel_personnel_id) VALUES (184, 782) ON CONFLICT DO NOTHING;
INSERT INTO content_has_personnel (content_content_id, personnel_personnel_id) VALUES (184, 783) ON CONFLICT DO NOTHING;
INSERT INTO content_has_personnel (content_content_id, personnel_personnel_id) VALUES (185, 784) ON CONFLICT DO NOTHING;
INSERT INTO content_has_personnel (content_content_id, personnel_personnel_id) VALUES (185, 785) ON CONFLICT DO NOTHING;
INSERT INTO content_has_personnel (content_content_id, personnel_personnel_id) VALUES (185, 786) ON CONFLICT DO NOTHING;
INSERT INTO content_has_personnel (content_content_id, personnel_personnel_id) VALUES (185, 787) ON CONFLICT DO NOTHING;
INSERT INTO content_has_personnel (content_content_id, personnel_personnel_id) VALUES (185, 788) ON CONFLICT DO NOTHING;
INSERT INTO content_has_personnel (content_content_id, personnel_personnel_id) VALUES (185, 789) ON CONFLICT DO NOTHING;
INSERT INTO content_has_personnel (content_content_id, personnel_personnel_id) VALUES (186, 790) ON CONFLICT DO NOTHING;
INSERT INTO content_has_personnel (content_content_id, personnel_personnel_id) VALUES (186, 791) ON CONFLICT DO NOTHING;
INSERT INTO content_has_personnel (content_content_id, personnel_personnel_id) VALUES (186, 792) ON CONFLICT DO NOTHING;
INSERT INTO content_has_personnel (content_content_id, personnel_personnel_id) VALUES (186, 793) ON CONFLICT DO NOTHING;
INSERT INTO content_has_personnel (content_content_id, personnel_personnel_id) VALUES (186, 794) ON CONFLICT DO NOTHING;
INSERT INTO content_has_personnel (content_content_id, personnel_personnel_id) VALUES (186, 795) ON CONFLICT DO NOTHING;
INSERT INTO content_has_personnel (content_content_id, personnel_personnel_id) VALUES (187, 796) ON CONFLICT DO NOTHING;
INSERT INTO content_has_personnel (content_content_id, personnel_personnel_id) VALUES (187, 797) ON CONFLICT DO NOTHING;
INSERT INTO content_has_personnel (content_content_id, personnel_personnel_id) VALUES (187, 798) ON CONFLICT DO NOTHING;
INSERT INTO content_has_personnel (content_content_id, personnel_personnel_id) VALUES (187, 799) ON CONFLICT DO NOTHING;
INSERT INTO content_has_personnel (content_content_id, personnel_personnel_id) VALUES (188, 800) ON CONFLICT DO NOTHING;
INSERT INTO content_has_personnel (content_content_id, personnel_personnel_id) VALUES (188, 801) ON CONFLICT DO NOTHING;
INSERT INTO content_has_personnel (content_content_id, personnel_personnel_id) VALUES (188, 802) ON CONFLICT DO NOTHING;
INSERT INTO content_has_personnel (content_content_id, personnel_personnel_id) VALUES (188, 803) ON CONFLICT DO NOTHING;
INSERT INTO content_has_personnel (content_content_id, personnel_personnel_id) VALUES (188, 804) ON CONFLICT DO NOTHING;
INSERT INTO content_has_personnel (content_content_id, personnel_personnel_id) VALUES (188, 805) ON CONFLICT DO NOTHING;
INSERT INTO content_has_personnel (content_content_id, personnel_personnel_id) VALUES (189, 724) ON CONFLICT DO NOTHING;
INSERT INTO content_has_personnel (content_content_id, personnel_personnel_id) VALUES (189, 806) ON CONFLICT DO NOTHING;
INSERT INTO content_has_personnel (content_content_id, personnel_personnel_id) VALUES (189, 807) ON CONFLICT DO NOTHING;
INSERT INTO content_has_personnel (content_content_id, personnel_personnel_id) VALUES (189, 808) ON CONFLICT DO NOTHING;
INSERT INTO content_has_personnel (content_content_id, personnel_personnel_id) VALUES (189, 809) ON CONFLICT DO NOTHING;
INSERT INTO content_has_personnel (content_content_id, personnel_personnel_id) VALUES (189, 810) ON CONFLICT DO NOTHING;
INSERT INTO content_has_personnel (content_content_id, personnel_personnel_id) VALUES (190, 811) ON CONFLICT DO NOTHING;
INSERT INTO content_has_personnel (content_content_id, personnel_personnel_id) VALUES (190, 812) ON CONFLICT DO NOTHING;
INSERT INTO content_has_personnel (content_content_id, personnel_personnel_id) VALUES (190, 813) ON CONFLICT DO NOTHING;
INSERT INTO content_has_personnel (content_content_id, personnel_personnel_id) VALUES (190, 814) ON CONFLICT DO NOTHING;
INSERT INTO content_has_personnel (content_content_id, personnel_personnel_id) VALUES (190, 815) ON CONFLICT DO NOTHING;
INSERT INTO content_has_personnel (content_content_id, personnel_personnel_id) VALUES (190, 816) ON CONFLICT DO NOTHING;
INSERT INTO content_has_personnel (content_content_id, personnel_personnel_id) VALUES (191, 817) ON CONFLICT DO NOTHING;
INSERT INTO content_has_personnel (content_content_id, personnel_personnel_id) VALUES (191, 818) ON CONFLICT DO NOTHING;
INSERT INTO content_has_personnel (content_content_id, personnel_personnel_id) VALUES (191, 819) ON CONFLICT DO NOTHING;
INSERT INTO content_has_personnel (content_content_id, personnel_personnel_id) VALUES (191, 820) ON CONFLICT DO NOTHING;
INSERT INTO content_has_personnel (content_content_id, personnel_personnel_id) VALUES (191, 821) ON CONFLICT DO NOTHING;
INSERT INTO content_has_personnel (content_content_id, personnel_personnel_id) VALUES (191, 822) ON CONFLICT DO NOTHING;
INSERT INTO content_has_personnel (content_content_id, personnel_personnel_id) VALUES (192, 823) ON CONFLICT DO NOTHING;
INSERT INTO content_has_personnel (content_content_id, personnel_personnel_id) VALUES (192, 824) ON CONFLICT DO NOTHING;
INSERT INTO content_has_personnel (content_content_id, personnel_personnel_id) VALUES (192, 825) ON CONFLICT DO NOTHING;
INSERT INTO content_has_personnel (content_content_id, personnel_personnel_id) VALUES (192, 826) ON CONFLICT DO NOTHING;
INSERT INTO content_has_personnel (content_content_id, personnel_personnel_id) VALUES (192, 827) ON CONFLICT DO NOTHING;
INSERT INTO content_has_personnel (content_content_id, personnel_personnel_id) VALUES (192, 828) ON CONFLICT DO NOTHING;
INSERT INTO content_has_personnel (content_content_id, personnel_personnel_id) VALUES (193, 829) ON CONFLICT DO NOTHING;
INSERT INTO content_has_personnel (content_content_id, personnel_personnel_id) VALUES (193, 830) ON CONFLICT DO NOTHING;
INSERT INTO content_has_personnel (content_content_id, personnel_personnel_id) VALUES (193, 831) ON CONFLICT DO NOTHING;
INSERT INTO content_has_personnel (content_content_id, personnel_personnel_id) VALUES (193, 832) ON CONFLICT DO NOTHING;
INSERT INTO content_has_personnel (content_content_id, personnel_personnel_id) VALUES (193, 833) ON CONFLICT DO NOTHING;
INSERT INTO content_has_personnel (content_content_id, personnel_personnel_id) VALUES (193, 834) ON CONFLICT DO NOTHING;
INSERT INTO content_has_personnel (content_content_id, personnel_personnel_id) VALUES (194, 835) ON CONFLICT DO NOTHING;
INSERT INTO content_has_personnel (content_content_id, personnel_personnel_id) VALUES (194, 836) ON CONFLICT DO NOTHING;
INSERT INTO content_has_personnel (content_content_id, personnel_personnel_id) VALUES (194, 837) ON CONFLICT DO NOTHING;
INSERT INTO content_has_personnel (content_content_id, personnel_personnel_id) VALUES (194, 838) ON CONFLICT DO NOTHING;
INSERT INTO content_has_personnel (content_content_id, personnel_personnel_id) VALUES (194, 839) ON CONFLICT DO NOTHING;
INSERT INTO content_has_personnel (content_content_id, personnel_personnel_id) VALUES (194, 840) ON CONFLICT DO NOTHING;
INSERT INTO content_has_personnel (content_content_id, personnel_personnel_id) VALUES (195, 841) ON CONFLICT DO NOTHING;
INSERT INTO content_has_personnel (content_content_id, personnel_personnel_id) VALUES (195, 842) ON CONFLICT DO NOTHING;
INSERT INTO content_has_personnel (content_content_id, personnel_personnel_id) VALUES (195, 843) ON CONFLICT DO NOTHING;
INSERT INTO content_has_personnel (content_content_id, personnel_personnel_id) VALUES (195, 844) ON CONFLICT DO NOTHING;
INSERT INTO content_has_personnel (content_content_id, personnel_personnel_id) VALUES (195, 845) ON CONFLICT DO NOTHING;
INSERT INTO content_has_personnel (content_content_id, personnel_personnel_id) VALUES (195, 846) ON CONFLICT DO NOTHING;
INSERT INTO content_has_personnel (content_content_id, personnel_personnel_id) VALUES (196, 847) ON CONFLICT DO NOTHING;
INSERT INTO content_has_personnel (content_content_id, personnel_personnel_id) VALUES (196, 848) ON CONFLICT DO NOTHING;
INSERT INTO content_has_personnel (content_content_id, personnel_personnel_id) VALUES (196, 849) ON CONFLICT DO NOTHING;
INSERT INTO content_has_personnel (content_content_id, personnel_personnel_id) VALUES (196, 850) ON CONFLICT DO NOTHING;
INSERT INTO content_has_personnel (content_content_id, personnel_personnel_id) VALUES (196, 851) ON CONFLICT DO NOTHING;
INSERT INTO content_has_personnel (content_content_id, personnel_personnel_id) VALUES (196, 852) ON CONFLICT DO NOTHING;
INSERT INTO content_has_personnel (content_content_id, personnel_personnel_id) VALUES (197, 853) ON CONFLICT DO NOTHING;
INSERT INTO content_has_personnel (content_content_id, personnel_personnel_id) VALUES (197, 854) ON CONFLICT DO NOTHING;
INSERT INTO content_has_personnel (content_content_id, personnel_personnel_id) VALUES (197, 855) ON CONFLICT DO NOTHING;
INSERT INTO content_has_personnel (content_content_id, personnel_personnel_id) VALUES (197, 856) ON CONFLICT DO NOTHING;
INSERT INTO content_has_personnel (content_content_id, personnel_personnel_id) VALUES (197, 857) ON CONFLICT DO NOTHING;
INSERT INTO content_has_personnel (content_content_id, personnel_personnel_id) VALUES (197, 858) ON CONFLICT DO NOTHING;
INSERT INTO content_has_personnel (content_content_id, personnel_personnel_id) VALUES (198, 859) ON CONFLICT DO NOTHING;
INSERT INTO content_has_personnel (content_content_id, personnel_personnel_id) VALUES (198, 860) ON CONFLICT DO NOTHING;
INSERT INTO content_has_personnel (content_content_id, personnel_personnel_id) VALUES (198, 861) ON CONFLICT DO NOTHING;
INSERT INTO content_has_personnel (content_content_id, personnel_personnel_id) VALUES (198, 862) ON CONFLICT DO NOTHING;
INSERT INTO content_has_personnel (content_content_id, personnel_personnel_id) VALUES (198, 863) ON CONFLICT DO NOTHING;
INSERT INTO content_has_personnel (content_content_id, personnel_personnel_id) VALUES (198, 864) ON CONFLICT DO NOTHING;
INSERT INTO content_has_personnel (content_content_id, personnel_personnel_id) VALUES (199, 865) ON CONFLICT DO NOTHING;
INSERT INTO content_has_personnel (content_content_id, personnel_personnel_id) VALUES (199, 866) ON CONFLICT DO NOTHING;
INSERT INTO content_has_personnel (content_content_id, personnel_personnel_id) VALUES (199, 867) ON CONFLICT DO NOTHING;
INSERT INTO content_has_personnel (content_content_id, personnel_personnel_id) VALUES (199, 868) ON CONFLICT DO NOTHING;
INSERT INTO content_has_personnel (content_content_id, personnel_personnel_id) VALUES (199, 869) ON CONFLICT DO NOTHING;
INSERT INTO content_has_personnel (content_content_id, personnel_personnel_id) VALUES (199, 870) ON CONFLICT DO NOTHING;
INSERT INTO content_has_personnel (content_content_id, personnel_personnel_id) VALUES (200, 871) ON CONFLICT DO NOTHING;
INSERT INTO content_has_personnel (content_content_id, personnel_personnel_id) VALUES (200, 872) ON CONFLICT DO NOTHING;
INSERT INTO content_has_personnel (content_content_id, personnel_personnel_id) VALUES (200, 873) ON CONFLICT DO NOTHING;
INSERT INTO content_has_personnel (content_content_id, personnel_personnel_id) VALUES (200, 874) ON CONFLICT DO NOTHING;
INSERT INTO content_has_personnel (content_content_id, personnel_personnel_id) VALUES (200, 875) ON CONFLICT DO NOTHING;
INSERT INTO content_has_personnel (content_content_id, personnel_personnel_id) VALUES (200, 876) ON CONFLICT DO NOTHING;

-- =========================================================
-- CONTENT_HAS_LIST (put some content into lists)
-- =========================================================

INSERT INTO content_has_list (content_content_id, lists_list_id)
SELECT c.content_id, l.list_id
FROM lists l
JOIN LATERAL (
  SELECT content_id FROM content ORDER BY random() LIMIT 30
) c ON true
ON CONFLICT DO NOTHING;

-- =========================================================
-- REVIEWS (profiles rate movies/shows)
-- =========================================================

INSERT INTO review (title, rating, comment, created_at, profile_profile_id, content_content_id)
SELECT
  (ARRAY['Amazing','Good','Okay','Not great','Masterpiece'])[1+(random()*4)::int],
  (1 + (random()*4)::int)::smallint,
  (ARRAY[
    'Really enjoyed it.',
    'Pretty solid overall.',
    'Could be better.',
    'Not my taste, but fine.',
    'One of the best I have seen.'
  ])[1+(random()*4)::int],
  NOW() - (random()*120 || ' days')::interval,
  p.profile_id,
  c.content_id::int
FROM (SELECT profile_id FROM profile) p
JOIN LATERAL (
  SELECT content_id FROM content ORDER BY random() LIMIT 40
) c ON true;

-- =========================================================
-- FIX SEQUENCES
-- =========================================================

SELECT setval(pg_get_serial_sequence('accounts','account_id'), (SELECT COALESCE(MAX(account_id),1) FROM accounts));
SELECT setval(pg_get_serial_sequence('users','users_id'), (SELECT COALESCE(MAX(users_id),1) FROM users));
SELECT setval(pg_get_serial_sequence('profile','profile_id'), (SELECT COALESCE(MAX(profile_id),1) FROM profile));
SELECT setval(pg_get_serial_sequence('lists','list_id'), (SELECT COALESCE(MAX(list_id),1) FROM lists));
SELECT setval(pg_get_serial_sequence('content','content_id'), (SELECT COALESCE(MAX(content_id),1) FROM content));
SELECT setval(pg_get_serial_sequence('movie','movie_id'), (SELECT COALESCE(MAX(movie_id),1) FROM movie));
SELECT setval(pg_get_serial_sequence('shows','shows_id'), (SELECT COALESCE(MAX(shows_id),1) FROM shows));
SELECT setval(pg_get_serial_sequence('season','season_id'), (SELECT COALESCE(MAX(season_id),1) FROM season));
SELECT setval(pg_get_serial_sequence('episode','episode_id'), (SELECT COALESCE(MAX(episode_id),1) FROM episode));
SELECT setval(pg_get_serial_sequence('genre','genre_id'), (SELECT COALESCE(MAX(genre_id),1) FROM genre));
SELECT setval(pg_get_serial_sequence('personnel','personnel_id'), (SELECT COALESCE(MAX(personnel_id),1) FROM personnel));
SELECT setval(pg_get_serial_sequence('plan','plan_id'), (SELECT COALESCE(MAX(plan_id),1) FROM plan));
SELECT setval(pg_get_serial_sequence('subscription','subscription_id'), (SELECT COALESCE(MAX(subscription_id),1) FROM subscription));
SELECT setval(pg_get_serial_sequence('paymentmethod','paymentmethod_id'), (SELECT COALESCE(MAX(paymentmethod_id),1) FROM paymentmethod));
SELECT setval(pg_get_serial_sequence('payment','payment_id'), (SELECT COALESCE(MAX(payment_id),1) FROM payment));
SELECT setval(pg_get_serial_sequence('receipt','receipt_id'), (SELECT COALESCE(MAX(receipt_id),1) FROM receipt));

COMMIT;
